article_id,title,author,created_at,push_count,url,content,clean_content,tokens,sentiment_label,sentiment_score
M.1788796108.A.E36,Re: [請益] 投資股票有邏輯可言嗎？,STOCKDAMA,2026-09-07 23:48:26,14,https://www.ptt.cc/bbs/Stock/M.1788796108.A.E36.html,"股市要賺錢當然有學術理論依據的啊~

  要正派的像周冠男老師+清流君,相信世界經濟長期向上

  投資0050或美股ETF VT VTI之類的長期持有持續買進不會輸

  像要學什麼旁門左道,譬如不敗,小屁孩學投資,跟軟木塞老師買APP等

  就不能躺著耍廢,而是要一直研究,然後投報長期輸給大盤

  跟你說個小故事

  我媽跟我說他買台積電要放著做長期,買聯發科要做短線,有賺就要跑

  今天早上聯發科大漲到漲停,我問她應該要賣聯發科了吧

  她說她看好聯發科的未來,看新聞說輝達還要投資聯發科

  我跟他說趁現在大漲有賺就趕快賣一賣,別忘了你買聯發科是要做短線做波段的嗎?

  在投資市場上,你說要做短線,可是一套牢就不敢停損或停利,瞬間變長期投資是

  很多散戶投資人都會面臨到的困難,雖然套牢,但要你持續加碼攤平,你也不敢

  就表示你對這間公司沒有信心,不是說好發大財就要選對,抱緊,下大

  投資幾千萬在台積或0050的人一堆,但敢歐印在國巨欣興的就很稀少

  一間人人都說好的公司,是人家股價在跌,還一堆人捧著銀子趁低價撿便宜

  你去看看台股有哪幾間像2330這樣長期趨勢向上的,逢低你還敢買進的公司

  有人說你只要有三千萬,一天只要漲2%,你一天就多了60萬的資產

  所以投資不是要看投報有多高,重要的是你有多少本金可以歐印,才是真的投資邏輯啊~


--","股市要賺錢當然有學術理論依據的啊

  要正派的像周冠男老師清流君相信世界經濟長期向上

  投資0050或美股ETF VT VTI之類的長期持有持續買進不會輸

  像要學什麼旁門左道譬如不敗小屁孩學投資跟軟木塞老師買APP等

  就不能躺著耍廢而是要一直研究然後投報長期輸給大盤

  跟你說個小故事

  我媽跟我說他買台積電要放著做長期買聯發科要做短線有賺就要跑

  今天早上聯發科大漲到漲停我問她應該要賣聯發科了吧

  她說她看好聯發科的未來看新聞說輝達還要投資聯發科

  我跟他說趁現在大漲有賺就趕快賣一賣別忘了你買聯發科是要做短線做波段的嗎

  在投資市場上你說要做短線可是一套牢就不敢停損或停利瞬間變長期投資是

  很多散戶投資人都會面臨到的困難雖然套牢但要你持續加碼攤平你也不敢

  就表示你對這間公司沒有信心不是說好發大財就要選對抱緊下大

  投資幾千萬在台積或0050的人一堆但敢歐印在國巨欣興的就很稀少

  一間人人都說好的公司是人家股價在跌還一堆人捧著銀子趁低價撿便宜

  你去看看台股有哪幾間像2330這樣長期趨勢向上的逢低你還敢買進的公司

  有人說你只要有三千萬一天只要漲2你一天就多了60萬的資產

  所以投資不是要看投報有多高重要的是你有多少本金可以歐印才是真的投資邏輯啊","['股市', '當然', '學術', '理論', '依據', '正派', '周冠', '男老師', '清流', '相信', '世界', '經濟長', '向上', '投資', '0050', '美股', 'ETF', 'VT', 'VTI', '之類', '持有', '持續', '進不會輸', '學什麼', '旁門', '左道', '譬如', '不敗', '小屁孩', '學投資', '木塞', '老師', 'APP', '不能', '而是', '一直', '研究', '然後投', '報長', '期輸給', '大盤', '故事', '我媽', '台積電', '要放著', '做長', '期買聯', '發科要', '短線', '就要', '今天', '早上', '聯發', '科大', '漲到', '我問', '應該', '聯發科', '看好', '聯發科', '未來', '新聞', '說輝', '還要', '投資聯', '發科', '趁現', '大漲', '趕快', '一賣別', '聯發科', '短線', '波段', '投資', '市場', '短線', '可是', '套牢', '不敢', '停損', '停利', '瞬間', '變長', '投資', '很多', '散戶', '投資人', '會面', '臨到', '困難', '雖然', '套牢', '持續', '加碼', '攤平', '不敢', '表示', '這間', '公司', '沒有', '信心', '不是', '發大財', '就要', '選對', '緊下', '投資', '幾千萬', '台積', '0050', '一堆', '但敢', '歐印', '國巨欣興', '稀少', '一間', '人人', '公司', '人家', '股價', '跌還', '一堆', '人捧著', '銀子', '低價', '便宜', '看看', '台股', '幾間', '2330', '這樣', '趨勢', '向上', '還敢', '公司', '有人', '只要', '三千', '一天', '只要', '一天', '60', '資產', '所以', '投資', '不是', '投報', '重要', '多少', '本金', '可以', '歐印', '真的', '投資', '邏輯']",Positive,0.8831982612609863
M.1788795811.A.7D4,[新聞] 馬雲減持 騰訊清倉 華誼兄弟營收下滑44%,Su22,2026-09-07 23:43:29,10,https://www.ptt.cc/bbs/Stock/M.1788795811.A.7D4.html,"馬雲減持 騰訊清倉 華誼兄弟營收下滑44%



2026-09-06 14:12

劉毅



2026年上半年營收僅為8545萬元（人民幣，下同
），44%，同時，。同時
，華誼兄弟股東了所持股份，了華誼兄弟股份。

華誼兄弟日前發布了《2026年半年度報告》公告。公告顯示：2026年上半年，營收為8545
萬元，較上年同期的1.53億元下降44%；淨虧損3639萬元，扣非後淨虧損為4023萬元。同
時，上半年經營活動產生的現金流量淨額為負1869萬元。

北京弘商投資顧問有限公司旗下的雷遞9月5日報導顯示，過去半年，馬雲所持華誼兄弟持
股比例下降了1個百分點，阿里創投持股比例下降0.81個百分點，騰訊已經退出前十股東
行列。顯示。

同時，華誼兄弟創始人為王忠軍、王忠磊兄弟持股比例也在下滑。其中，王忠軍持股比例
下降5.88個百分點，王忠磊持股比例下降0.4個百分點。

報導表示，王忠軍股權比例減少的核心原因是公司最近幾年，王
忠軍股權被持續拍賣。

華誼兄弟傳媒股份有限公司成立於2004年11月19日，總部位於北京市朝陽區，創始人為王
忠軍、王忠磊兄弟，董事長兼法定代表人為王忠軍，主要從事電影、電視劇的製作、發行
及衍生業務。2009年，公司在深圳證券交易所上市。

公開資料顯示2026年4月23日，華誼兄弟因債務糾紛被申請強制清算，2026年5月，華誼兄
弟因60萬案款成老賴。

截至9月4日收盤，，市值49.9億元。


曾經的 中國影視第一股
旗下簽約馮小剛、黃曉明、鄧超、李冰冰、周迅等大咖
製作出《唐山大地震》、《集結號》、《非誠勿擾》、《天下無賊》等電影
現在卻落得悽慘下場,人走茶涼
馬雲,阿里巴巴,騰訊等知名股東紛紛遠離.....
不過騰訊這些股東如果是最近才賣,應該也虧了不少吧?

--

--","馬雲減持 騰訊清倉 華誼兄弟營收下滑44



20260906 1412

劉毅



2026年上半年營收僅為8545萬元人民幣下同
44同時同時
華誼兄弟股東了所持股份了華誼兄弟股份

華誼兄弟日前發布了2026年半年度報告公告公告顯示2026年上半年營收為8545
萬元較上年同期的153億元下降44淨虧損3639萬元扣非後淨虧損為4023萬元同
時上半年經營活動產生的現金流量淨額為負1869萬元

北京弘商投資顧問有限公司旗下的雷遞9月5日報導顯示過去半年馬雲所持華誼兄弟持
股比例下降了1個百分點阿里創投持股比例下降081個百分點騰訊已經退出前十股東
行列顯示

同時華誼兄弟創始人為王忠軍王忠磊兄弟持股比例也在下滑其中王忠軍持股比例
下降588個百分點王忠磊持股比例下降04個百分點

報導表示王忠軍股權比例減少的核心原因是公司最近幾年王
忠軍股權被持續拍賣

華誼兄弟傳媒股份有限公司成立於2004年11月19日總部位於北京市朝陽區創始人為王
忠軍王忠磊兄弟董事長兼法定代表人為王忠軍主要從事電影電視劇的製作發行
及衍生業務2009年公司在深圳證券交易所上市

公開資料顯示2026年4月23日華誼兄弟因債務糾紛被申請強制清算2026年5月華誼兄
弟因60萬案款成老賴

截至9月4日收盤市值499億元


曾經的 中國影視第一股
旗下簽約馮小剛黃曉明鄧超李冰冰周迅等大咖
製作出唐山大地震集結號非誠勿擾天下無賊等電影
現在卻落得悽慘下場人走茶涼
馬雲阿里巴巴騰訊等知名股東紛紛遠離
不過騰訊這些股東如果是最近才賣應該也虧了不少吧","['減持', '騰訊', '清倉', '華誼', '兄弟', '營收', '下滑', '44', '20260906', '1412', '劉毅', '2026', '上半年', '營收僅', '8545', '萬元', '人民', '下同', '44', '同時', '同時', '華誼', '兄弟', '股東', '所持', '股份', '華誼', '兄弟', '股份', '華誼', '兄弟', '日前', '發布', '2026', '半年度', '報告', '公告', '公告', '顯示', '2026', '上半年', '營收', '8545', '萬元', '上年', '同期', '153', '億元', '下降', '44', '淨虧損', '3639', '萬元扣', '非後淨', '損為', '4023', '萬元同', '上半年', '經營', '活動產生', '現金', '流量', '淨額', '為負', '1869', '萬元', '北京', '弘商', '投資', '顧問', '有限公司', '旗下', '雷遞', '報導', '顯示', '過去', '半年', '雲所持', '華誼', '兄弟', '比例', '下降', '百分', '阿里', '創投', '持股', '比例', '下降', '081', '百分', '點騰訊', '已經', '退出', '十股', '行列', '顯示', '同時華誼', '兄弟', '創始', '王忠', '王忠磊', '兄弟', '持股', '比例', '下滑', '其中', '王忠', '持股', '比例', '下降', '588', '百分', '點王忠磊', '持股', '比例', '下降', '04', '百分', '報導', '表示', '王忠', '股權', '比例', '減少', '核心', '原因', '公司', '最近', '幾年', '股權', '持續', '華誼', '兄弟', '傳媒', '股份', '有限公司', '成立', '2004', '11', '19', '部位', '北京市', '朝陽區', '創始', '忠軍王', '忠磊', '兄弟', '董事', '法定代表', '人為', '王忠', '主要', '從事', '電影', '電視劇', '衍生', '業務', '2009', '公司', '深圳', '證券', '交易所', '上市', '公開', '資料', '顯示', '2026', '23', '日華誼', '兄弟', '因債務', '糾紛', '申請', '強制', '清算', '2026', '月華誼', '弟因', '60', '萬案', '款成', '老賴', '截至', '日收盤', '市值', '499', '億元', '曾經', '中國', '影視', '第一股', '旗下', '簽約', '馮小', '剛黃曉明', '鄧超', '李冰冰', '周迅', '作出', '唐山大', '地震', '集結號', '非誠勿擾', '天下', '無賊', '電影', '現在', '落得', '慘下場', '茶涼', '阿里巴巴', '騰訊', '知名', '股東紛', '紛遠離', '不過', '騰訊', '這些', '股東', '如果', '最近', '應該', '不少']",Positive,0.5058823227882385
M.1788793606.A.136,[新聞] 中磊8月營收維持高檔 前3季營收將贏去年,buyaowen,2026-09-07 23:06:44,16,https://www.ptt.cc/bbs/Stock/M.1788793606.A.136.html,"中磊8月營收維持高檔 前3季營收將贏去年









網通中磊受惠北美市場訂單增溫，8月份營收70.44億元，年增45.05 %，創歷史同期新高
，累計1-8月份營收522.86億元，年增55.15 %，亦創同期新高紀錄。值得注意的是，中磊
去年營收540億元，今年前三季營收勢必超越去年。

中磊表示，受惠於AI人工智慧的蓬勃發展，帶動網路資料流量激增，加速網路設備升級需
求。同時，新興寬頻服務如：影音串流娛樂、智慧物聯網及遠距監控等應用日益普及，帶
動電信寬頻設備商機，市場整體需求熱絡。為因應服務擴充需求，電信運營商紛紛加速用
戶端設備升級，以搶搭商機，進一步擴展營運規模。公司主力產品包括：有線電視Cable
DOSIS 4.0設備、10G PON光纖設備、5G FWA固網行動接取設備、WiFi 7無線設備，及企業
級網通設備等，客戶訂單需求強勁。

除原有主力產品外，中磊順應市場趨勢，更積極切入新市場領域，如邊緣AI智慧監控裝置
、DAA分散式局端設備等，以多元產品滿足電信客戶需求，目前皆已見明顯成效，整體營
運成長可期。




營收已經連3月站穩70億以上
2026Q3前總營收應該就可以超過2025一整年
但去年同期股價還在100以上
就價值來說其實蠻甜的
近期等外資轉買也想進去蹲看看
大家怎麼看?

--","中磊8月營收維持高檔 前3季營收將贏去年









網通中磊受惠北美市場訂單增溫8月份營收7044億元年增4505 創歷史同期新高
累計18月份營收52286億元年增5515 亦創同期新高紀錄值得注意的是中磊
去年營收540億元今年前三季營收勢必超越去年

中磊表示受惠於AI人工智慧的蓬勃發展帶動網路資料流量激增加速網路設備升級需
求同時新興寬頻服務如影音串流娛樂智慧物聯網及遠距監控等應用日益普及帶
動電信寬頻設備商機市場整體需求熱絡為因應服務擴充需求電信運營商紛紛加速用
戶端設備升級以搶搭商機進一步擴展營運規模公司主力產品包括有線電視Cable
DOSIS 40設備10G PON光纖設備5G FWA固網行動接取設備WiFi 7無線設備及企業
級網通設備等客戶訂單需求強勁

除原有主力產品外中磊順應市場趨勢更積極切入新市場領域如邊緣AI智慧監控裝置
DAA分散式局端設備等以多元產品滿足電信客戶需求目前皆已見明顯成效整體營
運成長可期




營收已經連3月站穩70億以上
2026Q3前總營收應該就可以超過2025一整年
但去年同期股價還在100以上
就價值來說其實蠻甜的
近期等外資轉買也想進去蹲看看
大家怎麼看","['中磊', '月營', '收維持', '高檔', '季營', '收將贏', '去年', '網通', '中磊', '受惠', '北美', '市場', '訂單', '增溫', '月份', '營收', '7044', '元年', '4505', '創歷史', '同期', '新高', '累計', '18', '月份', '營收', '52286', '元年', '5515', '同期', '新高', '紀錄', '值得注意', '中磊', '去年', '營收', '540', '億元', '今年', '前三季', '營收勢', '超越', '去年', '中磊', '表示', '受惠', 'AI', '人工智慧', '蓬勃', '發展', '帶動', '網路', '資料', '流量', '激增', '加速', '網路', '設備', '升級', '求同', '時新興', '寬頻', '服務如', '影音', '串流', '娛樂', '智慧', '物聯', '網及', '遠距', '監控', '應用', '日益', '普及', '動電信', '寬頻', '設備', '商機', '市場', '整體', '需求', '熱絡', '因應', '服務', '擴充', '需求', '電信', '運營', '商紛紛', '加速', '戶端', '設備', '升級', '商機進', '一步', '擴展', '營運', '規模', '公司', '主力', '產品', '包括', '有線', '電視', 'Cable', 'DOSIS', '40', '設備', '10G', 'PON', '光纖', '設備', '5G', 'FWA', '固網', '行動', '接取', '設備', 'WiFi', '無線', '設備', '企業', '網通', '設備', '客戶', '訂單', '需求', '強勁', '原有', '主力', '產品', '外中磊', '順應', '市場', '趨勢', '積極', '切入', '新市場', '領域', '如邊', 'AI', '智慧', '監控', '裝置', 'DAA', '分散式', '局端', '設備', '多元', '產品', '滿足', '電信', '客戶', '需求', '目前', '明顯', '成效', '整體營', '運成長', '可期', '營收', '經連', '70', '以上', '2026Q3', '總營', '收應', '可以', '超過', '2025', '整年', '去年同期', '股價', '還在', '100', '以上', '價值', '實蠻', '近期', '外資', '轉買', '進去', '看看', '大家', '怎麼']",Positive,0.9981943964958191
M.1788791007.A.05D,[請益] 投資股票有邏輯可言嗎？,mcuronan,2026-09-07 22:23:25,爆,https://www.ptt.cc/bbs/Stock/M.1788791007.A.05D.html,"之前常聽人說

股票要看基本面 消息面 技術面

但為啥明明有些股票有賺錢 基本面不錯

但就是不會漲

有些股票本益比超高 還是一直漲？

是不是其實買股票就看外資買什麼

跟著買就對了？

-----
Sent from JPTT on my Samsung SM-A3460.

--","之前常聽人說

股票要看基本面 消息面 技術面

但為啥明明有些股票有賺錢 基本面不錯

但就是不會漲

有些股票本益比超高 還是一直漲

是不是其實買股票就看外資買什麼

跟著買就對了


Sent from JPTT on my Samsung SMA3460","['之前', '常聽', '股票', '基本面', '消息面', '技術面', '明明', '有些', '股票', '基本面', '不錯', '就是', '不會漲', '有些', '股票', '本益比', '超高', '還是', '一直', '是不是', '其實', '股票', '看外', '資買', '什麼', 'Sent', 'from', 'JPTT', 'on', 'my', 'Samsung', 'SMA3460']",Positive,0.5144124627113342
M.1788790383.A.D2C,Re: [新聞] 國巨、欣興誰更值得買？股民Threads上掀,asahi98,2026-09-07 22:13:00,4,https://www.ptt.cc/bbs/Stock/M.1788790383.A.D2C.html,"之前看到有人講本益比我就覺得好笑

現在本益比低你也不會買，那幾支低於20倍的怎麼都沒飆車過

某黃緞子直播主講過，用內褲跟C字庫比喻

差的時候你就硬要掰開屁股看內褲(本益比)

平常就無視她穿什麼內褲，只要好看就好(會飆)

也有人講老闆的名聲不太好

覺得這些人選股邏輯怪，是選另一半還是選會賺錢飆車的公司?

很妖代表他有本事有能力搞事，會搞事的就容易出現飆車情況

看那些乖乖牌公司，本益比低到不能再低，股價也飆不起來

靠本益比選股還是靠選另一半看股?

兩支都有機會腰斬，車上太擠了

但國巨甩了不少人下車，也套了不少孤魂野鬼在山上

要飆阿波阿せkieㄚ拉

先把孤魂野鬼收了才有辦法上山


--


--","之前看到有人講本益比我就覺得好笑

現在本益比低你也不會買那幾支低於20倍的怎麼都沒飆車過

某黃緞子直播主講過用內褲跟C字庫比喻

差的時候你就硬要掰開屁股看內褲本益比

平常就無視她穿什麼內褲只要好看就好會飆

也有人講老闆的名聲不太好

覺得這些人選股邏輯怪是選另一半還是選會賺錢飆車的公司

很妖代表他有本事有能力搞事會搞事的就容易出現飆車情況

看那些乖乖牌公司本益比低到不能再低股價也飆不起來

靠本益比選股還是靠選另一半看股

兩支都有機會腰斬車上太擠了

但國巨甩了不少人下車也套了不少孤魂野鬼在山上

要飆阿波阿kie拉

先把孤魂野鬼收了才有辦法上山","['之前', '看到', '有人', '本益比', '覺得', '好笑', '現在', '本益比', '不會', '幾支', '20', '怎麼', '沒飆', '車過', '某黃', '緞子', '直播', '主講', '過用', '內褲', '字庫', '比喻', '時候', '屁股', '看內褲', '本益比', '平常', '無視', '什麼', '內褲', '只要', '好看', '有人', '講老', '名聲', '不太好', '覺得', '這些', '選股', '邏輯', '另一半', '還是', '選會', '飆車', '公司', '代表', '本事', '能力', '搞事會', '容易', '出現', '飆車', '情況', '那些', '乖乖', '公司', '本益比', '低到', '不能', '股價', '起來', '本益比', '選股', '還是', '另一半', '看股', '兩支', '機會', '斬車', '但國', '不少', '人下車', '不少', '孤魂野鬼', '山上', '阿波', 'kie', '孤魂野鬼', '辦法', '上山']",Negative,0.9465875625610352
M.1788789351.A.07A,[新聞] 《半導體》十銓8月營收登史上第3高 前8,bear753951,2026-09-07 21:55:48,7,https://www.ptt.cc/bbs/Stock/M.1788789351.A.07A.html,"《半導體》十銓8月營收登史上第3高 前8月成長87%



 2026.09.07

葉時安


十銓(4967)周一公布2026年8月合併營收為新台幣35.13億元，年成長275.06%、月成長38.04
%，創下單月第三高；累計今年前八月合併營收達226.91億元，已超越去年全年營收，年增8
7.02%。十銓持續推進企業級SI(系統整合)與工控等高附加價值應用布局，帶動營運延續成
長態勢。

根據研調機構TrendForce於8月底發布的記憶體產業研究，全球主要CSP加速建置AI基礎設施
，AI基礎建設推升企業級記憶體需求，推升2027年記憶體價格估維持高檔，預估2027年DRAM
與NAND Flash合計占主要CSP資本支出比重將由前一年的47%提高至68%；考量2027年HBM合約
價仍具上漲空間，預期2027年整體記憶體合約價格將大致維持在高檔。

面對伺服器與企業級記憶體需求升溫，十銓持續依市場需求調整採購與產品配置，並將資源
聚焦於邊緣運算、工業電腦及資安防護等應用市場，掌握AI應用向多元場域擴散所帶來的商
機。


最近模組廠都普普，只能看別人漲，這個月增38%年增275%應該可以漲了吧，還是繼續被蛋
雕呢？


--","半導體十銓8月營收登史上第3高 前8月成長87



 20260907

葉時安


十銓4967周一公布2026年8月合併營收為新台幣3513億元年成長27506月成長3804
創下單月第三高累計今年前八月合併營收達22691億元已超越去年全年營收年增8
702十銓持續推進企業級SI系統整合與工控等高附加價值應用布局帶動營運延續成
長態勢

根據研調機構TrendForce於8月底發布的記憶體產業研究全球主要CSP加速建置AI基礎設施
AI基礎建設推升企業級記憶體需求推升2027年記憶體價格估維持高檔預估2027年DRAM
與NAND Flash合計占主要CSP資本支出比重將由前一年的47提高至68考量2027年HBM合約
價仍具上漲空間預期2027年整體記憶體合約價格將大致維持在高檔

面對伺服器與企業級記憶體需求升溫十銓持續依市場需求調整採購與產品配置並將資源
聚焦於邊緣運算工業電腦及資安防護等應用市場掌握AI應用向多元場域擴散所帶來的商
機


最近模組廠都普普只能看別人漲這個月增38年增275應該可以漲了吧還是繼續被蛋
雕呢","['半導體', '十銓', '營收', '登史', '成長', '87', '20260907', '葉時安', '十銓', '4967', '周一', '公布', '2026', '月合', '營收', '台幣', '3513', '元年', '成長', '27506', '成長', '3804', '創下', '單月', '第三', '高累計', '今年', '八月', '營收達', '22691', '億元', '超越', '去年', '全年', '營收', '702', '十銓', '持續', '推進', '企業級', 'SI', '系統', '整合', '工控', '附加', '價值', '應用', '布局', '帶動營', '運延續', '態勢', '根據', '研調', '機構', 'TrendForce', '月底', '發布', '記憶', '體產業', '研究', '全球', '主要', 'CSP', '加速', '建置', 'AI', '基礎', '設施', 'AI', '基礎', '建設', '推升', '企業級', '記憶體', '需求', '推升', '2027', '記憶體', '價格', '估維持', '高檔', '預估', '2027', 'DRAM', 'NAND', 'Flash', '合計', '主要', 'CSP', '資本', '支出', '比重', '將由前', '一年', '47', '提高', '68', '考量', '2027', 'HBM', '合約', '價仍', '具上', '漲空間', '預期', '2027', '整體', '記憶體', '合約', '價格將', '大致', '維持', '高檔', '面對', '伺服器', '企業級', '記憶體', '需求', '升溫', '十銓', '持續', '依市場', '需求', '調整', '採購', '產品', '配置', '並將', '資源', '聚焦', '邊緣', '運算', '工業', '電腦', '及資', '安防', '護等', '應用', '市場', '掌握', 'AI', '應用', '多元', '場域', '擴散', '最近', '模組廠', '普普', '只能', '看別', '人漲', '這個', '38', '年增', '275', '應該', '可以', '還是', '繼續']",Positive,0.9973567724227905
M.1788788987.A.2E8,[公告] Stock 板 開始舉辦樂透!,BlueBird5566,2026-09-07 21:49:46,16,https://www.ptt.cc/bbs/Stock/M.1788788987.A.2E8.html,"2026/09/07美股休市 
1、
2、 (收47326.27)
3、

請到 Stock 板 按'f'參與樂透!


一張 10 Ptt幣 (迷你級)
樂透結束時間: 09/08/2026 08:25:27 Tue","20260907美股休市 
1
2 收4732627
3

請到 Stock 板 按f參與樂透


一張 10 Ptt幣 迷你級
樂透結束時間 09082026 082527 Tue","['20260907', '美股', '休市', '4732627', 'Stock', '參與樂', '一張', '10', 'Ptt', '迷你', '樂透', '結束', '時間', '09082026', '082527', 'Tue']",Positive,0.6158396601676941
M.1788788611.A.62E,[情報] 3693 營邦 115年8月營收,s454666,2026-09-07 21:43:29,9,https://www.ptt.cc/bbs/Stock/M.1788788611.A.62E.html,"標題：3693 營邦 115年8月營收

來源：公開資訊觀測站
（公司名、網站名）

網址：


內文：

本資料由（上櫃公司）營邦 公司提供
民國115年08月　單位：新台幣仟元

項目    營業收入淨額
本月    1,266,730
去年同期        467,403
增減金額        799,327
增減百分比      171.01%
本年累計        6,588,093
去年累計        5,259,021
增減金額        1,329,072
增減百分比      25.27%

備註／營收變化原因說明：
營收成長

==========================

月營收：12.67 億元
月增：+3.42%
年增：+171.01%
前8月累計：65.88億元
累計年增：+25.27%

==========================

--","標題3693 營邦 115年8月營收

來源公開資訊觀測站
公司名網站名

網址


內文

本資料由上櫃公司營邦 公司提供
民國115年08月　單位新台幣仟元

項目    營業收入淨額
本月    1266730
去年同期        467403
增減金額        799327
增減百分比      17101
本年累計        6588093
去年累計        5259021
增減金額        1329072
增減百分比      2527

備註營收變化原因說明
營收成長



月營收1267 億元
月增342
年增17101
前8月累計6588億元
累計年增2527","['標題', '3693', '營邦', '115', '營收', '來源', '公開', '資訊', '觀測', '公司', '名網', '站名', '網址', '內文', '本資料', '上櫃', '公司', '營邦', '公司', '提供', '民國', '115', '08', '單位', '台幣', '項目', '營業', '收入', '淨額', '本月', '1266730', '去年同期', '467403', '增減', '金額', '799327', '增減', '百分比', '17101', '本年', '累計', '6588093', '去年', '累計', '5259021', '增減', '金額', '1329072', '增減', '百分比', '2527', '原因', '說明', '收成', '營收', '1267', '億元', '342', '年增', '17101', '累計', '6588', '億元', '累計', '2527']",Positive,0.9106877446174622
M.1788788050.A.E6E,[情報] 115年09月07日信用交易統計,steward135,2026-09-07 21:34:07,31,https://www.ptt.cc/bbs/Stock/M.1788788050.A.E6E.html,"1. 標題：115年09月07日信用交易統計
2. 來源：臺灣證券交易所、證券櫃檯買賣中心 (公司名、網站名)
3. 網址：  (請善用縮網址工具)
4. 內文：

115年09月07日信用交易統計

項目                  買進        賣出   現金(券)償還      前日餘額    今日餘額
融資(交易單位)     417,379     357,774          5,297     9,018,943   9,073,251
融券(交易單位)      31,914      24,829            862       219,160     211,213
融資金額(仟元)  39,672,969  33,122,413        173,565   581,894,588 588,271,579



=================================











=================================























































=================================













停券

--","1 標題115年09月07日信用交易統計
2 來源臺灣證券交易所證券櫃檯買賣中心 公司名網站名
3 網址  請善用縮網址工具
4 內文

115年09月07日信用交易統計

項目                  買進        賣出   現金券償還      前日餘額    今日餘額
融資交易單位     417379     357774          5297     9018943   9073251
融券交易單位      31914      24829            862       219160     211213
融資金額仟元  39672969  33122413        173565   581894588 588271579





















































































停券","['標題', '115', '09', '07', '信用', '交易', '統計', '來源', '灣證券', '交易所', '證券櫃', '中心', '公司', '名網', '站名', '網址', '善用', '縮網址', '工具', '內文', '115', '09', '07', '信用', '交易', '統計', '項目', '買進', '賣出', '現金券', '償還', '前日', '餘額', '今日', '餘額', '融資', '交易', '單位', '417379', '357774', '5297', '9018943', '9073251', '融券', '交易', '單位', '31914', '24829', '862', '219160', '211213', '融資金額', '39672969', '33122413', '173565', '581894588', '588271579', '停券']",Positive,0.733029305934906
M.1788786755.A.B2A,[情報] 7779鍇睿國際  8月營收,zjeff1,2026-09-07 21:12:32,18,https://www.ptt.cc/bbs/Stock/M.1788786755.A.B2A.html,"項目    營業收入淨額
本月      34,454
去年同期          21,355
增減金額          13,099
增減百分比        61.34
本年累計          193,360
去年累計          135,214
增減金額          58,146
增減百分比        43.00
備註 / 營收變化原因說明 本期活動專案增加致營收成長。



這是一個不公平的股市啊
欸笑死人欸
他剛剛出貨我有賣嗎
我一股都沒有賣欸
欸你們券商是怎麼算的啊
欸不是
我一股都沒有賣然後算我賠喔
被大戶空到到跌的賺喔
有沒有邏輯啊不是啊
大戶把它空到綠K 這樣算我賠喔
他空我 我一股都沒有賣ㄟ
啊這樣算我賠喔
你們券商怎麼算的啦
好啦 我要回家了啦
50萬匯給你啦 乞丐

--

       
 
  
       

--","項目    營業收入淨額
本月      34454
去年同期          21355
增減金額          13099
增減百分比        6134
本年累計          193360
去年累計          135214
增減金額          58146
增減百分比        4300
備註  營收變化原因說明 本期活動專案增加致營收成長



這是一個不公平的股市啊
欸笑死人欸
他剛剛出貨我有賣嗎
我一股都沒有賣欸
欸你們券商是怎麼算的啊
欸不是
我一股都沒有賣然後算我賠喔
被大戶空到到跌的賺喔
有沒有邏輯啊不是啊
大戶把它空到綠K 這樣算我賠喔
他空我 我一股都沒有賣
啊這樣算我賠喔
你們券商怎麼算的啦
好啦 我要回家了啦
50萬匯給你啦 乞丐","['項目', '營業', '收入', '淨額', '本月', '34454', '去年同期', '21355', '增減', '金額', '13099', '增減', '百分比', '6134', '本年', '累計', '193360', '去年', '累計', '135214', '增減', '金額', '58146', '增減', '百分比', '4300', '營收', '變化', '原因', '說明', '本期', '活動', '專案', '增加', '致營', '收成', '這是', '一個', '公平', '股市', '笑死人', '剛剛', '出貨', '一股', '券商', '怎麼', '不是', '一股', '然後算', '大戶', '空到', '邏輯', '不是', '大戶', '空到', '這樣', '他空', '一股', '這樣', '你們', '券商', '怎麼', '我要', '回家', '50', '萬匯給', '乞丐']",Positive,0.6224203109741211
M.1788786443.A.80C,[情報] 2884 玉山金 8月自結 0.22 累計 1.73,kiversonx17,2026-09-07 21:07:20,17,https://www.ptt.cc/bbs/Stock/M.1788786443.A.80C.html,"標題：公告本公司暨子公司115年8月自結盈餘

來源：

網址：

內文：

公告本公司暨子公司115年8月自結盈餘

1.事實發生日:115/09/07
2.公司名稱:玉山金融控股公司
3.與公司關係(請輸入本公司或子公司):本公司
4.相互持股比例:不適用。
5.發生緣由:公告本公司暨子公司115年8月自結盈餘。
6.因應措施:無
7.其他應敘明事項(若事件發生或決議之主體係屬公開發行以上公司，本則重大訊息同時
  符合證券交易法施行細則第7條第9款所定對股東權益或證券價格有重大影響之事項):
公告本公司暨子公司115年8月業績資料，
　　　　　　　自結稅前 自結稅後 累積稅前 累積稅後  累積每股
　　　　　　　　盈餘     盈餘     純益     純益    稅後盈餘
　　　　　　　 (億元)   (億元)   (億元)   (億元)     (元)
玉山金控        45.15    35.95   347.17   280.40     1.73
玉山銀行        36.76    30.19   298.99   248.47     1.70
玉山證券         5.12     4.24    43.99    36.69     6.64
玉山創投         3.82     3.82     8.11     8.05     1.46
玉山投信         0.65     0.52     4.57     3.67    12.23
註1:上述資料均係自結數字，未經會計師查核或核閱　
註2:本公司依持股比例91.19954%認列玉山投信投資利益。

-

玉山金8月自結0.22 累計1.73

今年賺個2元應該是輕輕鬆鬆

有機會挑戰去年賺2.12元

股價也持續創新高了


--","標題公告本公司暨子公司115年8月自結盈餘

來源

網址

內文

公告本公司暨子公司115年8月自結盈餘

1事實發生日1150907
2公司名稱玉山金融控股公司
3與公司關係請輸入本公司或子公司本公司
4相互持股比例不適用
5發生緣由公告本公司暨子公司115年8月自結盈餘
6因應措施無
7其他應敘明事項若事件發生或決議之主體係屬公開發行以上公司本則重大訊息同時
  符合證券交易法施行細則第7條第9款所定對股東權益或證券價格有重大影響之事項
公告本公司暨子公司115年8月業績資料
　　　　　　　自結稅前 自結稅後 累積稅前 累積稅後  累積每股
　　　　　　　　盈餘     盈餘     純益     純益    稅後盈餘
　　　　　　　 億元   億元   億元   億元     元
玉山金控        4515    3595   34717   28040     173
玉山銀行        3676    3019   29899   24847     170
玉山證券         512     424    4399    3669     664
玉山創投         382     382     811     805     146
玉山投信         065     052     457     367    1223
註1上述資料均係自結數字未經會計師查核或核閱　
註2本公司依持股比例9119954認列玉山投信投資利益



玉山金8月自結022 累計173

今年賺個2元應該是輕輕鬆鬆

有機會挑戰去年賺212元

股價也持續創新高了","['標題', '公告', '公司', '子公司', '115', '自結', '盈餘', '來源', '網址', '內文', '公告', '公司', '子公司', '115', '自結', '盈餘', '事實發', '生日', '1150907', '公司', '名稱', '玉山', '金融', '控股公司', '公司', '輸入', '公司', '子公司', '公司', '相互', '持股', '比例', '適用', '發生緣', '公告', '公司', '子公司', '115', '自結', '盈餘', '因應', '措施', '其他', '應敘明', '事項', '事件', '發生', '決議', '之主體', '屬公開', '發行', '以上', '公司', '本則', '重大', '訊息', '同時', '符合', '證券', '交易法', '施行', '細則', '條第', '款所定', '股東', '權益', '證券', '價格', '重大', '影響', '之事項', '公告', '公司', '子公司', '115', '月業績', '資料', '自結', '稅前', '自結稅', '累積', '稅前', '累積稅', '累積', '每股', '盈餘', '盈餘', '純益', '純益', '稅後盈餘', '億元', '億元', '億元', '億元', '玉山', '金控', '4515', '3595', '34717', '28040', '173', '玉山', '銀行', '3676', '3019', '29899', '24847', '170', '玉山', '證券', '512', '424', '4399', '3669', '664', '玉山', '創投', '382', '382', '811', '805', '146', '玉山', '投信', '065', '052', '457', '367', '1223', '上述', '資料', '自結', '數字', '經會', '計師', '查核', '核閱', '公司', '持股', '比例', '9119954', '認列', '玉山', '投信', '投資', '利益', '玉山', '自結', '022', '累計', '173', '今年', '賺個', '元應', '機會', '挑戰', '去年', '212', '股價', '持續', '新高']",Positive,0.8877611756324768
M.1788785292.A.A7B,[情報] 6269台郡 8月營收,zjeff1,2026-09-07 20:48:09,4,https://www.ptt.cc/bbs/Stock/M.1788785292.A.A7B.html,"項目    營業收入淨額
本月      1,997,131
去年同期          1,970,931
增減金額          26,200
增減百分比        1.33
本年累計          14,889,375
去年累計          14,606,355
增減金額          283,020
增減百分比        1.94
備註 / 營收變化原因說明


  

變異ㄉ螃蟹，兩性市場winner，股票市場的loser

--

       
 
  
       

--","項目    營業收入淨額
本月      1997131
去年同期          1970931
增減金額          26200
增減百分比        133
本年累計          14889375
去年累計          14606355
增減金額          283020
增減百分比        194
備註  營收變化原因說明


  

變異螃蟹兩性市場winner股票市場的loser","['項目', '營業', '收入', '淨額', '本月', '1997131', '去年同期', '1970931', '增減', '金額', '26200', '增減', '百分比', '133', '本年', '累計', '14889375', '去年', '累計', '14606355', '增減', '金額', '283020', '增減', '百分比', '194', '營收', '變化', '原因', '說明', '變異', '螃蟹', '兩性', '市場', 'winner', '股票', '市場', 'loser']",Positive,0.7724215984344482
M.1788784344.A.EAA,[新聞] 記憶體有多缺？韓券商：三星、SK 海力士,madeinheaven,2026-09-07 20:32:22,42,https://www.ptt.cc/bbs/Stock/M.1788784344.A.EAA.html,"記憶體有多缺？韓券商：三星、SK 海力士庫存不到十天

 。



 

2026/09/07 16:40:31



編譯陳苓／綜合外電



南韓券商表示，三星電子和SK海力士的記憶體庫存不到十天，明年或許會出現史上最嚴峻
的供給吃緊，將這兩家記憶體大廠列為半導體首選股。


首爾經濟日報報導，KB證券研究主管金東元（音譯）7日指出 ：「截至第3季，三星和SK
海力士的記憶體庫存，降至低於十天，這不只單是需求復甦造成，供給數量很有可能徹底
不足。有鑑於此，可銷售的記憶體數量在明年見底，或許會成為現實。」


KB證券認為，不只高頻寬記憶體（HBM）供給短缺，AI投資也推升伺服器DDR5與企業級固
態硬碟（eSSD）需求，恐導致DRAM和NAND等各類記憶體，均供給吃緊。


該公司預測，DRMA和NAND的位元需求成長，明年將超出供給十個百分點以上。由於難以增
產滿足需求，記憶體缺貨可能會加劇。


記憶體前景暢旺，但三星和SK海力士股價陷入激烈修正，過去三個月來雙雙從高點暴跌
38%，預估本益比只剩三倍左右。金東元表示，由於股價遭嚴重低估，預料將出現強勢的
價格重估。




股價修正與基本面背離的情況，往往才是判斷週期股買點的關鍵時刻，值得留意市場情緒
與實際供需的落差。

若AI資本支出持續擴張，記憶體產業景氣循環或將進入超乎預期的上行階段。

--","記憶體有多缺韓券商三星SK 海力士庫存不到十天

 



 

20260907 164031



編譯陳苓綜合外電



南韓券商表示三星電子和SK海力士的記憶體庫存不到十天明年或許會出現史上最嚴峻
的供給吃緊將這兩家記憶體大廠列為半導體首選股


首爾經濟日報報導KB證券研究主管金東元音譯7日指出 截至第3季三星和SK
海力士的記憶體庫存降至低於十天這不只單是需求復甦造成供給數量很有可能徹底
不足有鑑於此可銷售的記憶體數量在明年見底或許會成為現實


KB證券認為不只高頻寬記憶體HBM供給短缺AI投資也推升伺服器DDR5與企業級固
態硬碟eSSD需求恐導致DRAM和NAND等各類記憶體均供給吃緊


該公司預測DRMA和NAND的位元需求成長明年將超出供給十個百分點以上由於難以增
產滿足需求記憶體缺貨可能會加劇


記憶體前景暢旺但三星和SK海力士股價陷入激烈修正過去三個月來雙雙從高點暴跌
38預估本益比只剩三倍左右金東元表示由於股價遭嚴重低估預料將出現強勢的
價格重估




股價修正與基本面背離的情況往往才是判斷週期股買點的關鍵時刻值得留意市場情緒
與實際供需的落差

若AI資本支出持續擴張記憶體產業景氣循環或將進入超乎預期的上行階段","['記憶體', '缺韓', '券商', '三星', 'SK', '海力士', '庫存', '不到', '十天', '20260907', '164031', '編譯陳苓', '綜合', '外電', '南韓', '券商', '表示', '三星', '電子', 'SK', '海力士', '記憶體', '庫存', '不到', '十天', '明年', '許會出', '現史', '嚴峻', '供給', '緊將', '這兩家', '記憶體', '大廠', '列為', '半導體', '首選股', '首爾經濟', '日報', '報導', 'KB', '證券', '研究', '主管', '金東', '元音', '指出', '截至', '三星', 'SK', '海力士', '記憶', '體庫', '存降', '十天', '這不只', '單是', '需求', '造成', '供給', '數量', '可能', '徹底', '不足', '有鑑', '銷售', '記憶體', '數量', '明年', '見底', '許會', '成為', '現實', 'KB', '證券', '認為', '高頻', '記憶體', 'HBM', '供給', '短缺', 'AI', '投資', '推升', '伺服器', 'DDR5', '企業級', '硬碟', 'eSSD', '需求', '恐導致', 'DRAM', 'NAND', '各類', '記憶體', '供給', '公司', '預測', 'DRMA', 'NAND', '位元', '需求', '成長', '明年', '超出', '供給', '十個', '百分', '以上', '以增', '產滿足', '需求', '記憶體', '缺貨', '可能', '會加劇', '記憶體', '前景', '暢旺', '三星', 'SK', '海力士', '股價', '陷入', '激烈', '修正', '過去', '三個', '雙雙', '高點', '暴跌', '38', '預估', '本益比', '三倍', '左右', '金東元', '表示', '股價', '嚴重', '低估', '預料', '將出', '現強勢', '價格', '重估', '股價', '修正', '基本面', '背離', '情況', '往往', '判斷', '週期', '股買點', '關鍵', '時刻', '值得', '留意', '市場', '情緒', '實際', '供需', '落差', 'AI', '資本', '支出', '持續', '擴張', '記憶', '體產業', '景氣', '循環', '或將', '進入', '超乎', '預期', '上行', '階段']",Positive,0.9551412463188171
M.1788782177.A.D7F,[情報] 鈺創8月營收,yenchem,2026-09-07 19:56:15,7,https://www.ptt.cc/bbs/Stock/M.1788782177.A.D7F.html,"來源：公開資訊觀測站
網址：

內文：
項目    營業收入淨額
本月      2,260,221
去年同期          361,453
增減金額          1,898,768
增減百分比        525.32
本年累計          12,019,379
去年累計          2,040,914
增減金額          9,978,465
增減百分比        488.92
備註/營收變化原因說明
本月營收及本年累計營收皆較去年同期增加，主係市場需求增加所致。

這種增長速度，今年EPS應該有機會上20吧
本益比不到10倍，實在委屈

--","來源公開資訊觀測站
網址

內文
項目    營業收入淨額
本月      2260221
去年同期          361453
增減金額          1898768
增減百分比        52532
本年累計          12019379
去年累計          2040914
增減金額          9978465
增減百分比        48892
備註營收變化原因說明
本月營收及本年累計營收皆較去年同期增加主係市場需求增加所致

這種增長速度今年EPS應該有機會上20吧
本益比不到10倍實在委屈","['來源', '公開', '資訊', '觀測', '網址', '內文', '項目', '營業', '收入', '淨額', '本月', '2260221', '去年同期', '361453', '增減', '金額', '1898768', '增減', '百分比', '52532', '本年', '累計', '12019379', '去年', '累計', '2040914', '增減', '金額', '9978465', '增減', '百分比', '48892', '原因', '說明', '本月', '營收及', '本年', '累計營', '收皆較', '去年同期', '增加', '市場', '需求', '增加', '所致', '這種', '增長', '速度', '今年', 'EPS', '應該', '機會', '20', '本益比', '不到', '10', '倍實', '委屈']",Positive,0.9692006707191467
M.1788781675.A.AB1,Re: [新聞] 全國空屋率跌破10%是假象！高雄11.9萬宅,devidevi,2026-09-07 19:47:52,9,https://www.ptt.cc/bbs/Stock/M.1788781675.A.AB1.html,"空屋率的計算就是可操作空間很大
像這次就是直接壓低到10%以下

用一個人一間房子計算
多的都是屯房
這樣就能直接算出有多少餘屋了...
一翻兩瞪眼，沒有操作空間

直接(總屋數-人口)/人口計算就好

用空屋計算代表房子是投資商品，一個人持有越多越好
用屯房計算，比較能符合住房需求

--","空屋率的計算就是可操作空間很大
像這次就是直接壓低到10以下

用一個人一間房子計算
多的都是屯房
這樣就能直接算出有多少餘屋了
一翻兩瞪眼沒有操作空間

直接總屋數人口人口計算就好

用空屋計算代表房子是投資商品一個人持有越多越好
用屯房計算比較能符合住房需求","['空屋', '計算', '就是', '操作', '空間', '很大', '這次', '就是', '直接', '壓低', '10', '以下', '一個', '一間', '房子', '計算', '屯房', '這樣', '直接', '算出', '多少', '餘屋', '一翻', '瞪眼', '沒有', '操作', '空間', '直接', '總屋數', '人口', '人口', '計算', '空屋', '計算', '代表', '房子', '投資', '商品', '一個', '持有', '越多越好', '屯房', '計算', '符合', '住房', '需求']",Positive,0.9564524292945862
M.1788781622.A.DFA,[情報] 3227 原相 115年8月營收,BlueBird5566,2026-09-07 19:46:59,7,https://www.ptt.cc/bbs/Stock/M.1788781622.A.DFA.html,"標題：3227 原相 115年8月營收

來源：公開資訊觀測站
(公司名、網站名)

網址：
(請善用縮網址工具)

內文：

本資料由　(上櫃公司)原相　公司提供
民國115年08月   單位：新台幣仟元

項目    營業收入淨額
本月      815,750
去年同期          740,690
增減金額          75,060
增減百分比        
本年累計          6,456,416
去年累計          6,092,140
增減金額          364,276
增減百分比        
備註 / 營收變化原因說明

--","標題3227 原相 115年8月營收

來源公開資訊觀測站
公司名網站名

網址
請善用縮網址工具

內文

本資料由　上櫃公司原相　公司提供
民國115年08月   單位新台幣仟元

項目    營業收入淨額
本月      815750
去年同期          740690
增減金額          75060
增減百分比        
本年累計          6456416
去年累計          6092140
增減金額          364276
增減百分比        
備註  營收變化原因說明","['標題', '3227', '原相', '115', '營收', '來源', '公開', '資訊', '觀測', '公司', '名網', '站名', '網址', '善用', '縮網址', '工具', '內文', '本資料', '上櫃', '公司', '原相', '公司', '提供', '民國', '115', '08', '單位', '台幣', '項目', '營業', '收入', '淨額', '本月', '815750', '去年同期', '740690', '增減', '金額', '75060', '增減', '百分比', '本年', '累計', '6456416', '去年', '累計', '6092140', '增減', '金額', '364276', '增減', '百分比', '營收', '變化', '原因', '說明']",Positive,0.9249407052993774
M.1788781174.A.BD8,[情報] 9/7  台股主動ETF買賣超,truthloser88,2026-09-07 19:39:32,5,https://www.ptt.cc/bbs/Stock/M.1788781174.A.BD8.html,"1.標題：主動ETF持股買賣超 (9/7)
2.來源：股格精奇
3.網址：
4.內文：

9/7  台股主動ETF買超前十名

代碼  名稱      買超(萬)  變動張數  漲跌幅%   主要來源
2454  聯發科    91,868    193         7.81%   00403A
2303  聯電      71,286    4,985      10.00%   00403A
6510  精測      45,457    131         3.58%   00981A
3037  欣興      28,660    302         5.21%   00400A
2383  台光電    28,025    51          1.48%   00400A
4958  臻鼎-KY   27,806    555         8.21%   00981A
2449  京元電子  25,935    950         4.20%   00403A
3017  奇鋐      17,100    50        - 4.20%   00400A
2481  強茂      15,800    1,000       1.28%   00403A
8046  南電      14,700    140       - 0.47%   00406A
---------------------
9/7  台股主動ETF賣超前十名

代碼  名稱      賣超(萬)  變動張數  漲跌幅%   主要來源
4979  華星光    -74,340   -1,260    - 6.20%   00981A
3008  大立光    -55,278   -83       -10.00%   00403A
8996  高力      -51,708   -417      - 4.62%   00981A
2330  台積電    -49,200   -200        2.07%   00403A
3443  創意      -41,545   -70         2.15%   00403A
3711  日月光投控-28,690   -462        5.61%   00403A
3665  貿聯-KY   -25,047   -121      - 3.50%   00981A
8210  勤誠      -22,769   -243      - 4.97%   00981A
6669  緯穎      -13,446   -54       - 2.92%   00407A
2395  研華      -8,704    -128      - 4.36%   00407A

總買進(億元)：12     | 總賣出(億元)：-12
主動ETF買賣超(億元)：1


資料說明：台股主動ETF共20檔買賣超總計


--","1標題主動ETF持股買賣超 97
2來源股格精奇
3網址
4內文

97  台股主動ETF買超前十名

代碼  名稱      買超萬  變動張數  漲跌幅   主要來源
2454  聯發科    91868    193         781   00403A
2303  聯電      71286    4985      1000   00403A
6510  精測      45457    131         358   00981A
3037  欣興      28660    302         521   00400A
2383  台光電    28025    51          148   00400A
4958  臻鼎KY   27806    555         821   00981A
2449  京元電子  25935    950         420   00403A
3017  奇鋐      17100    50         420   00400A
2481  強茂      15800    1000       128   00403A
8046  南電      14700    140        047   00406A

97  台股主動ETF賣超前十名

代碼  名稱      賣超萬  變動張數  漲跌幅   主要來源
4979  華星光    74340   1260     620   00981A
3008  大立光    55278   83       1000   00403A
8996  高力      51708   417       462   00981A
2330  台積電    49200   200        207   00403A
3443  創意      41545   70         215   00403A
3711  日月光投控28690   462        561   00403A
3665  貿聯KY   25047   121       350   00981A
8210  勤誠      22769   243       497   00981A
6669  緯穎      13446   54        292   00407A
2395  研華      8704    128       436   00407A

總買進億元12      總賣出億元12
主動ETF買賣超億元1


資料說明台股主動ETF共20檔買賣超總計","['標題', '主動', 'ETF', '持股', '買賣', '97', '來源', '股格', '精奇', '網址', '內文', '97', '台股', '主動', 'ETF', '超前', '十名', '代碼', '名稱', '超萬', '變動', '張數', '跌幅', '主要', '來源', '2454', '聯發科', '91868', '193', '781', '00403A', '2303', '聯電', '71286', '4985', '1000', '00403A', '6510', '精測', '45457', '131', '358', '00981A', '3037', '欣興', '28660', '302', '521', '00400A', '2383', '台光電', '28025', '51', '148', '00400A', '4958', 'KY', '27806', '555', '821', '00981A', '2449', '京元', '電子', '25935', '950', '420', '00403A', '3017', '17100', '50', '420', '00400A', '2481', '強茂', '15800', '1000', '128', '00403A', '8046', '南電', '14700', '140', '047', '00406A', '97', '台股', '主動', 'ETF', '超前', '十名', '代碼', '名稱', '超萬', '變動', '張數', '跌幅', '主要', '來源', '4979', '星光', '74340', '1260', '620', '00981A', '3008', '大立光', '55278', '83', '1000', '00403A', '8996', '51708', '417', '462', '00981A', '2330', '台積電', '49200', '200', '207', '00403A', '3443', '創意', '41545', '70', '215', '00403A', '3711', '月光', '投控', '28690', '462', '561', '00403A', '3665', '貿聯', 'KY', '25047', '121', '350', '00981A', '8210', '22769', '243', '497', '00981A', '6669', '緯穎', '13446', '54', '292', '00407A', '2395', '研華', '8704', '128', '436', '00407A', '總買進', '億元', '12', '總賣', '億元', '12', '主動', 'ETF', '買賣', '超億元', '資料', '明台', '股主動', 'ETF', '20', '檔買', '超總計']",Positive,0.861602783203125
M.1788780788.A.94F,[情報] 2545 皇翔 買國巨380張、聯發科123張,q1a1,2026-09-07 19:33:06,36,https://www.ptt.cc/bbs/Stock/M.1788780788.A.94F.html,"1. 標題：2545 皇翔 買國巨380張、聯發科123張

2. 來源：公開資訊觀測站

3. 網址：

4. 內文：

---公告取得有價證券---
1.證券名稱:
股份有限公司
2.
3.董事會通過日期: 不適用
4.其他核決日期:
核決層級:董事長核決
民國115年9月7日
5.交易數量、每單位價格及交易總金額:


交易總金額：新台幣331,786仟元
6.處分利益（或損失）（取得有價證券者不適用）:
不適用
7.與交易標的公司之關係:
無
8.迄目前為止，本交易證券（含本次交易）之數量、金額、持股
比例及權利受限情形（如質押情形）:



9.迄目前為止，依「公開發行公司取得或處分資產處理準則」第三條所列之有價證券投
資（含本次交易）占公司最近期財務報表中總資產及歸屬於母公司業主之權益之比例
暨最近期財務報表中營運資金數額:
占總資產比例:0.6%
占母公司業主之權益比例:2.265%
營運資金:新台幣14,739,777仟元
10.取得或處分之具體目的:
為提高本公司之資金運用效益
11.本次交易表示異議董事之意見:
不適用
12.本次交易為關係人交易:
否
13.交易相對人及其與公司之關係:
不適用
14.監察人承認或審計委員會同意日期:
不適用
15.前已就同一件事件發布重大訊息日期: 不適用
16.其他敘明事項:
無

---公告取得有價證券---
1.證券名稱:
技股份有限公司
2.
3.董事會通過日期: 不適用
4.其他核決日期:
核決層級:董事長核決
民國115年9月7日
5.交易數量、每單位價格及交易總金額:


交易總金額：新台幣573,177仟元
6.處分利益（或損失）（取得有價證券者不適用）:
不適用
7.與交易標的公司之關係:
無
8.迄目前為止，本交易證券（含本次交易）之數量、金額、持股
比例及權利受限情形（如質押情形）:



9.迄目前為止，依「公開發行公司取得或處分資產處理準則」第三條所列之有價證券投
資（含本次交易）占公司最近期財務報表中總資產及歸屬於母公司業主之權益之比例
暨最近期財務報表中營運資金數額:
占總資產比例:1.036%
占母公司業主之權益比例:3.913%
營運資金:新台幣14,739,777仟元
10.取得或處分之具體目的:
提高本公司之資金運用效益
11.本次交易表示異議董事之意見:
不適用
12.本次交易為關係人交易:
否
13.交易相對人及其與公司之關係:
不適用
14.監察人承認或審計委員會同意日期:
不適用
15.前已就同一件事件發布重大訊息日期: 不適用
16.其他敘明事項:
無

--","1 標題2545 皇翔 買國巨380張聯發科123張

2 來源公開資訊觀測站

3 網址

4 內文

公告取得有價證券
1證券名稱
股份有限公司
2
3董事會通過日期 不適用
4其他核決日期
核決層級董事長核決
民國115年9月7日
5交易數量每單位價格及交易總金額


交易總金額新台幣331786仟元
6處分利益或損失取得有價證券者不適用
不適用
7與交易標的公司之關係
無
8迄目前為止本交易證券含本次交易之數量金額持股
比例及權利受限情形如質押情形



9迄目前為止依公開發行公司取得或處分資產處理準則第三條所列之有價證券投
資含本次交易占公司最近期財務報表中總資產及歸屬於母公司業主之權益之比例
暨最近期財務報表中營運資金數額
占總資產比例06
占母公司業主之權益比例2265
營運資金新台幣14739777仟元
10取得或處分之具體目的
為提高本公司之資金運用效益
11本次交易表示異議董事之意見
不適用
12本次交易為關係人交易
否
13交易相對人及其與公司之關係
不適用
14監察人承認或審計委員會同意日期
不適用
15前已就同一件事件發布重大訊息日期 不適用
16其他敘明事項
無

公告取得有價證券
1證券名稱
技股份有限公司
2
3董事會通過日期 不適用
4其他核決日期
核決層級董事長核決
民國115年9月7日
5交易數量每單位價格及交易總金額


交易總金額新台幣573177仟元
6處分利益或損失取得有價證券者不適用
不適用
7與交易標的公司之關係
無
8迄目前為止本交易證券含本次交易之數量金額持股
比例及權利受限情形如質押情形



9迄目前為止依公開發行公司取得或處分資產處理準則第三條所列之有價證券投
資含本次交易占公司最近期財務報表中總資產及歸屬於母公司業主之權益之比例
暨最近期財務報表中營運資金數額
占總資產比例1036
占母公司業主之權益比例3913
營運資金新台幣14739777仟元
10取得或處分之具體目的
提高本公司之資金運用效益
11本次交易表示異議董事之意見
不適用
12本次交易為關係人交易
否
13交易相對人及其與公司之關係
不適用
14監察人承認或審計委員會同意日期
不適用
15前已就同一件事件發布重大訊息日期 不適用
16其他敘明事項
無","['標題', '2545', '皇翔', '買國', '380', '張聯', '發科', '123', '來源', '公開', '資訊', '觀測', '網址', '內文', '公告', '取得', '有價', '證券', '證券', '名稱', '股份', '有限公司', '董事', '通過', '日期', '適用', '其他', '核決', '日期', '核決', '層級', '董事', '核決', '民國', '115', '交易', '數量', '單位', '價格及', '交易', '總金額', '交易', '總金額', '台幣', '331786', '仟元', '處分', '利益', '損失', '取得', '有價', '證券者', '適用', '適用', '交易', '公司', '之關', '目前', '為止', '交易', '證券', '本次', '交易', '之數量', '金額', '持股', '比例', '權利', '受限', '情形', '如質', '情形', '目前', '為止', '依公開', '發行', '公司', '取得', '或處', '分資產', '處理', '準則', '第三', '條所列', '價證券', '資含', '本次', '交易', '公司', '近期', '財務', '報表中', '總資產及', '歸屬', '母公司', '業主', '權益', '比例', '近期', '財務', '報表中營', '運資金', '數額', '總資產', '比例', '06', '母公司', '業主', '權益', '比例', '2265', '營運資', '金新', '台幣', '14739777', '仟元', '10', '取得', '處分', '具體', '目的', '提高', '公司', '之資', '金運用', '效益', '11', '本次', '交易', '表示', '異議', '董事', '之意', '適用', '12', '本次', '交易', '為關', '交易', '13', '交易', '相對', '及其', '公司', '之關', '適用', '14', '監察人', '承認', '審計委員會', '同意', '日期', '適用', '15', '一件', '事件', '發布', '重大', '訊息', '日期', '適用', '16', '其他', '敘明', '事項', '公告', '取得', '有價', '證券', '證券', '名稱', '股份', '有限公司', '董事', '通過', '日期', '適用', '其他', '核決', '日期', '核決', '層級', '董事', '核決', '民國', '115', '交易', '數量', '單位', '價格及', '交易', '總金額', '交易', '總金額', '台幣', '573177', '仟元', '處分', '利益', '損失', '取得', '有價', '證券者', '適用', '適用', '交易', '公司', '之關', '目前', '為止', '交易', '證券', '本次', '交易', '之數量', '金額', '持股', '比例', '權利', '受限', '情形', '如質', '情形', '目前', '為止', '依公開', '發行', '公司', '取得', '或處', '分資產', '處理', '準則', '第三', '條所列', '價證券', '資含', '本次', '交易', '公司', '近期', '財務', '報表中', '總資產及', '歸屬', '母公司', '業主', '權益', '比例', '近期', '財務', '報表中營', '運資金', '數額', '總資產', '比例', '1036', '母公司', '業主', '權益', '比例', '3913', '營運資', '金新', '台幣', '14739777', '仟元', '10', '取得', '處分', '具體', '目的', '提高', '公司', '之資', '金運用', '效益', '11', '本次', '交易', '表示', '異議', '董事', '之意', '適用', '12', '本次', '交易', '為關', '交易', '13', '交易', '相對', '及其', '公司', '之關', '適用', '14', '監察人', '承認', '審計委員會', '同意', '日期', '適用', '15', '一件', '事件', '發布', '重大', '訊息', '日期', '適用', '16', '其他', '敘明', '事項']",Positive,0.737042248249054
M.1788780520.A.B6A,"[情報] 2323中環買華星光,光聖,波若威,賣群聯 賺",q1a1,2026-09-07 19:28:38,14,https://www.ptt.cc/bbs/Stock/M.1788780520.A.B6A.html,"1. 標題：2323 中環 買華星光、光聖、波若威，賣群聯 賺

2. 來源：公開資訊觀測站

3. 網址：

4. 內文：

---公告本公司取得有價證券---
1.證券名稱:
 普通股
2.
3.董事會通過日期: 不適用
4.其他核決日期:
核決層級:董事長核決
民國115年09月07日
5.交易數量、每單位價格及交易總金額:


交易總金額（元）：484,809,516
6.處分利益（或損失）（取得有價證券者不適用）:
不適用
7.與交易標的公司之關係:
無
8.迄目前為止，本交易證券（含本次交易）之數量、金額、持股
比例及權利受限情形（如質押情形）:


9.迄目前為止，依「公開發行公司取得或處分資產處理準則」第三條所列之有價證券投
資（含本次交易）占公司最近期財務報表中總資產及歸屬於母公司業主之權益之比例
暨最近期財務報表中營運資金數額:
占總資產比例:83.35%
占歸屬於母公司業主之權益比例:112.07%
營運資金數額:8,285,327仟元
10.取得或處分之具體目的:
投資組合
11.本次交易表示異議董事之意見:
無
12.本次交易為關係人交易:
否
13.交易相對人及其與公司之關係:
不適用
14.監察人承認或審計委員會同意日期:
不適用
15.前已就同一件事件發布重大訊息日期: 不適用
16.其他敘明事項:
已於115/06/30授權有權交易人在115年第三季期間，得於集中交易市場進行有價證券交易

---公告本公司取得有價證券---
1.證券名稱:
 普通股
2.
3.董事會通過日期: 不適用
4.其他核決日期:
核決層級:董事長核決
民國115年09月07日
5.交易數量、每單位價格及交易總金額:


交易總金額（元）：368,855,837
6.處分利益（或損失）（取得有價證券者不適用）:
不適用
7.與交易標的公司之關係:
無
8.迄目前為止，本交易證券（含本次交易）之數量、金額、持股
比例及權利受限情形（如質押情形）:


9.迄目前為止，依「公開發行公司取得或處分資產處理準則」第三條所列之有價證券投
資（含本次交易）占公司最近期財務報表中總資產及歸屬於母公司業主之權益之比例
暨最近期財務報表中營運資金數額:
占總資產比例:83.35%
占歸屬於母公司業主之權益比例:112.07%
營運資金數額:8,285,327仟元
10.取得或處分之具體目的:
投資組合
11.本次交易表示異議董事之意見:
無
12.本次交易為關係人交易:
否
13.交易相對人及其與公司之關係:
不適用
14.監察人承認或審計委員會同意日期:
不適用
15.前已就同一件事件發布重大訊息日期: 不適用
16.其他敘明事項:
已於115/06/30授權有權交易人在115年第三季期間，得於集中交易市場進行有價證券交易

---公告本公司取得有價證券---
1.證券名稱:
 普通股
2.
3.董事會通過日期: 不適用
4.其他核決日期:
核決層級:董事長核決
民國115年09月07日
5.交易數量、每單位價格及交易總金額:


交易總金額（元）：312,295,851
6.處分利益（或損失）（取得有價證券者不適用）:
不適用
7.與交易標的公司之關係:
無
8.迄目前為止，本交易證券（含本次交易）之數量、金額、持股
比例及權利受限情形（如質押情形）:


9.迄目前為止，依「公開發行公司取得或處分資產處理準則」第三條所列之有價證券投
資（含本次交易）占公司最近期財務報表中總資產及歸屬於母公司業主之權益之比例
暨最近期財務報表中營運資金數額:
占總資產比例:83.35%
占歸屬於母公司業主之權益比例:112.07%
營運資金數額:8,285,327仟元
10.取得或處分之具體目的:
投資組合
11.本次交易表示異議董事之意見:
無
12.本次交易為關係人交易:
否
13.交易相對人及其與公司之關係:
不適用
14.監察人承認或審計委員會同意日期:
不適用
15.前已就同一件事件發布重大訊息日期: 不適用
16.其他敘明事項:
已於115/06/30授權有權交易人在115年第三季期間，得於集中交易市場進行有價證券交易

---公告本公司處分有價證券---
1.證券名稱:
 普通股
2.
3.董事會通過日期: 不適用
4.其他核決日期:
核決層級:董事長核決
民國115年09月07日
5.交易數量、每單位價格及交易總金額:


交易總金額（元）：359,837,010
6.處分利益（或損失）（取得有價證券者不適用）:

7.與交易標的公司之關係:
無
8.迄目前為止，本交易證券（含本次交易）之數量、金額、持股
比例及權利受限情形（如質押情形）:


9.迄目前為止，依「公開發行公司取得或處分資產處理準則」第三條所列之有價證券投
資（含本次交易）占公司最近期財務報表中總資產及歸屬於母公司業主之權益之比例
暨最近期財務報表中營運資金數額:
占總資產比例:83.35%
占歸屬於母公司業主之權益比例:112.07%
營運資金數額:8,285,327仟元
10.取得或處分之具體目的:
投資組合
11.本次交易表示異議董事之意見:
無
12.本次交易為關係人交易:
否
13.交易相對人及其與公司之關係:
不適用
14.監察人承認或審計委員會同意日期:
不適用
15.前已就同一件事件發布重大訊息日期: 不適用
16.其他敘明事項:
已於115/06/30授權有權交易人在115年第三季期間，得於集中交易市場進行有價證券交易

************************************
補充 今天只有1筆賣出公告
賣 群聯 3,136,483元
************************************

--","1 標題2323 中環 買華星光光聖波若威賣群聯 賺

2 來源公開資訊觀測站

3 網址

4 內文

公告本公司取得有價證券
1證券名稱
 普通股
2
3董事會通過日期 不適用
4其他核決日期
核決層級董事長核決
民國115年09月07日
5交易數量每單位價格及交易總金額


交易總金額元484809516
6處分利益或損失取得有價證券者不適用
不適用
7與交易標的公司之關係
無
8迄目前為止本交易證券含本次交易之數量金額持股
比例及權利受限情形如質押情形


9迄目前為止依公開發行公司取得或處分資產處理準則第三條所列之有價證券投
資含本次交易占公司最近期財務報表中總資產及歸屬於母公司業主之權益之比例
暨最近期財務報表中營運資金數額
占總資產比例8335
占歸屬於母公司業主之權益比例11207
營運資金數額8285327仟元
10取得或處分之具體目的
投資組合
11本次交易表示異議董事之意見
無
12本次交易為關係人交易
否
13交易相對人及其與公司之關係
不適用
14監察人承認或審計委員會同意日期
不適用
15前已就同一件事件發布重大訊息日期 不適用
16其他敘明事項
已於1150630授權有權交易人在115年第三季期間得於集中交易市場進行有價證券交易

公告本公司取得有價證券
1證券名稱
 普通股
2
3董事會通過日期 不適用
4其他核決日期
核決層級董事長核決
民國115年09月07日
5交易數量每單位價格及交易總金額


交易總金額元368855837
6處分利益或損失取得有價證券者不適用
不適用
7與交易標的公司之關係
無
8迄目前為止本交易證券含本次交易之數量金額持股
比例及權利受限情形如質押情形


9迄目前為止依公開發行公司取得或處分資產處理準則第三條所列之有價證券投
資含本次交易占公司最近期財務報表中總資產及歸屬於母公司業主之權益之比例
暨最近期財務報表中營運資金數額
占總資產比例8335
占歸屬於母公司業主之權益比例11207
營運資金數額8285327仟元
10取得或處分之具體目的
投資組合
11本次交易表示異議董事之意見
無
12本次交易為關係人交易
否
13交易相對人及其與公司之關係
不適用
14監察人承認或審計委員會同意日期
不適用
15前已就同一件事件發布重大訊息日期 不適用
16其他敘明事項
已於1150630授權有權交易人在115年第三季期間得於集中交易市場進行有價證券交易

公告本公司取得有價證券
1證券名稱
 普通股
2
3董事會通過日期 不適用
4其他核決日期
核決層級董事長核決
民國115年09月07日
5交易數量每單位價格及交易總金額


交易總金額元312295851
6處分利益或損失取得有價證券者不適用
不適用
7與交易標的公司之關係
無
8迄目前為止本交易證券含本次交易之數量金額持股
比例及權利受限情形如質押情形


9迄目前為止依公開發行公司取得或處分資產處理準則第三條所列之有價證券投
資含本次交易占公司最近期財務報表中總資產及歸屬於母公司業主之權益之比例
暨最近期財務報表中營運資金數額
占總資產比例8335
占歸屬於母公司業主之權益比例11207
營運資金數額8285327仟元
10取得或處分之具體目的
投資組合
11本次交易表示異議董事之意見
無
12本次交易為關係人交易
否
13交易相對人及其與公司之關係
不適用
14監察人承認或審計委員會同意日期
不適用
15前已就同一件事件發布重大訊息日期 不適用
16其他敘明事項
已於1150630授權有權交易人在115年第三季期間得於集中交易市場進行有價證券交易

公告本公司處分有價證券
1證券名稱
 普通股
2
3董事會通過日期 不適用
4其他核決日期
核決層級董事長核決
民國115年09月07日
5交易數量每單位價格及交易總金額


交易總金額元359837010
6處分利益或損失取得有價證券者不適用

7與交易標的公司之關係
無
8迄目前為止本交易證券含本次交易之數量金額持股
比例及權利受限情形如質押情形


9迄目前為止依公開發行公司取得或處分資產處理準則第三條所列之有價證券投
資含本次交易占公司最近期財務報表中總資產及歸屬於母公司業主之權益之比例
暨最近期財務報表中營運資金數額
占總資產比例8335
占歸屬於母公司業主之權益比例11207
營運資金數額8285327仟元
10取得或處分之具體目的
投資組合
11本次交易表示異議董事之意見
無
12本次交易為關係人交易
否
13交易相對人及其與公司之關係
不適用
14監察人承認或審計委員會同意日期
不適用
15前已就同一件事件發布重大訊息日期 不適用
16其他敘明事項
已於1150630授權有權交易人在115年第三季期間得於集中交易市場進行有價證券交易


補充 今天只有1筆賣出公告
賣 群聯 3136483元","['標題', '2323', '中環', '買華', '星光', '光聖波', '威賣', '群聯', '來源', '公開', '資訊', '觀測', '網址', '內文', '公告', '公司', '取得', '有價', '證券', '證券', '名稱', '普通股', '董事', '通過', '日期', '適用', '其他', '核決', '日期', '核決', '層級', '董事', '核決', '民國', '115', '09', '07', '交易', '數量', '單位', '價格及', '交易', '總金額', '交易', '總金額', '484809516', '處分', '利益', '損失', '取得', '有價', '證券者', '適用', '適用', '交易', '公司', '之關', '目前', '為止', '交易', '證券', '本次', '交易', '之數量', '金額', '持股', '比例', '權利', '受限', '情形', '如質', '情形', '目前', '為止', '依公開', '發行', '公司', '取得', '或處', '分資產', '處理', '準則', '第三', '條所列', '價證券', '資含', '本次', '交易', '公司', '近期', '財務', '報表中', '總資產及', '歸屬', '母公司', '業主', '權益', '比例', '近期', '財務', '報表中營', '運資金', '數額', '總資產', '比例', '8335', '占歸屬', '母公司', '業主', '權益', '比例', '11207', '營運資', '金數額', '8285327', '仟元', '10', '取得', '處分', '具體', '目的', '投資', '組合', '11', '本次', '交易', '表示', '異議', '董事', '之意', '12', '本次', '交易', '為關', '交易', '13', '交易', '相對', '及其', '公司', '之關', '適用', '14', '監察人', '承認', '審計委員會', '同意', '日期', '適用', '15', '一件', '事件', '發布', '重大', '訊息', '日期', '適用', '16', '其他', '敘明', '事項', '1150630', '授權', '有權', '交易', '115', '第三季', '期間', '集中', '交易', '市場', '進行', '價證券', '交易', '公告', '公司', '取得', '有價', '證券', '證券', '名稱', '普通股', '董事', '通過', '日期', '適用', '其他', '核決', '日期', '核決', '層級', '董事', '核決', '民國', '115', '09', '07', '交易', '數量', '單位', '價格及', '交易', '總金額', '交易', '總金額', '368855837', '處分', '利益', '損失', '取得', '有價', '證券者', '適用', '適用', '交易', '公司', '之關', '目前', '為止', '交易', '證券', '本次', '交易', '之數量', '金額', '持股', '比例', '權利', '受限', '情形', '如質', '情形', '目前', '為止', '依公開', '發行', '公司', '取得', '或處', '分資產', '處理', '準則', '第三', '條所列', '價證券', '資含', '本次', '交易', '公司', '近期', '財務', '報表中', '總資產及', '歸屬', '母公司', '業主', '權益', '比例', '近期', '財務', '報表中營', '運資金', '數額', '總資產', '比例', '8335', '占歸屬', '母公司', '業主', '權益', '比例', '11207', '營運資', '金數額', '8285327', '仟元', '10', '取得', '處分', '具體', '目的', '投資', '組合', '11', '本次', '交易', '表示', '異議', '董事', '之意', '12', '本次', '交易', '為關', '交易', '13', '交易', '相對', '及其', '公司', '之關', '適用', '14', '監察人', '承認', '審計委員會', '同意', '日期', '適用', '15', '一件', '事件', '發布', '重大', '訊息', '日期', '適用', '16', '其他', '敘明', '事項', '1150630', '授權', '有權', '交易', '115', '第三季', '期間', '集中', '交易', '市場', '進行', '價證券', '交易', '公告', '公司', '取得', '有價', '證券', '證券', '名稱', '普通股', '董事', '通過', '日期', '適用', '其他', '核決', '日期', '核決', '層級', '董事', '核決', '民國', '115', '09', '07', '交易', '數量', '單位', '價格及', '交易', '總金額', '交易', '總金額', '312295851', '處分', '利益', '損失', '取得', '有價', '證券者', '適用', '適用', '交易', '公司', '之關', '目前', '為止', '交易', '證券', '本次', '交易', '之數量', '金額', '持股', '比例', '權利', '受限', '情形', '如質', '情形', '目前', '為止', '依公開', '發行', '公司', '取得', '或處', '分資產', '處理', '準則', '第三', '條所列', '價證券', '資含', '本次', '交易', '公司', '近期', '財務', '報表中', '總資產及', '歸屬', '母公司', '業主', '權益', '比例', '近期', '財務', '報表中營', '運資金', '數額', '總資產', '比例', '8335', '占歸屬', '母公司', '業主', '權益', '比例', '11207', '營運資', '金數額', '8285327', '仟元', '10', '取得', '處分', '具體', '目的', '投資', '組合', '11', '本次', '交易', '表示', '異議', '董事', '之意', '12', '本次', '交易', '為關', '交易', '13', '交易', '相對', '及其', '公司', '之關', '適用', '14', '監察人', '承認', '審計委員會', '同意', '日期', '適用', '15', '一件', '事件', '發布', '重大', '訊息', '日期', '適用', '16', '其他', '敘明', '事項', '1150630', '授權', '有權', '交易', '115', '第三季', '期間', '集中', '交易', '市場', '進行', '價證券', '交易', '公告', '公司', '處分', '價證券', '證券', '名稱', '普通股', '董事', '通過', '日期', '適用', '其他', '核決', '日期', '核決', '層級', '董事', '核決', '民國', '115', '09', '07', '交易', '數量', '單位', '價格及', '交易', '總金額', '交易', '總金額', '359837010', '處分', '利益', '損失', '取得', '有價', '證券者', '適用', '交易', '公司', '之關', '目前', '為止', '交易', '證券', '本次', '交易', '之數量', '金額', '持股', '比例', '權利', '受限', '情形', '如質', '情形', '目前', '為止', '依公開', '發行', '公司', '取得', '或處', '分資產', '處理', '準則', '第三', '條所列', '價證券', '資含', '本次', '交易', '公司', '近期', '財務', '報表中', '總資產及', '歸屬', '母公司', '業主', '權益', '比例', '近期', '財務', '報表中營', '運資金', '數額', '總資產', '比例', '8335', '占歸屬', '母公司', '業主', '權益', '比例', '11207', '營運資', '金數額', '8285327', '仟元', '10', '取得', '處分', '具體', '目的', '投資', '組合', '11', '本次', '交易', '表示', '異議', '董事', '之意', '12', '本次', '交易', '為關', '交易', '13', '交易', '相對', '及其', '公司', '之關', '適用', '14', '監察人', '承認', '審計委員會', '同意', '日期', '適用', '15', '一件', '事件', '發布', '重大', '訊息', '日期', '適用', '16', '其他', '敘明', '事項', '1150630', '授權', '有權', '交易', '115', '第三季', '期間', '集中', '交易', '市場', '進行', '價證券', '交易', '補充', '今天', '只有', '筆賣', '公告', '群聯', '3136483']",Positive,0.8015159964561462
M.1788780140.A.5F1,[情報] 2498 宏達電 115年8月營收,BlueBird5566,2026-09-07 19:22:17,20,https://www.ptt.cc/bbs/Stock/M.1788780140.A.5F1.html,"標題：2498 宏達電 115年8月營收

來源：公開資訊觀測站
(公司名、網站名)

網址：
(請善用縮網址工具)

內文：

本資料由　(上市公司)宏達電　公司提供
民國115年08月   單位：新台幣仟元

項目    營業收入淨額
本月      246,093
去年同期          266,660
增減金額          -20,567
增減百分比        
本年累計          1,691,631
去年累計          1,817,432
增減金額          -125,801
增減百分比        
備註 / 營收變化原因說明

--","標題2498 宏達電 115年8月營收

來源公開資訊觀測站
公司名網站名

網址
請善用縮網址工具

內文

本資料由　上市公司宏達電　公司提供
民國115年08月   單位新台幣仟元

項目    營業收入淨額
本月      246093
去年同期          266660
增減金額          20567
增減百分比        
本年累計          1691631
去年累計          1817432
增減金額          125801
增減百分比        
備註  營收變化原因說明","['標題', '2498', '宏達電', '115', '營收', '來源', '公開', '資訊', '觀測', '公司', '名網', '站名', '網址', '善用', '縮網址', '工具', '內文', '本資料', '上市公司', '宏達電', '公司', '提供', '民國', '115', '08', '單位', '台幣', '項目', '營業', '收入', '淨額', '本月', '246093', '去年同期', '266660', '增減', '金額', '20567', '增減', '百分比', '本年', '累計', '1691631', '去年', '累計', '1817432', '增減', '金額', '125801', '增減', '百分比', '營收', '變化', '原因', '說明']",Positive,0.8925700187683105
M.1788779360.A.7B3,[情報] 3357 臺慶科 115年08月營收,granter,2026-09-07 19:09:17,8,https://www.ptt.cc/bbs/Stock/M.1788779360.A.7B3.html,"標題：3357 臺慶科 115年08月營收
來源：
網址：(超過一行，請使用縮網址工具，否則4-1處分)
內文：

本資料由 (上櫃公司) 臺慶科 公司提供
民國115年08月  單位：新台幣仟元

項目             營業收入淨額
本月                  815,423
去年同期              532,722
增減金額              282,701
增減百分比              53.07
本年累計            5,604,810
去年累計            4,238,998
增減金額            1,365,812
增減百分比              32.22

備註/營收變化原因說明：受AI、車用等產品需求持續提升，客戶出貨動能
延續近期成長趨勢，致本月營收較去年同期成長53.07%。

1月  601,280
2月  478,253
3月  655,956
4月  704,105
5月  709,395
6月  764,513
7月  875,885

備註：月減7%

--","標題3357 臺慶科 115年08月營收
來源
網址超過一行請使用縮網址工具否則41處分
內文

本資料由 上櫃公司 臺慶科 公司提供
民國115年08月  單位新台幣仟元

項目             營業收入淨額
本月                  815423
去年同期              532722
增減金額              282701
增減百分比              5307
本年累計            5604810
去年累計            4238998
增減金額            1365812
增減百分比              3222

備註營收變化原因說明受AI車用等產品需求持續提升客戶出貨動能
延續近期成長趨勢致本月營收較去年同期成長5307

1月  601280
2月  478253
3月  655956
4月  704105
5月  709395
6月  764513
7月  875885

備註月減7","['標題', '3357', '慶科', '115', '08', '營收', '來源', '網址', '超過', '一行', '使用', '縮網址', '工具', '否則', '41', '處分', '內文', '本資料', '上櫃', '公司', '慶科', '公司', '提供', '民國', '115', '08', '單位', '台幣', '項目', '營業', '收入', '淨額', '本月', '815423', '去年同期', '532722', '增減', '金額', '282701', '增減', '百分比', '5307', '本年', '累計', '5604810', '去年', '累計', '4238998', '增減', '金額', '1365812', '增減', '百分比', '3222', '原因', '明受', 'AI', '車用', '產品', '需求', '持續', '提升', '客戶', '出貨動', '延續', '近期', '成長', '趨勢致', '本月', '營收', '去年同期', '成長', '5307', '601280', '478253', '655956', '704105', '709395', '764513', '875885']",Positive,0.6608205437660217
M.1788778944.A.8F3,Re: [新聞] 全國空屋率跌破10%是假象！高雄11.9萬宅,NovaShin,2026-09-07 19:02:22,20,https://www.ptt.cc/bbs/Stock/M.1788778944.A.8F3.html,"當然有差呀
你贏錢不會加碼嗎？

這波多的是前面賺錢後面加碼
結果搭上車門焊死的落日飛車
拿賺的加碼就算了還增貸質押

尤其2024延續到2025的FOMO
現在根本就是加碼大中計

這波銀行緊縮跟擋撥還看不到盡頭
老實說真的不知道今明兩年要怎麼交屋

後續交屋都是六成 五成
餘屋也禁止貸款了


QQ



好險我先下車了 ㄎㄎ

--","當然有差呀
你贏錢不會加碼嗎

這波多的是前面賺錢後面加碼
結果搭上車門焊死的落日飛車
拿賺的加碼就算了還增貸質押

尤其2024延續到2025的FOMO
現在根本就是加碼大中計

這波銀行緊縮跟擋撥還看不到盡頭
老實說真的不知道今明兩年要怎麼交屋

後續交屋都是六成 五成
餘屋也禁止貸款了


QQ



好險我先下車了","['當然', '贏錢', '不會', '加碼', '這波', '前面', '錢後面', '加碼', '結果', '車門', '焊死', '落日', '飛車', '加碼', '就算', '還增', '貸質', '尤其', '2024', '延續', '2025', 'FOMO', '現在', '根本就是', '加碼', '大中計', '這波', '銀行', '緊縮', '撥還', '看不到', '盡頭', '老實', '真的', '知道', '今明', '兩年', '怎麼', '交屋', '交屋', '六成', '五成', '餘屋', '禁止', '貸款', 'QQ', '好險', '先下車']",Positive,0.7885599136352539
M.1788778377.A.5FE,[新聞] 台船的百萬噸船塢被列為全球最大　拿過大,cjol,2026-09-07 18:52:54,0,https://www.ptt.cc/bbs/Stock/M.1788778377.A.5FE.html,"台船的百萬噸船塢被列為全球最大　拿過大陸中遠與山東海豐訂單

2026-09-06ettoday記者張佩芬／台北報導

近日臉書上有國際海事網站在臉書上為全球造船廠船塢列出排名，台灣國際造船公司
(2208)高雄廠的百萬噸船塢，以長950米被列為全球第一。成立於1973年，擁有53年歷史
的台船，在1977年曾經建造過44.5萬噸的巨型油輪「柏瑪奮進號」，也曾在1993年接造過
大陸中國遠洋運輸公司香港子公司4艘貨櫃船，2013年接造過山東海豐集團12艘貨櫃船。

有過輝煌歷史的台船，早年因為貨櫃船設計、建造品質佳，1993年中國遠洋(現在的中遠
海運)訂造了4艘3500箱(20呎櫃)貨櫃船，山東海豐集團在2013年訂造12艘1808箱貨櫃船，
另向新加坡公司購買的兩艘也是台船建造的。

在韓國與大陸造船業相繼崛起後，台船因為缺乏上下游支援，在建造商船方面已經無法與
取得獲利，今年估計能夠轉虧為盈，主要是靠承造官方艦艇，以及離岸風電相關工程。

▲現在台船建造無人自殺艇不需要使用船塢，在平地建造，造好吊到海上就可使用。（圖
／取自台船官網）

曾經兩度接掌台船的前董事長鄭文隆，任內曾經以台船造船成本比鄰國高兩成以上，指出
陽明、長榮、萬海、德翔等我國航商都在國外造船，而中國大陸造船廠透過政府金融政策
支持，讓台船過去的老客戶，德國彼得道爾轉往大陸造船，要求政府只少要給國內航商造
船獎勵。

對於台船高雄船塢到底是不是全球最大船塢，鄭文隆指出，早年的資訊以長度計，台船是
第二大，以面積計是第四大，但歷經造船業不景氣，加上大陸造船業市佔率已經高達七成
，估計有不少歐美、日本大造船廠已經停工，台船是有可能名列第一。


▲台船的百萬噸船塢調動使用相當不便。（圖／台船提供）

但鄭文隆坦言，百萬噸船塢其實是大而無當，現在已經很少船東在造巨型船舶，後來台船
將該船塢分成六個區塊造船，但是使用上相當不便利，因為在乾船塢造船，造好要進水做
測試時，要把那個區塊堵起來，調動使用相當不便。

台船目前手上最大型船舶，就是中航(2612)的21萬噸大海岬型船兩艘，預計本月底與今年
年底或明年初各交1艘，另外還有萬海的12艘8千箱貨櫃船。因為接造商船都是虧錢，台船
已經暫停接造。

maritimes insights hub在臉書公布的訊息指出，韓國現代重工與大連中遠船塢都是長
700米，印度SDHI長662米，三星重工巨濟長640米。







現在基本面轉虧為盈全靠「潛艦國造、軍艦與離岸風電」支撐。百萬噸巨塢榮光不再，
未來回歸國防軍工與綠能標案，本業能不能站穩才是關鍵！

--","台船的百萬噸船塢被列為全球最大　拿過大陸中遠與山東海豐訂單

20260906ettoday記者張佩芬台北報導

近日臉書上有國際海事網站在臉書上為全球造船廠船塢列出排名台灣國際造船公司
2208高雄廠的百萬噸船塢以長950米被列為全球第一成立於1973年擁有53年歷史
的台船在1977年曾經建造過445萬噸的巨型油輪柏瑪奮進號也曾在1993年接造過
大陸中國遠洋運輸公司香港子公司4艘貨櫃船2013年接造過山東海豐集團12艘貨櫃船

有過輝煌歷史的台船早年因為貨櫃船設計建造品質佳1993年中國遠洋現在的中遠
海運訂造了4艘3500箱20呎櫃貨櫃船山東海豐集團在2013年訂造12艘1808箱貨櫃船
另向新加坡公司購買的兩艘也是台船建造的

在韓國與大陸造船業相繼崛起後台船因為缺乏上下游支援在建造商船方面已經無法與
取得獲利今年估計能夠轉虧為盈主要是靠承造官方艦艇以及離岸風電相關工程

現在台船建造無人自殺艇不需要使用船塢在平地建造造好吊到海上就可使用圖
取自台船官網

曾經兩度接掌台船的前董事長鄭文隆任內曾經以台船造船成本比鄰國高兩成以上指出
陽明長榮萬海德翔等我國航商都在國外造船而中國大陸造船廠透過政府金融政策
支持讓台船過去的老客戶德國彼得道爾轉往大陸造船要求政府只少要給國內航商造
船獎勵

對於台船高雄船塢到底是不是全球最大船塢鄭文隆指出早年的資訊以長度計台船是
第二大以面積計是第四大但歷經造船業不景氣加上大陸造船業市佔率已經高達七成
估計有不少歐美日本大造船廠已經停工台船是有可能名列第一


台船的百萬噸船塢調動使用相當不便圖台船提供

但鄭文隆坦言百萬噸船塢其實是大而無當現在已經很少船東在造巨型船舶後來台船
將該船塢分成六個區塊造船但是使用上相當不便利因為在乾船塢造船造好要進水做
測試時要把那個區塊堵起來調動使用相當不便

台船目前手上最大型船舶就是中航2612的21萬噸大海岬型船兩艘預計本月底與今年
年底或明年初各交1艘另外還有萬海的12艘8千箱貨櫃船因為接造商船都是虧錢台船
已經暫停接造

maritimes insights hub在臉書公布的訊息指出韓國現代重工與大連中遠船塢都是長
700米印度SDHI長662米三星重工巨濟長640米







現在基本面轉虧為盈全靠潛艦國造軍艦與離岸風電支撐百萬噸巨塢榮光不再
未來回歸國防軍工與綠能標案本業能不能站穩才是關鍵","['台船', '百萬噸', '船塢', '列為', '全球', '最大', '過大陸', '中遠', '山東海', '豐訂', '20260906ettoday', '記者', '張佩芬', '台北', '報導', '近日', '臉書上', '國際', '海事', '網站', '臉書上', '全球', '造船', '廠船', '列出', '排名', '台灣國際', '造船公司', '2208', '高雄廠', '百萬噸', '船塢', '以長', '950', '列為', '全球', '第一', '成立', '1973', '擁有', '53', '歷史', '1977', '曾經', '建造', '445', '萬噸', '巨型', '油輪', '柏瑪奮', '進號', '1993', '接造過', '大陸', '中國', '遠洋', '運輸', '公司', '香港', '子公司', '貨櫃船', '2013', '接造', '過山', '東海', '豐集團', '12', '貨櫃船', '過輝煌', '歷史', '台船', '早年', '因為', '貨櫃船', '設計', '建造', '品質佳', '1993', '中國', '遠洋現', '中遠', '海運', '訂造', '3500', '20', '櫃貨櫃', '船山', '東海', '豐集團', '2013', '訂造', '12', '1808', '箱貨櫃', '新加坡', '公司', '購買', '兩艘', '台船', '建造', '韓國', '大陸', '造船', '業相繼', '崛起', '台船', '因為', '缺乏', '上下游', '支援', '建造', '商船', '方面', '已經', '無法', '取得', '獲利', '今年', '估計', '能夠', '轉虧', '為盈', '主要', '承造', '官方', '艦艇', '以及', '離岸', '風電', '相關', '工程', '現在', '台船', '建造', '無人', '自殺艇', '需要', '使用', '船塢', '平地', '建造', '造好', '吊到', '海上', '使用', '取自', '台船', '官網', '曾經', '兩度', '接掌', '台船', '董事', '鄭文隆', '任內', '經以', '台船', '造船', '成本', '比鄰', '國高', '兩成', '以上', '指出', '陽明長', '榮萬', '海德', '國航', '商都', '國外', '造船', '中國大陸', '造船', '透過', '政府', '金融', '政策', '支持', '船過', '老客', '戶德國', '彼得', '道爾轉', '往大陸', '造船', '要求', '政府', '只少要', '給國內', '航商造', '船獎勵', '台船', '高雄', '船塢', '到底', '是不是', '全球', '最大', '船塢', '鄭文隆', '指出', '早年', '資訊', '以長', '計台', '第二', '大以', '面積計', '第四', '歷經', '造船', '業不景氣', '加上', '大陸', '造船', '業市', '佔率', '已經', '高達', '七成', '估計', '不少', '歐美', '日本', '造船', '已經', '停工', '台船', '可能', '名列第一', '台船', '百萬噸', '船塢', '調動', '使用', '相當', '不便', '圖台', '提供', '鄭文隆', '坦言', '百萬噸', '船塢', '其實', '當現', '已經', '很少', '船東', '巨型', '船舶', '台船', '將該', '船塢', '分成', '六個', '區塊', '造船', '但是', '使用', '相當', '便利', '因為', '乾船', '造船', '造好', '進水', '測試', '時要', '那個', '區塊', '堵起', '調動', '使用', '相當', '不便', '台船', '目前', '手上', '大型', '船舶', '就是', '中航', '2612', '21', '萬噸', '大海', '岬型', '兩艘', '預計', '本月底', '今年', '年底', '明年初', '各交', '另外', '還有', '萬海', '12', '千箱', '貨櫃船', '因為', '接造', '商船', '台船', '已經', '暫停', '接造', 'maritimes', 'insights', 'hub', '臉書', '公布', '訊息', '指出', '韓國', '現代', '重工', '大連', '中遠', '船塢', '700', '印度', 'SDHI', '662', '三星', '重工', '巨濟長', '640', '現在', '基本面', '轉虧', '為盈', '全靠', '潛艦', '國造', '軍艦', '離岸', '風電', '支撐', '百萬噸', '巨塢', '榮光', '不再', '未來', '回歸國', '防軍工', '綠能', '標案', '本業', '不能', '穩才', '關鍵']",Positive,0.9920152425765991
M.1788770617.A.BD0,[情報] 3034 聯詠 8月營收,GoToCHT,2026-09-07 16:43:35,9,https://www.ptt.cc/bbs/Stock/M.1788770617.A.BD0.html,"本資料由　(上市公司)聯詠　公司提供
民國115年08月   單位：新台幣仟元

項目    營業收入淨額
本月      
去年同期          8,174,953
增減金額          2,152,491
增減百分比        
本年累計          72,429,177
去年累計          69,567,636
增減金額          2,861,541
增減百分比        
備註 / 營收變化原因說明


yoy 
mom 

連續三個月破百億

--","本資料由　上市公司聯詠　公司提供
民國115年08月   單位新台幣仟元

項目    營業收入淨額
本月      
去年同期          8174953
增減金額          2152491
增減百分比        
本年累計          72429177
去年累計          69567636
增減金額          2861541
增減百分比        
備註  營收變化原因說明


yoy 
mom 

連續三個月破百億","['本資料', '上市公司', '聯詠', '公司', '提供', '民國', '115', '08', '單位', '台幣', '項目', '營業', '收入', '淨額', '本月', '去年同期', '8174953', '增減', '金額', '2152491', '增減', '百分比', '本年', '累計', '72429177', '去年', '累計', '69567636', '增減', '金額', '2861541', '增減', '百分比', '營收', '變化', '原因', '說明', 'yoy', 'mom', '連續', '三個', '破百']",Positive,0.9276152849197388
M.1788778360.A.14C,[情報] 0907 上市櫃股票週轉率排行,steveisaman,2026-09-07 18:52:38,0,https://www.ptt.cc/bbs/Stock/M.1788778360.A.14C.html,"上市

排行     股票名稱       收盤價  漲跌    漲跌幅  成交量  周轉率

1        3094聯傑       44.80   -1.70   -3.66%  19,618  23.60%
2        2426鼎元       99.10   -5.40   -5.17%  61,028  20.30%
3        6672騰輝電子KY 299.50  +10.50  +3.63%  14,526  17.80%
4        2481強茂       158.00  +2.00   +1.28%  60,891  15.94%
5        2492華新科     323.00  +24.50  +8.21%  47,400  9.77%
6        8996高力       1,240.0 -60.00  -4.62%  8,775   9.39%
7        6426統新       296.00  +26.50  +9.83%  3,492   9.07%
8        8021尖點       462.00  +42.00  +10.00% 13,047  9.00%
9        3006晶豪科     297.00  +18.50  +6.64%  26,812  8.99%
10       8039台虹       327.00  +29.50  +9.92%  22,299  8.45%

資料來源：

上櫃

排行     股票名稱       收盤價  漲跌    漲跌幅  成交量  周轉率

1        3441聯一光     131.00  -12.00  -8.39%  13,827  34.53%
2        3624光頡       96.90   +3.70   +3.97%  20,054  17.09%
3        6588東典光電   118.00  +9.50   +8.76%  5,490   15.82%
4        8111立碁       73.50   +3.50   +5.00%  17,245  15.81%
5        6538倉和       305.00  +5.00   +1.67%  5,901   15.35%
6        1815富喬       130.00  +11.50  +9.70%  71,460  12.21%
7        3141晶宏       102.00  -0.50   -0.49%  8,381   11.11%
8        4979華星光     590.00  -39.00  -6.20%  15,731  11.01%
9        8431匯鑽科     67.30   -1.50   -2.18%  5,372   11.01%
10       2221大甲       86.70   -4.10   -4.52%  4,254   10.05%

資料來源：

何謂股票週轉率?

來源：

--","上市

排行     股票名稱       收盤價  漲跌    漲跌幅  成交量  周轉率

1        3094聯傑       4480   170   366  19618  2360
2        2426鼎元       9910   540   517  61028  2030
3        6672騰輝電子KY 29950  1050  363  14526  1780
4        2481強茂       15800  200   128  60891  1594
5        2492華新科     32300  2450  821  47400  977
6        8996高力       12400 6000  462  8775   939
7        6426統新       29600  2650  983  3492   907
8        8021尖點       46200  4200  1000 13047  900
9        3006晶豪科     29700  1850  664  26812  899
10       8039台虹       32700  2950  992  22299  845

資料來源

上櫃

排行     股票名稱       收盤價  漲跌    漲跌幅  成交量  周轉率

1        3441聯一光     13100  1200  839  13827  3453
2        3624光頡       9690   370   397  20054  1709
3        6588東典光電   11800  950   876  5490   1582
4        8111立碁       7350   350   500  17245  1581
5        6538倉和       30500  500   167  5901   1535
6        1815富喬       13000  1150  970  71460  1221
7        3141晶宏       10200  050   049  8381   1111
8        4979華星光     59000  3900  620  15731  1101
9        8431匯鑽科     6730   150   218  5372   1101
10       2221大甲       8670   410   452  4254   1005

資料來源

何謂股票週轉率

來源","['上市', '排行', '股票', '名稱', '收盤價', '漲跌', '跌幅', '成交量', '周轉率', '3094', '聯傑', '4480', '170', '366', '19618', '2360', '2426', '鼎元', '9910', '540', '517', '61028', '2030', '6672', '騰輝', '電子', 'KY', '29950', '1050', '363', '14526', '1780', '2481', '強茂', '15800', '200', '128', '60891', '1594', '2492', '新科', '32300', '2450', '821', '47400', '977', '8996', '高力', '12400', '6000', '462', '8775', '939', '6426', '統新', '29600', '2650', '983', '3492', '907', '8021', '尖點', '46200', '4200', '1000', '13047', '900', '3006', '晶豪科', '29700', '1850', '664', '26812', '899', '10', '8039', '台虹', '32700', '2950', '992', '22299', '845', '資料', '來源', '上櫃', '排行', '股票', '名稱', '收盤價', '漲跌', '跌幅', '成交量', '周轉率', '3441', '聯一光', '13100', '1200', '839', '13827', '3453', '3624', '光頡', '9690', '370', '397', '20054', '1709', '6588', '東典', '光電', '11800', '950', '876', '5490', '1582', '8111', '7350', '350', '500', '17245', '1581', '6538', '30500', '500', '167', '5901', '1535', '1815', '富喬', '13000', '1150', '970', '71460', '1221', '3141', '晶宏', '10200', '050', '049', '8381', '1111', '4979', '星光', '59000', '3900', '620', '15731', '1101', '8431', '匯鑽科', '6730', '150', '218', '5372', '1101', '10', '2221', '大甲', '8670', '410', '452', '4254', '1005', '資料', '來源', '何謂', '股票', '週轉率', '來源']",Negative,0.7435489296913147
M.1788777623.A.0A6,[情報] 0907 上市櫃外資投信買超金額排行,steveisaman,2026-09-07 18:40:21,2,https://www.ptt.cc/bbs/Stock/M.1788777623.A.0A6.html,"外資

排行    股票名稱   收盤價   漲跌  買超(百萬)

1       2330台積電  2460    +50     39,495
2       2454聯發科  4760    +345    13,768
3       3711日月投  621     +33     11,347
4       2344華邦電  180     +6       8,569
5       6770力積電  72.9    +4.4     8,126
6       2408南亞科  517     +21      7,080
7       2303聯電    143     +13      5,429
8       4958臻鼎-KY 501     +38      4,930
9       2409友達    28.7    +1.9     4,462
10      2327國巨*   589     +27      3,798


資料來源：

投信

排行    股票名稱   收盤價   漲跌  買超(百萬)

1       2454聯發科  4760    +345     4,309
2       2303聯電    143     +13      2,092
3       3529力旺    2570    +185     1,535
4       2357華碩    999     -26      1,427
5       4958臻鼎-KY 501     +38      1,345
6       1303南亞    230.5   +5       1,286
7       6510精測    3470    +120       935
8       1815富喬    130     +11.5      922
9       3105穩懋    450.5   +1         833
10      5274信驊    19215   +1745      779


資料來源：

以上 謝謝

--","外資

排行    股票名稱   收盤價   漲跌  買超百萬

1       2330台積電  2460    50     39495
2       2454聯發科  4760    345    13768
3       3711日月投  621     33     11347
4       2344華邦電  180     6       8569
5       6770力積電  729    44     8126
6       2408南亞科  517     21      7080
7       2303聯電    143     13      5429
8       4958臻鼎KY 501     38      4930
9       2409友達    287    19     4462
10      2327國巨   589     27      3798


資料來源

投信

排行    股票名稱   收盤價   漲跌  買超百萬

1       2454聯發科  4760    345     4309
2       2303聯電    143     13      2092
3       3529力旺    2570    185     1535
4       2357華碩    999     26      1427
5       4958臻鼎KY 501     38      1345
6       1303南亞    2305   5       1286
7       6510精測    3470    120       935
8       1815富喬    130     115      922
9       3105穩懋    4505   1         833
10      5274信驊    19215   1745      779


資料來源

以上 謝謝","['外資', '排行', '股票', '名稱', '收盤價', '漲跌', '超百萬', '2330', '台積電', '2460', '50', '39495', '2454', '聯發科', '4760', '345', '13768', '3711', '日月', '621', '33', '11347', '2344', '華邦電', '180', '8569', '6770', '力積電', '729', '44', '8126', '2408', '南亞科', '517', '21', '7080', '2303', '聯電', '143', '13', '5429', '4958', 'KY', '501', '38', '4930', '2409', '友達', '287', '19', '4462', '10', '2327', '國巨', '589', '27', '3798', '資料', '來源', '投信', '排行', '股票', '名稱', '收盤價', '漲跌', '超百萬', '2454', '聯發科', '4760', '345', '4309', '2303', '聯電', '143', '13', '2092', '3529', '力旺', '2570', '185', '1535', '2357', '華碩', '999', '26', '1427', '4958', 'KY', '501', '38', '1345', '1303', '南亞', '2305', '1286', '6510', '精測', '3470', '120', '935', '1815', '富喬', '130', '115', '922', '3105', '穩懋', '4505', '833', '10', '5274', '信驊', '19215', '1745', '779', '資料', '來源', '以上', '謝謝']",Positive,0.6149850487709045
M.1788776688.A.DD4,[情報] 2379 瑞昱 115年8月營收,jan58912,2026-09-07 18:24:39,14,https://www.ptt.cc/bbs/Stock/M.1788776688.A.DD4.html,"-------------------------------------------------------------------------
1.請符合以下文章格式，違者4-1處分。
2.本分類提供以下幾種文章搬運
        a. 每日交易數據相關：每日法人買買超、融資券、交易量...
        b. 公司重要訊息相關：營收、股利、股東會懶人包、法說會內容整理...
        c. 現有資訊整理相關：殖利率排名、金融股獲利分布...
3.請詳閱板規參考相關規定。
----------------------------按ctrl+y可刪除以上內容。---------------------

標題：2379 瑞昱 115年8月營收

來源：

網址：

內文：

心得：在能不能重回900呢
-----
Sent from  on my iPhone

--","1請符合以下文章格式違者41處分
2本分類提供以下幾種文章搬運
        a 每日交易數據相關每日法人買買超融資券交易量
        b 公司重要訊息相關營收股利股東會懶人包法說會內容整理
        c 現有資訊整理相關殖利率排名金融股獲利分布
3請詳閱板規參考相關規定
按ctrly可刪除以上內容

標題2379 瑞昱 115年8月營收

來源

網址

內文

心得在能不能重回900呢

Sent from  on my iPhone","['符合', '以下', '文章', '格式', '違者', '41', '處分', '本分', '提供', '以下', '幾種', '文章', '搬運', '每日', '交易', '數據', '相關', '每日', '法人', '超融', '資券', '交易量', '公司', '重要', '訊息', '相關', '營收', '股利', '股東會', '懶人', '包法', '說會', '內容', '整理', '現有', '資訊', '整理', '相關殖', '利率', '排名', '金融股', '獲利', '分布', '請詳', '閱板', '規參考', '相關', '規定', 'ctrly', '刪除', '以上', '內容', '標題', '2379', '瑞昱', '115', '營收', '來源', '網址', '內文', '心得', '不能', '重回', '900', 'Sent', 'from', 'on', 'my', 'iPhone']",Positive,0.7669293880462646
M.1788775616.A.CA1,[情報] 2436 偉詮電 115年8月營收,johnney,2026-09-07 18:06:54,1,https://www.ptt.cc/bbs/Stock/M.1788775616.A.CA1.html,"1. 標題：2436 偉詮電 115年8月營收

2. 來源：公開資訊觀測站

3. 網址：

4. 內文：


本資料由　(上市公司)偉詮電　公司提供
民國115年08月   單位：新台幣仟元

項目            營業收入淨額
本月            428,927
去年同期        324,584
增減金額        104,343

本年累計        3,039,923
去年累計        2,330,981
增減金額        708,942


心得：今天賞了第一顆燈
#偏強機會股
#W底
#營收創高股

--","1 標題2436 偉詮電 115年8月營收

2 來源公開資訊觀測站

3 網址

4 內文


本資料由　上市公司偉詮電　公司提供
民國115年08月   單位新台幣仟元

項目            營業收入淨額
本月            428927
去年同期        324584
增減金額        104343

本年累計        3039923
去年累計        2330981
增減金額        708942


心得今天賞了第一顆燈
偏強機會股
W底
營收創高股","['標題', '2436', '詮電', '115', '營收', '來源', '公開', '資訊', '觀測', '網址', '內文', '本資料', '上市公司', '詮電', '公司', '提供', '民國', '115', '08', '單位', '台幣', '項目', '營業', '收入', '淨額', '本月', '428927', '去年同期', '324584', '增減', '金額', '104343', '本年', '累計', '3039923', '去年', '累計', '2330981', '增減', '金額', '708942', '心得', '今天', '賞了', '第一', '顆燈', '偏強', '機會股', '營收', '創高股']",Positive,0.9797955751419067
M.1788775205.A.92E,[新聞] 賣廠拚轉型！「這檔面板」獲法人喊買、3,ann16,2026-09-07 18:00:03,1,https://www.ptt.cc/bbs/Stock/M.1788775205.A.92E.html,"賣廠拚轉型！「這檔面板」獲法人喊買、30元目標價　聯電8月營收寫近4年新
高爆量登成交王



2026年9月7日週一 上午11:35

邱梓欣

由於美國非農就業人口暴增至16.2萬人，高於市場預估的5.6萬人，因此即使美
股過半收黑，但費半逆勢強漲逾3％，激勵台指期業盤上漲473點，而台股今（7）日開盤延
續多頭氣勢，以46,724.00點開高，截至上午11時20分，加權指數暫報47,283.88點，上漲73
2.75點，漲幅1.57％，暫時收復4萬7大關。觀察今日盤中成交量排行，晶圓代工大廠聯電（
2303）日前公布8月合併營收250.45億元，月增5.03%、年增30.71%，已連續6個月呈現月增
態勢，更改寫近四年新高，並創下歷史單月第三高紀錄；累計今年前8月合併營收達1786.59
億元，年增14.66%，僅低於2022年同期，寫下歷年同期次高。今股價開高走高，盤中更猛衝
上漲停，暫報143元，漲幅10％，成交量湧31.2萬張暫時居冠。


同在交量前5榜上的面板大廠友達（2409），近年陸續賣廠，朝「輕資產化」轉型。日前，
其董事會透露，因LCD面板需求低迷及產線不具經濟效益，於日前決議關閉新加坡廠（L4B產
線），並將其售予Western Digital (Singapore) Pte. Ltd.及其他指定之人，交易總金額
為新加坡幣3.5億元（未稅，約當新台幣87.53億元）；據本土民營金控旗下投顧的最新報告
指出，認為友達部分廠房產權移轉仍需一段時間，相關處分利益預計在2027年陸續認列。法
人也預估，友達今年營收約2,818.25億元、EPS為0.12元，2027年營收有望增至2,909.17億
元、EPS上看2.85元，並維持「買進」建議、目標價30元。




截至中午11時20分，根據「Yahoo!股市」資料顯示，上市個股盤中成交量排行前五名分別為
：第一名、聯電（2303）成交量31萬4034張。第二名、友達（2409）成交量25萬8073張。第
三名、力積電（6770）成交量18萬412張。第四名、群創（3481）成交量12萬5699張。第五
名、仁寶（2324）成交量9萬3664張。


友達 拉高出貨 一日行情
看了籌碼 一堆隔日沖

明天友達有紅記得跑


跟著南茂哥換華邦電 國巨 才是正確的策略

看看辣個南茂哥

靠南亞科 華邦電 國巨
賺到不要不要

友達什麼鬼啊 有夠爛 五年前高點33

南茂哥當年一路開始猛吹

現在不吹了 股價連30都沒有

買到面板真的撞到

台股一堆好股票可以做

別傻傻去買沒基本面 的友達跟群創 套牢會開始愛喝雞湯




--


跳針洗腦沒意義 不爽可以對坐

越來越多人清醒 不如買正二也別投資面板
都有發文 明天隔日沖倒光 嘻嘻","賣廠拚轉型這檔面板獲法人喊買30元目標價　聯電8月營收寫近4年新
高爆量登成交王



2026年9月7日週一 上午1135

邱梓欣

由於美國非農就業人口暴增至162萬人高於市場預估的56萬人因此即使美
股過半收黑但費半逆勢強漲逾3激勵台指期業盤上漲473點而台股今7日開盤延
續多頭氣勢以4672400點開高截至上午11時20分加權指數暫報4728388點上漲73
275點漲幅157暫時收復4萬7大關觀察今日盤中成交量排行晶圓代工大廠聯電
2303日前公布8月合併營收25045億元月增503年增3071已連續6個月呈現月增
態勢更改寫近四年新高並創下歷史單月第三高紀錄累計今年前8月合併營收達178659
億元年增1466僅低於2022年同期寫下歷年同期次高今股價開高走高盤中更猛衝
上漲停暫報143元漲幅10成交量湧312萬張暫時居冠


同在交量前5榜上的面板大廠友達2409近年陸續賣廠朝輕資產化轉型日前
其董事會透露因LCD面板需求低迷及產線不具經濟效益於日前決議關閉新加坡廠L4B產
線並將其售予Western Digital Singapore Pte Ltd及其他指定之人交易總金額
為新加坡幣35億元未稅約當新台幣8753億元據本土民營金控旗下投顧的最新報告
指出認為友達部分廠房產權移轉仍需一段時間相關處分利益預計在2027年陸續認列法
人也預估友達今年營收約281825億元EPS為012元2027年營收有望增至290917億
元EPS上看285元並維持買進建議目標價30元




截至中午11時20分根據Yahoo股市資料顯示上市個股盤中成交量排行前五名分別為
第一名聯電2303成交量31萬4034張第二名友達2409成交量25萬8073張第
三名力積電6770成交量18萬412張第四名群創3481成交量12萬5699張第五
名仁寶2324成交量9萬3664張


友達 拉高出貨 一日行情
看了籌碼 一堆隔日沖

明天友達有紅記得跑


跟著南茂哥換華邦電 國巨 才是正確的策略

看看辣個南茂哥

靠南亞科 華邦電 國巨
賺到不要不要

友達什麼鬼啊 有夠爛 五年前高點33

南茂哥當年一路開始猛吹

現在不吹了 股價連30都沒有

買到面板真的撞到

台股一堆好股票可以做

別傻傻去買沒基本面 的友達跟群創 套牢會開始愛喝雞湯","['賣廠', '轉型', '這檔', '面板', '法人', '30', '元目', '標價', '聯電', '營收', '爆量', '成交', '2026', '日週', '上午', '1135', '邱梓欣', '美國非', '農就業', '人口', '增至', '162', '萬人', '市場', '預估', '56', '萬人', '因此', '即使', '股過', '半收', '費半逆勢', '強漲', '激勵', '指期業', '473', '點而台', '股今', '日開', '盤延', '多頭', '氣勢', '4672400', '點開', '截至', '上午', '11', '20', '分加權', '指數', '暫報', '4728388', '點上', '73', '275', '點漲', '157', '暫時', '大關', '觀察', '今日', '盤中', '成交量', '排行', '晶圓', '代工', '大廠', '聯電', '2303', '日前', '公布', '月合', '營收', '25045', '元月', '503', '年增', '3071', '已連續', '現月增', '態勢', '更改', '寫近', '四年', '新高', '並創', '歷史', '單月', '第三', '高紀錄', '累計', '今年', '月合', '營收達', '178659', '元年', '1466', '僅低', '2022', '同期', '寫下', '歷年', '同期', '次高今', '股價', '開高', '走高', '盤中', '猛衝', '上漲', '暫報', '143', '元漲', '10', '成交量', '312', '萬張', '暫時', '居冠', '同在', '交量', '榜上', '面板', '大廠', '友達', '2409', '近年', '陸續', '賣廠', '朝輕', '資產化', '轉型', '日前', '董事', '透露', 'LCD', '面板', '需求', '低迷', '及產線', '不具', '經濟', '效益', '日前', '決議', '關閉', '新加坡', 'L4B', '並將', '售予', 'Western', 'Digital', 'Singapore', 'Pte', 'Ltd', '及其', '指定', '交易', '總金額', '新加坡', '35', '億元', '未稅', '當新', '台幣', '8753', '億元據', '本土', '民營', '金控', '旗下', '投顧', '最新', '報告', '指出', '認為', '友達', '部分', '房產權', '移轉', '一段', '時間', '相關', '處分', '利益', '預計', '2027', '陸續', '認列法', '預估', '友達', '今年', '營收', '281825', '億元', 'EPS', '012', '2027', '營收', '有望', '增至', '290917', 'EPS', '285', '並維持', '進建議', '目標價', '30', '截至', '中午', '11', '20', '分根據', 'Yahoo', '股市', '資料', '顯示', '上市', '股盤', '成交量', '排行', '五名', '分別', '第一名', '聯電', '2303', '成交量', '31', '4034', '第二名', '友達', '2409', '成交量', '25', '8073', '三名', '力積電', '6770', '成交量', '18', '412', '第四名', '群創', '3481', '成交量', '12', '5699', '第五', '名仁', '2324', '成交量', '3664', '友達', '高出', '一日', '行情', '籌碼', '一堆', '隔日', '明天', '友達', '紅記', '南茂哥', '換華邦電', '國巨', '正確', '策略', '看看', '辣個', '南茂哥', '南亞科', '華邦電', '國巨', '賺到', '不要', '不要', '友達', '什麼', '夠爛', '五年', '前高點', '33', '南茂哥', '當年', '一路', '開始', '現在', '股價連', '30', '買到', '面板', '真的', '台股', '一堆', '股票', '可以', '傻傻', '基本面', '友達', '群創', '套牢', '開始', '愛喝', '雞湯']",Positive,0.9965695142745972
M.1788774976.A.1F1,[情報] 大量 8月營收,a129517496,2026-09-07 17:56:13,18,https://www.ptt.cc/bbs/Stock/M.1788774976.A.1F1.html,"來源：公開資訊觀測站

內文：


大人有大量

MOM 10.17%
YOY152.87%

營收續創史高
看起來臻鼎買的營收還沒入帳
有票的抱好
連2漲停中

430破底翻
-----
Sent from JPTT on my iPhone

--

--","來源公開資訊觀測站

內文


大人有大量

MOM 1017
YOY15287

營收續創史高
看起來臻鼎買的營收還沒入帳
有票的抱好
連2漲停中

430破底翻

Sent from JPTT on my iPhone","['來源', '公開', '資訊', '觀測', '內文', '大人', '大量', 'MOM', '1017', 'YOY15287', '營收續', '創史', '看起', '營收', '還沒入帳', '有票', '漲停', '430', '破底', 'Sent', 'from', 'JPTT', 'on', 'my', 'iPhone']",Positive,0.9982516169548035
M.1788774904.A.3B2,[情報] 2376 技嘉 8月營收 Mom:7.21% Yoy:98.43%,q1a1,2026-09-07 17:55:02,15,https://www.ptt.cc/bbs/Stock/M.1788774904.A.3B2.html,"1. 標題：2376 技嘉 8月營收 Mom:7.21% Yoy:98.43%

2. 來源：公開資訊觀測站

3. 網址：

4. 內文：

民國115年08月   單位：新台幣仟元

項目              營業收入淨額

去年同期          23,888,296
增減金額          23,512,552

本年累計          340,883,090
去年累計          219,593,106
增減金額          121,289,984
增減百分比        55.23
備註 / 營收變化原因說明 

--","1 標題2376 技嘉 8月營收 Mom721 Yoy9843

2 來源公開資訊觀測站

3 網址

4 內文

民國115年08月   單位新台幣仟元

項目              營業收入淨額

去年同期          23888296
增減金額          23512552

本年累計          340883090
去年累計          219593106
增減金額          121289984
增減百分比        5523
備註  營收變化原因說明","['標題', '2376', '技嘉', '營收', 'Mom721', 'Yoy9843', '來源', '公開', '資訊', '觀測', '網址', '內文', '民國', '115', '08', '單位', '台幣', '項目', '營業', '收入', '淨額', '去年同期', '23888296', '增減', '金額', '23512552', '本年', '累計', '340883090', '去年', '累計', '219593106', '增減', '金額', '121289984', '增減', '百分比', '5523', '營收', '變化', '原因', '說明']",Positive,0.8657010793685913
M.1788774769.A.9E1,[情報] 3617 碩天8月營收,alan19761125,2026-09-07 17:52:47,5,https://www.ptt.cc/bbs/Stock/M.1788774769.A.9E1.html,"標題：3617 碩天8月營收

來源：公開資訊觀測站

網址：


內文：

碩天(3617）8月營收(單位:千元)


民國115年08月   單位：新台幣仟元
項目    營業收入淨額
本月    1,255,008
去年同期        1,107,623
增減金額        147,385
增減百分比      13.31
本年累計        8,773,128
去年累計        7,964,647
增減金額        808,481
增減百分比      10.15
備註 / 營收變化原因說明

備註：上個月創23個月新高、這個月繼續創24個月新高。 這家公司的股票沒人玩，可惜
了這麼賺錢


--","標題3617 碩天8月營收

來源公開資訊觀測站

網址


內文

碩天36178月營收單位千元


民國115年08月   單位新台幣仟元
項目    營業收入淨額
本月    1255008
去年同期        1107623
增減金額        147385
增減百分比      1331
本年累計        8773128
去年累計        7964647
增減金額        808481
增減百分比      1015
備註  營收變化原因說明

備註上個月創23個月新高這個月繼續創24個月新高 這家公司的股票沒人玩可惜
了這麼賺錢","['標題', '3617', '碩天', '營收', '來源', '公開', '資訊', '觀測', '網址', '內文', '碩天', '36178', '營收', '單位', '千元', '民國', '115', '08', '單位', '台幣', '項目', '營業', '收入', '淨額', '本月', '1255008', '去年同期', '1107623', '增減', '金額', '147385', '增減', '百分比', '1331', '本年', '累計', '8773128', '去年', '累計', '7964647', '增減', '金額', '808481', '增減', '百分比', '1015', '營收', '變化', '原因', '說明', '23', '新高', '這個', '繼續', '24', '新高', '這家', '公司', '股票', '沒人', '可惜', '這麼']",Positive,0.9404390454292297
M.1788772101.A.026,[新聞] 全國空屋率跌破10%是假象！高雄11.9萬宅,Gavatzky,2026-09-07 17:08:19,99,https://www.ptt.cc/bbs/Stock/M.1788772101.A.026.html,"全國空屋率跌破10%是假象！高雄11.9萬宅登「空屋王」 台南10.92%六都最高 專家：投
資客套牢寧空不租


賣厝阿明
2026年9月7日週一 下午3:34


【M傳媒／調查報導】
內政部最新統計出爐，2025年下半年全國空屋率跌破10%大關，看似「空屋問題改善了」
。但數字拆開來看，真相恐怕沒那麼樂觀。

根據內政部公布的低度使用（用電）住宅統計，2025年下半年全國低度使用住宅共89萬
4,582宅，占全國房屋稅籍住宅類宅數比率9.44%，較2025年上半年的98萬609宅、10.43%
減少8萬6,027宅。空屋率跌破10%，但89.5萬戶空屋依然矗立在全台各地。

高雄市以11.9萬空屋宅數首度超越新北市，正式登上「全台空屋王」寶座。台南市則以
10.92%的空屋率居六都之冠。而20坪以下小宅空屋率高達16.77%，50年以上老屋更首次超
越新屋成為空置率最高的屋齡區間。


高雄11.9萬宅登「空屋王」！台南10.92%六都最高
若改以戶數觀察，高雄市低度使用住宅達11萬9,437宅，首度超越新北市的11萬9,168宅，
成為全國低度使用住宅最多的縣市。台中市則有10萬140宅排名第三。

各直轄市低度使用住宅宅數依序為：高雄市11萬9,437宅、新北市11萬9,168宅、台中市10
萬140宅、台南市8萬3,353宅、桃園市8萬1,932宅、台北市5萬8,648宅。

若觀察空屋率，台南市以10.92%居六都最高，高雄市10.30%居次；台中市及桃園市分別為
8.58%與8.53%，新北市6.84%，台北市6.39%為六都及全國最低。

南二都雙雙拿下「空屋冠軍」，背後原因值得警惕。台南、高雄近年有大量重劃區開發及
產業聚落形成，吸引投資客湧入購屋。但央行限貸令後，這些新開發區的房價首先下跌，
投資客無法轉手交易，住宅往往轉為閒置。

20坪以下小宅空置率16.77%！投資客炒完就丟

20坪以下小坪數住宅的空屋率高達16.77%，明顯高於其他坪數級距。其中台南市20坪以下
空屋率更達24.09%，是六都中唯一突破20%的直轄市。

50年老屋空置率首度超越新成屋

50年以上老屋空屋率12.59%首次超越5年以下新成屋的12.39%，成為空置率最高的屋齡區
間。

部分老屋因屋況老化、缺乏電梯及更新成本過高，導致既難自住也難出租，甚至有人抱持
「等都更」心態不願降價出售或砸錢裝修。

待售新成屋11.25萬宅創新高！市場消化不良

全國待售新成屋在2025年第4季已達11萬2,501宅，創統計以來最高紀錄，且已連續五季站
穩11萬宅以上、連六季增加。雖然較第3季僅增加50宅、季增0.04%，增幅已明顯趨緩，但
新屋庫存壓力依舊沉重。

M編觀察
全國空屋率跌破10%，但89.5萬戶空屋依然矗立在台灣各地。

高雄空屋戶數稱王、台南空屋率奪冠、小宅空置率破16%、老屋空置率首度超越新屋，當
這些數字疊在一起，說明「市場正在慢性失血」。





高雄台南穩坐六都空屋數及空屋率排名第一

目前限貸管制加上房價過高

導致南部房市進入嚴冬

新青案政策明令禁止轉租否則取消寬限期+提高利率

再加上新成屋出租後很難讓人賞屋購買

導致目前南部房市出現 寧空不租的現象

興富發建設 (2542)

京城建設 (2524)

隆大營建 (2516)

營建股價可持續觀察


--","全國空屋率跌破10是假象高雄119萬宅登空屋王 台南1092六都最高 專家投
資客套牢寧空不租


賣厝阿明
2026年9月7日週一 下午334


M傳媒調查報導
內政部最新統計出爐2025年下半年全國空屋率跌破10大關看似空屋問題改善了
但數字拆開來看真相恐怕沒那麼樂觀

根據內政部公布的低度使用用電住宅統計2025年下半年全國低度使用住宅共89萬
4582宅占全國房屋稅籍住宅類宅數比率944較2025年上半年的98萬609宅1043
減少8萬6027宅空屋率跌破10但895萬戶空屋依然矗立在全台各地

高雄市以119萬空屋宅數首度超越新北市正式登上全台空屋王寶座台南市則以
1092的空屋率居六都之冠而20坪以下小宅空屋率高達167750年以上老屋更首次超
越新屋成為空置率最高的屋齡區間


高雄119萬宅登空屋王台南1092六都最高
若改以戶數觀察高雄市低度使用住宅達11萬9437宅首度超越新北市的11萬9168宅
成為全國低度使用住宅最多的縣市台中市則有10萬140宅排名第三

各直轄市低度使用住宅宅數依序為高雄市11萬9437宅新北市11萬9168宅台中市10
萬140宅台南市8萬3353宅桃園市8萬1932宅台北市5萬8648宅

若觀察空屋率台南市以1092居六都最高高雄市1030居次台中市及桃園市分別為
858與853新北市684台北市639為六都及全國最低

南二都雙雙拿下空屋冠軍背後原因值得警惕台南高雄近年有大量重劃區開發及
產業聚落形成吸引投資客湧入購屋但央行限貸令後這些新開發區的房價首先下跌
投資客無法轉手交易住宅往往轉為閒置

20坪以下小宅空置率1677投資客炒完就丟

20坪以下小坪數住宅的空屋率高達1677明顯高於其他坪數級距其中台南市20坪以下
空屋率更達2409是六都中唯一突破20的直轄市

50年老屋空置率首度超越新成屋

50年以上老屋空屋率1259首次超越5年以下新成屋的1239成為空置率最高的屋齡區
間

部分老屋因屋況老化缺乏電梯及更新成本過高導致既難自住也難出租甚至有人抱持
等都更心態不願降價出售或砸錢裝修

待售新成屋1125萬宅創新高市場消化不良

全國待售新成屋在2025年第4季已達11萬2501宅創統計以來最高紀錄且已連續五季站
穩11萬宅以上連六季增加雖然較第3季僅增加50宅季增004增幅已明顯趨緩但
新屋庫存壓力依舊沉重

M編觀察
全國空屋率跌破10但895萬戶空屋依然矗立在台灣各地

高雄空屋戶數稱王台南空屋率奪冠小宅空置率破16老屋空置率首度超越新屋當
這些數字疊在一起說明市場正在慢性失血





高雄台南穩坐六都空屋數及空屋率排名第一

目前限貸管制加上房價過高

導致南部房市進入嚴冬

新青案政策明令禁止轉租否則取消寬限期提高利率

再加上新成屋出租後很難讓人賞屋購買

導致目前南部房市出現 寧空不租的現象

興富發建設 2542

京城建設 2524

隆大營建 2516

營建股價可持續觀察","['全國', '空屋', '跌破', '10', '假象', '高雄', '119', '萬宅', '空屋', '台南', '1092', '最高', '專家', '客套', '牢寧空', '不租', '阿明', '2026', '日週', '下午', '334', '傳媒', '調查', '報導', '內政部', '最新', '統計', '出爐', '2025', '下半年', '全國', '空屋', '跌破', '10', '大關', '看似', '空屋', '問題', '改善', '但數', '開來', '真相', '恐怕', '那麼', '樂觀', '根據', '內政部', '公布', '低度', '使用', '用電', '住宅', '統計', '2025', '下半年', '全國', '低度', '使用', '住宅', '89', '4582', '全國', '房屋', '稅籍', '住宅', '類宅數', '比率', '944', '2025', '上半年', '98', '609', '1043', '減少', '6027', '空屋', '跌破', '10', '895', '萬戶', '空屋', '依然', '矗立', '全台', '各地', '高雄市', '119', '空屋', '宅數', '首度', '超越', '新北市', '正式', '登上', '空屋', '王寶座', '台南市', '則以', '1092', '空屋', '率居六', '之冠', '20', '以下', '小宅', '空屋', '率高達', '167750', '以上', '老屋', '首次', '新屋', '成為', '空置率', '最高', '屋齡', '區間', '高雄', '119', '萬宅', '空屋', '台南', '1092', '最高', '改以', '戶數', '觀察', '高雄市', '低度', '使用', '住宅', '11', '9437', '首度', '超越', '新北市', '11', '9168', '成為', '全國', '低度', '使用', '住宅', '最多', '縣市', '台中市', '則有', '10', '140', '排名', '第三', '直轄市', '低度', '使用', '住宅', '宅數', '依序', '高雄市', '11', '9437', '宅新北市', '11', '9168', '台中市', '10', '140', '台南市', '3353', '宅桃園', '1932', '台北市', '8648', '觀察', '空屋', '台南市', '1092', '居六都', '最高', '高雄市', '1030', '居次', '台中市', '及桃園', '分別', '858', '853', '新北市', '684', '台北市', '639', '全國', '最低', '南二', '雙雙', '拿下', '空屋', '冠軍背', '原因', '值得', '警惕', '台南', '高雄', '近年', '大量重', '劃區', '開發及', '產業', '聚落', '形成', '吸引', '投資客', '湧入', '購屋', '央行', '限貸', '這些', '新開', '發區', '房價', '首先', '下跌', '投資客', '無法', '轉手', '交易', '住宅', '往往', '轉為', '閒置', '20', '以下', '小宅', '空置率', '1677', '投資客', '20', '以下', '小坪數', '住宅', '空屋', '率高達', '1677', '明顯', '其他', '數級', '其中', '台南市', '20', '以下', '空屋', '2409', '唯一', '突破', '20', '直轄市', '50', '老屋', '空置率', '首度', '超越', '新成', '50', '以上', '老屋', '空屋', '1259', '首次', '超越', '以下', '新成', '1239', '成為', '空置率', '最高', '屋齡區', '部分', '老屋', '因屋況', '老化', '缺乏', '電梯', '更新', '成本', '過高導致', '自住', '出租', '甚至', '有人', '抱持', '心態', '不願', '降價', '出售', '裝修', '待售', '新成', '1125', '萬宅', '新高', '市場', '消化不良', '全國', '待售', '新成', '2025', '季已', '11', '2501', '創統', '計以', '最高', '紀錄', '連續', '五季', '11', '萬宅', '以上', '六季', '增加', '雖然', '季僅', '增加', '50', '宅季增', '004', '增幅', '已明顯', '趨緩', '新屋', '庫存', '壓力', '依舊', '沉重', '編觀察', '全國', '空屋', '跌破', '10', '895', '萬戶', '空屋', '依然', '矗立', '台灣', '各地', '高雄', '空屋', '戶數', '稱王', '台南', '空屋', '率奪', '冠小宅', '空置率', '16', '老屋', '空置率', '首度', '超越', '新屋', '這些', '數字疊', '一起', '說明', '市場', '正在', '慢性', '失血', '高雄', '台南', '穩坐', '空屋', '數及', '空屋', '排名', '第一', '目前', '限貸', '管制', '加上', '房價過', '導致', '南部', '房市', '進入', '嚴冬', '新青案', '政策', '明令禁止', '轉租', '否則', '取消', '限期', '提高', '利率', '加上', '新成', '出租', '人賞', '屋購', '導致', '目前', '南部', '房市', '出現', '寧空', '不租', '現象', '興富', '發建設', '2542', '京城', '建設', '2524', '隆大營建', '2516', '營建', '股價', '可持續', '觀察']",Negative,0.5803673267364502
M.1788771447.A.CEE,[情報] 2345 智邦 8月,greatliona,2026-09-07 16:57:25,23,https://www.ptt.cc/bbs/Stock/M.1788771447.A.CEE.html,"標題：智邦八月營收

來源： 智邦

網址：



內文：

本資料由 (上市公司) 智邦 公司提供
民國115年08月
單位：新台幣仟元
項目    營業收入淨額
本月：  40,872,511
去年同期：      25,637,808
增減金額：      15,234,703
增減百分比：    59.42
本年累計：      246,003,583
去年累計：      151,983,830
增減金額：      94,019,753
增減百分比：    61.86
備註/營收變化原因說明： 客戶需求增加

心得:

是可以開始漲了沒?

--","標題智邦八月營收

來源 智邦

網址



內文

本資料由 上市公司 智邦 公司提供
民國115年08月
單位新台幣仟元
項目    營業收入淨額
本月  40872511
去年同期      25637808
增減金額      15234703
增減百分比    5942
本年累計      246003583
去年累計      151983830
增減金額      94019753
增減百分比    6186
備註營收變化原因說明 客戶需求增加

心得

是可以開始漲了沒","['標題', '智邦', '八月', '營收', '來源', '智邦', '網址', '內文', '本資料', '上市公司', '智邦', '公司', '提供', '民國', '115', '08', '單位', '台幣', '項目', '營業', '收入', '淨額', '本月', '40872511', '去年同期', '25637808', '增減', '金額', '15234703', '增減', '百分比', '5942', '本年', '累計', '246003583', '去年', '累計', '151983830', '增減', '金額', '94019753', '增減', '百分比', '6186', '原因', '說明', '客戶', '需求', '增加', '心得', '可以', '開始']",Positive,0.952273428440094
M.1788771236.A.59C,[新聞] PCB紅通通！「這檔」連2紅挾富喬等3檔漲,ann16,2026-09-07 16:53:54,14,https://www.ptt.cc/bbs/Stock/M.1788771236.A.59C.html,"PCB紅通通！「這檔」連2紅挾富喬等3檔漲停　金像電一度亮燈、臻鼎大漲8.
21
%



2026年9月7日週一 下午4:30

陳献朋

獲益於聯發科（2454）、台達電（2308）、日月光投控（3711）等電子權值股
走
揚，台股大盤今（7）日收紅，加權指數最終落在47326.27點，上漲775.14點，漲幅1.67%
，
成交量達9399億元。


PCB族群今日盤面成績出色，台虹（8039）攻達漲停達連2漲，富喬（1815）、律勝（3354
）
、霖宏（5464）也都衝上漲停，金像電（2368）一度於盤中亮燈，載板四雄中的臻鼎-KY
（4
958）與欣興（3037）則依序走強8.21%、5.21%。

今日PCB概念股漲幅逾3%個股包含，富喬（1815）收130元、漲停；律勝（3354）收26.4元
、
漲停；霖宏（5464）收76.4元、漲停；台虹（8039）收327元、漲停；臻鼎-KY（4958）收
50
1元、漲8.21%；金像電（2368）收1120元、漲7.18%；亞電（4939）收93.6元、漲6.48%；
尚
茂（8291）收31.8元、漲6.35%；欣興（3037）收949元、漲5.21%；騰輝電子-KY（6672）
收
229.5元、漲3.63%；金居（8358）收515元、漲3.00%。


富喬洗完籌碼 今天直接拉漲停

籌碼好的不行



即將變飆股   先看三百元

富喬長期投資會走abf 上千元

ps 看來富喬股價這週就會股價超車楠梓電了@@


資產持續壯大






--


南茂哥也丟掉友達 加入我們的人看多的南亞科 華邦電 國巨了 一起瘋

正確 不要買什麼不會漲的精成科 博智 楠梓電這種
直接追最強 拉回買就對了
台光電 富喬 金居  abf四虎

90漲到260 還有夢嗎

可以換來富喬阿 走勢比很多pcb強
富喬一直買超感覺破200穩穩的
少看這裡推文一堆恐.....
籌碼變好可以追高買回來
年底拼三百 長線破千 走abf當年模式","PCB紅通通這檔連2紅挾富喬等3檔漲停　金像電一度亮燈臻鼎大漲8
21




2026年9月7日週一 下午430

陳献朋

獲益於聯發科2454台達電2308日月光投控3711等電子權值股
走
揚台股大盤今7日收紅加權指數最終落在4732627點上漲77514點漲幅167

成交量達9399億元


PCB族群今日盤面成績出色台虹8039攻達漲停達連2漲富喬1815律勝3354

霖宏5464也都衝上漲停金像電2368一度於盤中亮燈載板四雄中的臻鼎KY
4
958與欣興3037則依序走強821521

今日PCB概念股漲幅逾3個股包含富喬1815收130元漲停律勝3354收264元

漲停霖宏5464收764元漲停台虹8039收327元漲停臻鼎KY4958收
50
1元漲821金像電2368收1120元漲718亞電4939收936元漲648
尚
茂8291收318元漲635欣興3037收949元漲521騰輝電子KY6672
收
2295元漲363金居8358收515元漲300


富喬洗完籌碼 今天直接拉漲停

籌碼好的不行



即將變飆股   先看三百元

富喬長期投資會走abf 上千元

ps 看來富喬股價這週就會股價超車楠梓電了


資產持續壯大









南茂哥也丟掉友達 加入我們的人看多的南亞科 華邦電 國巨了 一起瘋

正確 不要買什麼不會漲的精成科 博智 楠梓電這種
直接追最強 拉回買就對了
台光電 富喬 金居  abf四虎

90漲到260 還有夢嗎

可以換來富喬阿 走勢比很多pcb強
富喬一直買超感覺破200穩穩的
少看這裡推文一堆恐
籌碼變好可以追高買回來
年底拼三百 長線破千 走abf當年模式","['PCB', '通通', '這檔連', '紅挾', '富喬', '檔漲', '金像', '一度', '亮燈', '鼎大漲', '21', '2026', '日週', '下午', '430', '献朋', '獲益', '聯發科', '2454', '台達電', '2308', '月光', '投控', '3711', '電子', '權值', '揚台', '股大盤', '日收', '紅加權', '指數', '終落', '4732627', '點上', '77514', '點漲', '167', '成交量', '9399', '億元', 'PCB', '族群', '今日', '盤面', '成績', '出色', '台虹', '8039', '攻達漲', '停達連', '漲富喬', '1815', '律勝', '3354', '霖宏', '5464', '衝上', '金像', '2368', '一度', '中亮', '燈載板', '四雄', 'KY', '958', '欣興', '3037', '依序', '走強', '821521', '今日', 'PCB', '概念股', '漲幅', '包含', '富喬', '1815', '130', '元漲', '停律勝', '3354', '264', '停霖', '5464', '764', '元漲', '停台虹', '8039', '327', '元漲', '停臻鼎', 'KY4958', '50', '元漲', '821', '金像', '2368', '1120', '元漲', '718', '亞電', '4939', '936', '元漲', '648', '8291', '318', '元漲', '635', '欣興', '3037', '949', '元漲', '521', '騰輝', '電子', 'KY6672', '2295', '元漲', '363', '金居', '8358', '515', '元漲', '300', '富喬', '洗完', '籌碼', '今天', '直接', '拉漲', '籌碼', '不行', '將變', '飆股', '先看', '三百元', '富喬長', '投資會', 'abf', '千元', 'ps', '看來', '富喬', '股價', '這週', '股價', '超車', '楠梓', '電了', '資產持續', '壯大', '南茂哥', '丟掉', '友達', '加入', '我們', '南亞科', '華邦電', '國巨', '一起', '正確', '不要', '買什麼', '不會漲', '精成科', '博智', '楠梓', '電這種', '直接', '最強', '拉回', '台光電', '富喬', '金居', 'abf', '四虎', '90', '漲到', '260', '還有', '可以', '換來', '富喬', '走勢', '很多', 'pcb', '富喬', '一直', '買超', '感覺', '200', '穩穩', '少看', '這裡', '推文', '一堆', '籌碼', '變好', '可以', '追高買', '回來', '年底', '三百', '破千', 'abf', '當年', '模式']",Positive,0.9976000189781189
M.1788770651.A.F05,[新聞] 南亞科、華邦電繼續飆？高盛曝光大利多 ,ann16,2026-09-07 16:44:08,0,https://www.ptt.cc/bbs/Stock/M.1788770651.A.F05.html,"南亞科、華邦電繼續飆？高盛曝光大利多 韓股有望漲80％





11:51 2026/09/07

郭宜欣



台股記憶體族群今（7日）強勢大漲，南亞科與華邦電上漲超過4%，晶豪科也
勁
揚超過7%。如今再有利多上檯面，高盛亞太區首席股票策略師慕天輝（Timothy Moe）預
估
韓股還有將近80%的上漲空間，並看好記憶體延續榮景。


韓股前景看好 台股記憶體跟著飆？

綜合外媒報導，慕天輝將韓股Kospi指數的目標價設在12,000點，相較目前水準有將近80%
的
潛在上漲空間，此預測最早於三個月前提出，為市場上最為樂觀的看法。

慕天輝在上周五的採訪中維持看法，重申企業獲利有望如期兌現，且市場低估這一輪獲利
上
行周期的持續時間，超大規模雲端服務提供商即使賺不到錢，也必須繼續投入資金，對記
憶
體產業非常有利，推動運算需求。


高盛持續看多 亞股今年還沒漲完？

慕天輝認為，Kospi成分股的獲利今年將成長360%，2027年的增幅會下修至35%，市場已充
分
理解企業獲利增速終將開始放緩。慕天輝同樣看多台股後市，看好未來12個月的高點落在
54
,000點。

東北亞股市持續受惠整體有利經濟環境、科技族群持續高成長、具吸引力的市場估值，以
及
投資人部位已經從先前的偏高水準回落，預估台股未來一年仍有約20%的潛在漲幅。

若以產業類別區分，半導體、電子硬體、資本財、醫療照護及非大陸與澳洲的銀行業受矚
。
高盛偏好東北亞市場，台日韓及大陸上證A股皆被列為加碼評等，香港、新加坡、馬來西
亞
及印度皆為中立評等，泰國、印尼、菲律賓及澳洲則被列為減碼。



南亞科上千金 華邦電三百五
賺錢很難嗎？


上周缸底融資槓桿進場華邦電 今天就大漲了

也恭喜南茂哥追比我高的華邦電 今天也解套了

今天開嘎嘎嘎




ps..友達群創滿滿的隔日沖

小心被騙進去威 明天倒光光
哈哈哈




--



整體看壞就是不敢空 在恐勒

你誰啊 不會發標的誰在意你
不好意思 華邦電就是會三百五
噗哈哈
報價很明顯
你是不是不敢空
少看推文 很多都會亂喊","南亞科華邦電繼續飆高盛曝光大利多 韓股有望漲80





1151 20260907

郭宜欣



台股記憶體族群今7日強勢大漲南亞科與華邦電上漲超過4晶豪科也
勁
揚超過7如今再有利多上檯面高盛亞太區首席股票策略師慕天輝Timothy Moe預
估
韓股還有將近80的上漲空間並看好記憶體延續榮景


韓股前景看好 台股記憶體跟著飆

綜合外媒報導慕天輝將韓股Kospi指數的目標價設在12000點相較目前水準有將近80
的
潛在上漲空間此預測最早於三個月前提出為市場上最為樂觀的看法

慕天輝在上周五的採訪中維持看法重申企業獲利有望如期兌現且市場低估這一輪獲利
上
行周期的持續時間超大規模雲端服務提供商即使賺不到錢也必須繼續投入資金對記
憶
體產業非常有利推動運算需求


高盛持續看多 亞股今年還沒漲完

慕天輝認為Kospi成分股的獲利今年將成長3602027年的增幅會下修至35市場已充
分
理解企業獲利增速終將開始放緩慕天輝同樣看多台股後市看好未來12個月的高點落在
54
000點

東北亞股市持續受惠整體有利經濟環境科技族群持續高成長具吸引力的市場估值以
及
投資人部位已經從先前的偏高水準回落預估台股未來一年仍有約20的潛在漲幅

若以產業類別區分半導體電子硬體資本財醫療照護及非大陸與澳洲的銀行業受矚

高盛偏好東北亞市場台日韓及大陸上證A股皆被列為加碼評等香港新加坡馬來西
亞
及印度皆為中立評等泰國印尼菲律賓及澳洲則被列為減碼



南亞科上千金 華邦電三百五
賺錢很難嗎


上周缸底融資槓桿進場華邦電 今天就大漲了

也恭喜南茂哥追比我高的華邦電 今天也解套了

今天開嘎嘎嘎




ps友達群創滿滿的隔日沖

小心被騙進去威 明天倒光光
哈哈哈","['南亞', '科華邦', '電繼續', '高盛', '曝光', '利多', '韓股', '有望', '80', '1151', '20260907', '郭宜欣', '台股', '記憶體', '族群', '日強', '勢大漲', '南亞科', '華邦', '電上', '超過', '晶豪科', '揚超過', '如今', '有利', '多上', '高盛', '亞太區', '首席', '股票', '策略', '師慕', '天輝', 'Timothy', 'Moe', '韓股', '還有', '將近', '80', '空間並', '看好', '記憶體', '延續', '榮景', '韓股', '前景', '看好', '台股', '記憶體', '著飆', '綜合外', '媒報', '導慕', '天輝將', '韓股', 'Kospi', '指數', '目標', '價設', '12000', '點相較', '目前', '水準', '將近', '80', '潛在', '空間', '預測', '最早', '三個', '提出', '市場', '最為', '樂觀', '看法', '慕天輝', '上周五', '採訪', '中維持', '看法', '重申', '企業', '獲利', '有望', '如期', '兌現', '市場', '低估', '這一輪', '獲利', '周期', '持續', '時間', '超大', '規模', '雲端', '服務', '提供商', '即使', '不到', '必須', '繼續', '投入', '資金', '對記', '體產業', '非常', '有利', '推動', '運算', '需求', '高盛', '持續', '亞股', '今年', '還沒漲', '慕天輝', '認為', 'Kospi', '成分股', '獲利', '今年', '將成長', '3602027', '增幅', '會下', '修至', '35', '市場', '已充', '理解', '企業', '獲利', '增速', '終將', '開始', '放緩', '慕天輝', '同樣', '多台', '股後市', '看好', '未來', '12', '高點', '54', '000', '東北亞', '股市', '持續', '受惠', '整體', '有利', '經濟', '環境', '科技', '族群', '持續', '高成', '吸引力', '市場', '估值', '投資人', '部位', '已經', '先前', '高水準', '回落', '預估', '台股', '未來', '一年', '20', '漲幅', '若以', '產業類', '別區', '分半導體', '電子', '硬體', '資本', '財醫療', '照護及', '非大陸', '澳洲', '銀行業', '受矚', '高盛', '偏好', '東北亞', '市場', '台日', '韓及', '大陸', '上證', 'A股', '列為', '加碼', '評等', '香港', '新加坡', '印度', '中立', '評等', '泰國', '印尼', '菲律', '賓及', '澳洲', '列為', '減碼', '南亞科', '千金', '華邦電', '三百', '上周', '融資', '槓桿', '進場', '華邦電', '今天', '大漲', '恭喜', '南茂哥', '華邦電', '今天', '解套', '今天', '嘎嘎', 'ps', '友達群', '創滿', '隔日', '小心', '進去', '明天', '光光', '哈哈哈']",Positive,0.9989120960235596
M.1788770489.A.1D4,[情報] 6173 信昌電 8月營收,s91156,2026-09-07 16:41:26,13,https://www.ptt.cc/bbs/Stock/M.1788770489.A.1D4.html,"標題：6173 信昌電 8月營收

來源：

網址：

內文：
本資料由　(上櫃公司)信昌電　公司提供
民國115年08月   單位：新台幣仟元

項目    營業收入淨額
本月      551,669
去年同期          357,611
增減金額          194,058
增減百分比        54.27
本年累計          3,488,672
去年累計          2,765,728
增減金額          722,944
增減百分比        26.14
備註 / 營收變化原因說明 主要是AI應用需求增加，致營收成長。

MoM : 2.69%
YoY : 54.27%

還好年增不是54.87

--","標題6173 信昌電 8月營收

來源

網址

內文
本資料由　上櫃公司信昌電　公司提供
民國115年08月   單位新台幣仟元

項目    營業收入淨額
本月      551669
去年同期          357611
增減金額          194058
增減百分比        5427
本年累計          3488672
去年累計          2765728
增減金額          722944
增減百分比        2614
備註  營收變化原因說明 主要是AI應用需求增加致營收成長

MoM  269
YoY  5427

還好年增不是5487","['標題', '6173', '信昌電', '營收', '來源', '網址', '內文', '本資料', '上櫃', '公司', '信昌電', '公司', '提供', '民國', '115', '08', '單位', '台幣', '項目', '營業', '收入', '淨額', '本月', '551669', '去年同期', '357611', '增減', '金額', '194058', '增減', '百分比', '5427', '本年', '累計', '3488672', '去年', '累計', '2765728', '增減', '金額', '722944', '增減', '百分比', '2614', '營收', '變化', '原因', '說明', '主要', 'AI', '應用', '需求', '增加', '致營', '收成', 'MoM', '269', 'YoY', '5427', '還好', '不是', '5487']",Positive,0.9690331816673279
M.1788769640.A.50D,[新聞] 國巨、欣興誰更值得買？股民Threads上掀,ann16,2026-09-07 16:27:17,25,https://www.ptt.cc/bbs/Stock/M.1788769640.A.50D.html,"國巨、欣興誰更值得買？股民Threads上掀熱議





2026/09/06 14:34

無

〔財經頻道／綜合報導〕台股近期受到市場關注，不少投資人也在社群平台上
討
論個股後市。近日有股民在Threads上發文詢問「國巨（2327）跟欣興（3037）目前誰更
值
得買進？」發文一出，隨即引發網友熱烈討論。

看好欣興的網友認為，欣興目前仍有基本面支撐，若撇除近期相關消息干擾，發展潛力相
對
受到期待。有網友直言，「欣興現在最大的敗筆就是卡在被檢調搜索，不然兩個給我選很
明
顯只有欣興」，也有人表示「欣興有基本面撐著，國巨屬於偏向妖股」。


另有股民分享自身持股經驗，認為國巨過去表現讓人較難抱股，「國巨一買就套，很久了
回
不去，我會放棄國巨選欣興」。還有網友指出，近期來看欣興「蠻有發展」，甚至認為「
外
資沒有停買過」，因此選擇站在欣興這一邊。

部分網友則從籌碼面與短線操作角度看好欣興，留言表示「欣興籌碼較好」，也有人認為
「
一定是選欣興！但是操作很重要，國巨短線不差」。更有網友直言「國巨太黑了」，並針
對
公司經營者提出較為負面的看法。

不過，也有另一派網友認為國巨目前的股價位置相對具有吸引力，稱「國巨已經打底，欣
興
還在破線」、「欣興還太早，沒穩」，另有網友直呼「國巨這麼甜，不買嗎？」

也有網友從風險角度看待這場「二選一」，留言指出，「一個上面壓力重重，一個還沒洗
完
。一個老闆問題大，一個內鬥問題大。主力最喜歡愛湊熱鬧的散戶。」

還有網友不解原PO為何要買這2支股票，稱「就一定要玩這種嗎」、「買這兩個是不要命
了
嗎」。留言區也出現不少較為戲謔的反應，包括「哈，富貴險中求」，甚至有網友笑稱「
我
問我的朋友，結果他以為我在殘酷二選一」，讓這場「二選一」討論增添不少話題性。

至於國巨、欣興2檔個股後續表現如何，仍須觀察公司基本面、產業景氣、籌碼變化及市
場
整體走勢。投資人也應審慎評估自身風險承受能力，社群平台上的個人留言僅供參考，不
宜
作為單一投資決策依據。






唉不是 這裡一堆人看到欣興好像殺父仇人
哈哈哈
說過了911附近用力買就對了！
會不會啦！都發文跟你說了買點還能做錯 笑死我了



我的富喬漲停鎖死
缸底融資買的華邦電噴出


對了今天再忙 忘了發標的
融資檢了幾張國巨  缸底就是融資槓桿進場

會贏嗎？




--



明天143漲停鎖死
富喬沒意外八月營收突破十億元


會賺錢就好啊 漲停又一堆人開始吹了

欣興我個人看兩千
國巨我做到880會出光
但如果繼續漲價 我到時候會續抱

沒人逼你賺錢

還在 還在吸籌

快了 穩住

會漲停就買就對了

哪裡快發標的讓人跟阿
買這價位沒基本面的友達群創 那才叫賭博","國巨欣興誰更值得買股民Threads上掀熱議





20260906 1434

無

財經頻道綜合報導台股近期受到市場關注不少投資人也在社群平台上
討
論個股後市近日有股民在Threads上發文詢問國巨2327跟欣興3037目前誰更
值
得買進發文一出隨即引發網友熱烈討論

看好欣興的網友認為欣興目前仍有基本面支撐若撇除近期相關消息干擾發展潛力相
對
受到期待有網友直言欣興現在最大的敗筆就是卡在被檢調搜索不然兩個給我選很
明
顯只有欣興也有人表示欣興有基本面撐著國巨屬於偏向妖股


另有股民分享自身持股經驗認為國巨過去表現讓人較難抱股國巨一買就套很久了
回
不去我會放棄國巨選欣興還有網友指出近期來看欣興蠻有發展甚至認為
外
資沒有停買過因此選擇站在欣興這一邊

部分網友則從籌碼面與短線操作角度看好欣興留言表示欣興籌碼較好也有人認為

一定是選欣興但是操作很重要國巨短線不差更有網友直言國巨太黑了並針
對
公司經營者提出較為負面的看法

不過也有另一派網友認為國巨目前的股價位置相對具有吸引力稱國巨已經打底欣
興
還在破線欣興還太早沒穩另有網友直呼國巨這麼甜不買嗎

也有網友從風險角度看待這場二選一留言指出一個上面壓力重重一個還沒洗
完
一個老闆問題大一個內鬥問題大主力最喜歡愛湊熱鬧的散戶

還有網友不解原PO為何要買這2支股票稱就一定要玩這種嗎買這兩個是不要命
了
嗎留言區也出現不少較為戲謔的反應包括哈富貴險中求甚至有網友笑稱
我
問我的朋友結果他以為我在殘酷二選一讓這場二選一討論增添不少話題性

至於國巨欣興2檔個股後續表現如何仍須觀察公司基本面產業景氣籌碼變化及市
場
整體走勢投資人也應審慎評估自身風險承受能力社群平台上的個人留言僅供參考不
宜
作為單一投資決策依據






唉不是 這裡一堆人看到欣興好像殺父仇人
哈哈哈
說過了911附近用力買就對了
會不會啦都發文跟你說了買點還能做錯 笑死我了



我的富喬漲停鎖死
缸底融資買的華邦電噴出


對了今天再忙 忘了發標的
融資檢了幾張國巨  缸底就是融資槓桿進場

會贏嗎








明天143漲停鎖死
富喬沒意外八月營收突破十億元


會賺錢就好啊 漲停又一堆人開始吹了

欣興我個人看兩千
國巨我做到880會出光
但如果繼續漲價 我到時候會續抱

沒人逼你賺錢

還在 還在吸籌

快了 穩住

會漲停就買就對了

哪裡快發標的讓人跟阿
買這價位沒基本面的友達群創 那才叫賭博","['國巨欣興', '值得', '股民', 'Threads', '掀熱議', '20260906', '1434', '財經', '頻道', '綜合', '報導', '台股', '近期', '受到', '市場', '關注', '不少', '投資人', '社群', '平台', '論個', '股後市', '近日', '股民', 'Threads', '發文詢', '問國', '2327', '欣興', '3037', '目前', '進發文', '一出', '隨即', '引發', '網友', '熱烈', '討論', '看好', '欣興', '網友', '認為', '欣興', '目前', '基本面', '支撐', '撇除', '近期', '相關', '消息', '干擾', '發展', '潛力', '受到', '期待', '網友', '直言', '欣興現', '最大', '敗筆', '就是', '檢調', '搜索', '不然', '兩個給', '只有', '欣興', '有人', '表示', '欣興', '基本面', '著國', '巨屬', '偏向', '妖股', '另有', '股民', '分享', '自身', '持股', '經驗', '認為國', '巨過', '表現', '股國', '巨一買', '不去', '我會', '放棄國', '巨選欣興', '還有', '網友', '指出', '近期', '欣興蠻', '發展', '甚至', '認為', '資沒有', '停買過', '因此', '選擇', '欣興', '這一邊', '部分', '網友則', '籌碼面', '短線', '操作', '角度', '看好', '欣興', '留言', '表示', '欣興', '籌碼', '有人', '認為', '一定', '選欣興', '但是', '操作', '重要', '國巨', '短線', '不差', '網友', '直言', '國巨太黑', '並針', '公司', '經營者', '提出', '負面', '看法', '不過', '一派', '網友', '認為', '國巨', '目前', '股價', '位置', '相對', '具有', '吸引力', '稱國', '已經', '打底', '還在', '破線', '欣興', '還太早', '沒穩', '網友', '直呼', '國巨', '這麼', '網友', '風險', '角度', '看待', '這場', '二選', '留言', '指出', '一個', '上面', '壓力', '重重', '一個', '還沒洗', '一個', '問題', '大一個', '內鬥', '問題', '主力', '最喜', '歡愛湊', '熱鬧', '散戶', '還有', '網友', '不解', 'PO', '何要', '股票', '一定', '這種', '這兩個', '不要命', '留言', '區也', '出現', '不少', '戲謔', '反應', '包括', '哈富', '貴險', '中求', '甚至', '網友', '問我', '朋友', '結果', '殘酷', '二選', '這場', '二選', '一討論', '增添', '不少', '話題', '至於', '國巨欣興', '檔個', '股後續', '表現', '如何', '仍須', '觀察', '公司', '基本面', '產業', '景氣', '籌碼', '變化', '及市', '整體', '走勢', '投資人', '審慎', '評估', '自身', '風險', '承受能力', '社群', '平台', '留言', '僅供', '參考', '作為', '單一', '投資', '決策', '依據', '不是', '這裡', '一堆', '看到', '欣興', '好像', '殺父', '仇人', '哈哈哈', '說過', '911', '附近', '用力', '會不會', '發文', '買點', '還能', '富喬漲', '停鎖', '底融', '資買', '華邦', '電噴出', '今天', '發標', '融資檢', '張國', '就是', '融資', '槓桿', '進場', '會贏', '明天', '143', '停鎖', '富喬', '意外', '八月', '營收', '突破', '十億元', '漲停', '一堆', '人開始', '欣興', '我個', '兩千', '國巨', '做到', '880', '出光', '如果', '繼續', '漲價', '我到', '時候', '會續', '沒人', '還在', '還在', '吸籌', '穩住', '會漲', '哪裡', '發標', '這價位', '基本面', '友達', '群創', '那才', '賭博']",Positive,0.9794966578483582
M.1788769326.A.387,[情報] 0907 上市外資買賣超排行,saber50116,2026-09-07 16:22:04,71,https://www.ptt.cc/bbs/Stock/M.1788769326.A.387.html,"1. 標題：外資買賣超排行

2. 來源：台灣證交所

3. 網址：

4. 內文：

買超



3       00403A  統一升級50    112,008
4       00981A  統一台股增長  55,753


7       0050    元大台灣50      43,969

9       00406A  中信台灣收益  19,936

11      00991A  復華未來50    18,340

13      00400A  國泰動能高息  14,895

15      00891   中信關鍵半導體  10,452

17      3006    晶豪科  9,409
18      1326    台化    8,559,

20      9105    泰金寶-DR       8,152

22      2337    旺宏    7,691
23      00881   國泰台灣科技龍頭        7,029
24      2449    京元電子        6,996
25      00405A  富邦台灣龍耀  6,924

27      2886    兆豐金  6,344
28      1802    台玻    5,993
29      2436    偉詮電  5,950
30      00935   野村臺灣新科技50        5,274
31      2845    遠東銀  5,219
32      00988A  統一全球創新  5,167
33      00927   群益半導體收益  5,098
34      1301    台塑    4,911
35      5876    上海商銀        4,823
36      00409A  復華全球50    4,823
37      0052    富邦科技        4,764,
38      2885    元大金  3,640
39      8021    尖點    3,583
40      2880    華南金  3,458
41      5880    合庫金  3,338
42      8150    南茂    3,203

44      6116    彩晶    2,529
45      2897    王道銀行        2,295,
46      2834    臺企銀  2,080
47      00990A  元大AI新經濟  2,034
48      2605    新興    1,961,
49      2855    統一證  1,951
50      2617    台航    1,933

賣超

1       2324    仁寶    -51,963
2       00919   群益台灣精選高息        -25,097,
3       2887    台新新光金      -23,784
4       009816  凱基台灣TOP50   -20,792
5       2313    華通    -17,596
6       2353    宏碁    -15,924
7       2027    大成鋼  -13,276
8       2426    鼎元    -12,948,
9       2356    英業達  -11,254,
10      3231    緯創    -10,618,
11      2801    彰銀    -10,130
12      2301    光寶科  -9,722,
13      2891    中信金  -9,028
14      1101    台泥    -8,736,
15      1717    長興    -8,480
16      2884    玉山金  -8,346
17      2481    強茂    -6,994,
18      4938    和碩    -6,319
19      1312    國喬    -6,299
20      00918   大華優利高填息30        -5,979
21      2377    微星    -5,731

23      1605    華新    -4,620,
24      2312    金寶    -4,528
25      2812    台中銀  -4,522
26      009828  中信台日韓PCB   -3,899,
27      2618    長榮航  -3,882
28      2890    永豐金  -3,805,
29      2464    盟立    -3,790
30      2883    凱基金  -3,641,
31      2542    興富發  -3,640,
32      3706    神達    -3,550,
33      2388    威盛    -3,429,
34      3090    日電貿  -3,396,
35      00961   FT臺灣永續高息  -3,334
36      00929   復華台灣科技優息        -3,287
37      2515    中工    -3,221
38      2103    台橡    -3,220
39      9904    寶成    -3,043
40      2352    佳世達  -3,027
41      3189    景碩    -2,890,
42      2633    台灣高鐵        -2,771

44      1714    和桐    -2,549
45      6213    聯茂    -2,514,
46      2357    華碩    -2,433
47      00410A  主動永豐科技趨勢        -2,419
48      1314    中石化  -2,318,
49      2882    國泰金  -2,282
50      00665L  富邦恒生國企正2 -2,267

--","1 標題外資買賣超排行

2 來源台灣證交所

3 網址

4 內文

買超



3       00403A  統一升級50    112008
4       00981A  統一台股增長  55753


7       0050    元大台灣50      43969

9       00406A  中信台灣收益  19936

11      00991A  復華未來50    18340

13      00400A  國泰動能高息  14895

15      00891   中信關鍵半導體  10452

17      3006    晶豪科  9409
18      1326    台化    8559

20      9105    泰金寶DR       8152

22      2337    旺宏    7691
23      00881   國泰台灣科技龍頭        7029
24      2449    京元電子        6996
25      00405A  富邦台灣龍耀  6924

27      2886    兆豐金  6344
28      1802    台玻    5993
29      2436    偉詮電  5950
30      00935   野村臺灣新科技50        5274
31      2845    遠東銀  5219
32      00988A  統一全球創新  5167
33      00927   群益半導體收益  5098
34      1301    台塑    4911
35      5876    上海商銀        4823
36      00409A  復華全球50    4823
37      0052    富邦科技        4764
38      2885    元大金  3640
39      8021    尖點    3583
40      2880    華南金  3458
41      5880    合庫金  3338
42      8150    南茂    3203

44      6116    彩晶    2529
45      2897    王道銀行        2295
46      2834    臺企銀  2080
47      00990A  元大AI新經濟  2034
48      2605    新興    1961
49      2855    統一證  1951
50      2617    台航    1933

賣超

1       2324    仁寶    51963
2       00919   群益台灣精選高息        25097
3       2887    台新新光金      23784
4       009816  凱基台灣TOP50   20792
5       2313    華通    17596
6       2353    宏碁    15924
7       2027    大成鋼  13276
8       2426    鼎元    12948
9       2356    英業達  11254
10      3231    緯創    10618
11      2801    彰銀    10130
12      2301    光寶科  9722
13      2891    中信金  9028
14      1101    台泥    8736
15      1717    長興    8480
16      2884    玉山金  8346
17      2481    強茂    6994
18      4938    和碩    6319
19      1312    國喬    6299
20      00918   大華優利高填息30        5979
21      2377    微星    5731

23      1605    華新    4620
24      2312    金寶    4528
25      2812    台中銀  4522
26      009828  中信台日韓PCB   3899
27      2618    長榮航  3882
28      2890    永豐金  3805
29      2464    盟立    3790
30      2883    凱基金  3641
31      2542    興富發  3640
32      3706    神達    3550
33      2388    威盛    3429
34      3090    日電貿  3396
35      00961   FT臺灣永續高息  3334
36      00929   復華台灣科技優息        3287
37      2515    中工    3221
38      2103    台橡    3220
39      9904    寶成    3043
40      2352    佳世達  3027
41      3189    景碩    2890
42      2633    台灣高鐵        2771

44      1714    和桐    2549
45      6213    聯茂    2514
46      2357    華碩    2433
47      00410A  主動永豐科技趨勢        2419
48      1314    中石化  2318
49      2882    國泰金  2282
50      00665L  富邦恒生國企正2 2267","['標題', '外資', '排行', '來源', '台灣', '證交所', '網址', '內文', '買超', '00403A', '統一升級', '50', '112008', '00981A', '一台', '增長', '55753', '0050', '元大台灣', '50', '43969', '00406A', '中信', '台灣', '收益', '19936', '11', '00991A', '華未來', '50', '18340', '13', '00400A', '國泰動', '高息', '14895', '15', '00891', '中信', '關鍵', '半導體', '10452', '17', '3006', '晶豪科', '9409', '18', '1326', '台化', '8559', '20', '9105', '泰金', 'DR', '8152', '22', '2337', '旺宏', '7691', '23', '00881', '國泰台灣', '科技', '龍頭', '7029', '24', '2449', '京元', '電子', '6996', '25', '00405A', '富邦', '台灣龍耀', '6924', '27', '2886', '豐金', '6344', '28', '1802', '5993', '29', '2436', '詮電', '5950', '30', '00935', '野村', '灣新', '科技', '50', '5274', '31', '2845', '遠東', '5219', '32', '00988A', '統一', '全球', '創新', '5167', '33', '00927', '群益', '半導體', '收益', '5098', '34', '1301', '台塑', '4911', '35', '5876', '上海', '商銀', '4823', '36', '00409A', '全球', '50', '4823', '37', '0052', '富邦', '科技', '4764', '38', '2885', '元大金', '3640', '39', '8021', '尖點', '3583', '40', '2880', '華南金', '3458', '41', '5880', '合庫', '3338', '42', '8150', '南茂', '3203', '44', '6116', '彩晶', '2529', '45', '2897', '王道', '銀行', '2295', '46', '2834', '企銀', '2080', '47', '00990A', '元大', 'AI', '新經濟', '2034', '48', '2605', '新興', '1961', '49', '2855', '統一證', '1951', '50', '2617', '台航', '1933', '賣超', '2324', '仁寶', '51963', '00919', '群益', '台灣', '精選', '高息', '25097', '2887', '台新', '新光', '23784', '009816', '凱基', '台灣', 'TOP50', '20792', '2313', '華通', '17596', '2353', '宏碁', '15924', '2027', '大成', '13276', '2426', '鼎元', '12948', '2356', '英業', '11254', '10', '3231', '緯創', '10618', '11', '2801', '彰銀', '10130', '12', '2301', '光寶科', '9722', '13', '2891', '中信', '9028', '14', '1101', '台泥', '8736', '15', '1717', '8480', '16', '2884', '玉山', '8346', '17', '2481', '強茂', '6994', '18', '4938', '6319', '19', '1312', '國喬', '6299', '20', '00918', '大華', '優利高', '填息', '30', '5979', '21', '2377', '微星', '5731', '23', '1605', '華新', '4620', '24', '2312', '金寶', '4528', '25', '2812', '台中', '4522', '26', '009828', '中信', '台日韓', 'PCB', '3899', '27', '2618', '榮航', '3882', '28', '2890', '永豐金', '3805', '29', '2464', '盟立', '3790', '30', '2883', '基金', '3641', '31', '2542', '興富發', '3640', '32', '3706', '神達', '3550', '33', '2388', '威盛', '3429', '34', '3090', '日電貿', '3396', '35', '00961', 'FT', '灣永續', '高息', '3334', '36', '00929', '華台灣', '科技', '優息', '3287', '37', '2515', '中工', '3221', '38', '2103', '3220', '39', '9904', '寶成', '3043', '40', '2352', '佳世達', '3027', '41', '3189', '景碩', '2890', '42', '2633', '台灣', '高鐵', '2771', '44', '1714', '和桐', '2549', '45', '6213', '聯茂', '2514', '46', '2357', '華碩', '2433', '47', '00410A', '主動永豐', '科技', '趨勢', '2419', '48', '1314', '中石化', '2318', '49', '2882', '國泰金', '2282', '50', '00665L', '富邦', '恒生', '國企正', '2267']",Positive,0.8839569091796875
M.1788769113.A.3AF,[新聞] 美元指數走弱！新台幣早盤強升逾5分 挑戰,davidvin76,2026-09-07 16:18:31,10,https://www.ptt.cc/bbs/Stock/M.1788769113.A.3AF.html,"原文標題：美元指數走弱！新台幣早盤強升逾5分 挑戰31.5元關卡
原文連結：
發布時間：2026.09.07 09:26
記者署名：謝佩穎
原文內容：
受到美國聯準會（Fed）官員釋出鴿派訊號激勵，國際美元指數應聲跌破 99 大關，帶動
主要亞幣齊揚。台北外匯市場新台幣兌美元匯率延續強勢，今（7）日早盤以31.610元開
出，升2分，早盤最高一度觸及31.575元，強升5.5分。
匯銀人士指出，在美降息預期升溫下，近期新台幣匯率順利擺脫卡關格局，一舉站穩31.6
元價位，展現強勁升值動能。接下來，美國將公布最新消費者物價指數（CPI）數據，市
場正高度關注通膨是否持續降溫；若美通膨數據進一步壓抑美元走勢，新台幣有望順勢向
31.5元大關發起挑戰。
7月未結售規模再刷歷史新高
根據央行最新統計，7月出口外匯收入達556.07億美元，其中立即結售為新台幣的金額僅
10.77億美元，占比不到2%，推升單月未結售美元金額高達545.3億美元，再寫歷史新高；
累計今年前七月未結售美元金額更達 2,982.4 億美元、年增 34.1%，同創歷年新高並逼
近3,000億美元大關。
市場分析，出口商先前惜售美元一度使市場即期供給減少並牽動匯率波動，但隨著國際美
元走軟、新台幣重啟升勢，出口商後續是否轉向拋匯，將成為匯價能否穩住並攻克31.5元
關鍵。
心得：
才看到一堆銀行又在打美元高利
一銀1個月3.6%、將來3個月4.66%
本來想說31字頭可以開始分批換一點，先丟短期定存當美元蛙~~~

結果現在台幣還在繼續升
31.6都守不住了，照這個走法不知道31有沒有機會看到
想說前幾年好像也有類似狂出美元定存情形
結果一堆32、33換美元存定存的，利息吃半天，匯差一下就吃回去了
目前想法是如果繼續往31靠，就分批慢慢換
反正短期也沒有要把資金全部丟回股市
預計會等選舉過後穩定再放
先找短天期美元定存停一下，至少還有3～4%可以拿

但怕覺得31.5很甜，搞不好過幾天31
有人也是先把部分部位清倉，改放美元等後面選舉後再重新投入的嗎？美元換在多少？

--","原文標題美元指數走弱新台幣早盤強升逾5分 挑戰315元關卡
原文連結
發布時間20260907 0926
記者署名謝佩穎
原文內容
受到美國聯準會Fed官員釋出鴿派訊號激勵國際美元指數應聲跌破 99 大關帶動
主要亞幣齊揚台北外匯市場新台幣兌美元匯率延續強勢今7日早盤以31610元開
出升2分早盤最高一度觸及31575元強升55分
匯銀人士指出在美降息預期升溫下近期新台幣匯率順利擺脫卡關格局一舉站穩316
元價位展現強勁升值動能接下來美國將公布最新消費者物價指數CPI數據市
場正高度關注通膨是否持續降溫若美通膨數據進一步壓抑美元走勢新台幣有望順勢向
315元大關發起挑戰
7月未結售規模再刷歷史新高
根據央行最新統計7月出口外匯收入達55607億美元其中立即結售為新台幣的金額僅
1077億美元占比不到2推升單月未結售美元金額高達5453億美元再寫歷史新高
累計今年前七月未結售美元金額更達 29824 億美元年增 341同創歷年新高並逼
近3000億美元大關
市場分析出口商先前惜售美元一度使市場即期供給減少並牽動匯率波動但隨著國際美
元走軟新台幣重啟升勢出口商後續是否轉向拋匯將成為匯價能否穩住並攻克315元
關鍵
心得
才看到一堆銀行又在打美元高利
一銀1個月36將來3個月466
本來想說31字頭可以開始分批換一點先丟短期定存當美元蛙

結果現在台幣還在繼續升
316都守不住了照這個走法不知道31有沒有機會看到
想說前幾年好像也有類似狂出美元定存情形
結果一堆3233換美元存定存的利息吃半天匯差一下就吃回去了
目前想法是如果繼續往31靠就分批慢慢換
反正短期也沒有要把資金全部丟回股市
預計會等選舉過後穩定再放
先找短天期美元定存停一下至少還有34可以拿

但怕覺得315很甜搞不好過幾天31
有人也是先把部分部位清倉改放美元等後面選舉後再重新投入的嗎美元換在多少","['原文', '標題', '美元', '指數', '走弱', '台幣', '早盤', '強升', '挑戰', '315', '元關', '原文', '連結', '發布', '時間', '20260907', '0926', '記者', '署名', '謝佩穎', '原文', '內容', '受到', '美國聯', '準會', 'Fed', '官員釋', '出鴿', '派訊號', '激勵', '國際', '美元', '指數', '應聲', '跌破', '99', '大關', '帶動', '主要', '亞幣', '齊揚', '台北', '外匯', '市場', '台幣', '美元', '匯率', '延續', '強勢', '早盤', '31610', '元開', '出升', '分早', '最高', '一度', '觸及', '31575', '強升', '55', '匯銀', '人士', '指出', '降息', '預期', '升溫', '近期', '新台幣', '匯率', '順利', '脫卡關', '格局', '一舉', '316', '元價位', '展現', '強勁', '升值', '動能', '接下', '美國將', '公布', '最新', '消費者', '物價', '指數', 'CPI', '數據市', '場正', '高度', '關注通', '是否', '持續', '降溫', '美通', '膨數', '一步', '壓抑', '美元', '走勢', '台幣', '有望', '順勢', '315', '元大關', '發起', '挑戰', '結售', '規模', '歷史', '新高', '根據', '央行', '最新', '統計', '出口', '外匯', '收入', '55607', '美元', '其中', '立即', '結售', '台幣', '金額僅', '1077', '美元', '不到', '推升', '單月', '結售', '美元', '金額', '高達', '5453', '美元', '歷史', '新高', '累計', '今年', '七月', '結售', '美元', '金額', '29824', '美元', '年增', '341', '同創', '歷年', '新高', '並逼', '3000', '美元', '大關', '市場', '分析', '出口商', '先前', '惜售', '美元', '一度', '市場', '即期', '供給', '減少並', '牽動', '匯率', '波動', '隨著', '國際美', '軟新', '台幣', '重啟', '升勢', '出口商', '是否', '轉向', '拋匯', '將成', '匯價', '能否', '穩住並', '攻克', '315', '關鍵', '心得', '看到', '一堆', '銀行', '美元', '高利', '一銀', '36', '將來', '466', '本來', '31', '字頭', '可以', '開始', '分批', '換一點', '短期', '定存', '美元', '結果現', '台幣', '還在', '繼續', '316', '不住', '這個', '走法', '知道', '31', '機會', '看到', '幾年', '好像', '類似', '狂出', '美元', '定存', '情形', '結果', '一堆', '3233', '美元', '定存', '利息', '半天', '匯差', '一下', '回去', '目前', '想法', '如果', '繼續', '31', '分批', '慢慢', '反正', '短期', '資金', '全部', '丟回', '股市', '預計會', '選舉', '過後穩定', '先找', '短天期', '美元', '定存', '一下', '至少', '還有', '34', '可以', '但怕', '覺得', '315', '很甜', '搞不好', '過幾天', '31', '有人', '部分', '部位', '清倉', '改放', '美元', '等後面', '選舉', '重新', '投入', '美元', '換在', '多少']",Positive,0.9976734519004822
M.1788767758.A.412,[情報] 外資買超歷史前十名 (今天第四名),liaon98,2026-09-07 15:55:56,56,https://www.ptt.cc/bbs/Stock/M.1788767758.A.412.html,"標題：外資買超歷史前十名 (今天第四名)

來源：TWSE


網址：


內文：

第○名    日期    外資買超金額(億)        備註
   一   2005/12/28    +1252.88        
   二   2026/04/08    +1177.72        美伊戰爭停火兩週
   三   2026/08/05     +903.08        台股上漲爆大量1.1兆外資狂買

   五   2026/05/29     +803.55        台股再創新高越過44,000點(收盤)
   六   2024/01/19     +801.69        台積電外資買超11萬張
   七   2026/05/22     +761.36        外資連兩日大買+1364億
   八   2026/08/13     +756.94        台股跌深反彈後再次站上46,000點
   九   2026/05/06     +751.04        台股再創新高越過41,000點
   十   2023/01/30     +722.55        農曆春節過完第一個交易日
  =================================================================
   11   2026/04/14     +689.07        台股再創新高越過36,000點


參照paidzou大的格式 



--","標題外資買超歷史前十名 今天第四名

來源TWSE


網址


內文

第名    日期    外資買超金額億        備註
   一   20051228    125288        
   二   20260408    117772        美伊戰爭停火兩週
   三   20260805     90308        台股上漲爆大量11兆外資狂買

   五   20260529     80355        台股再創新高越過44000點收盤
   六   20240119     80169        台積電外資買超11萬張
   七   20260522     76136        外資連兩日大買1364億
   八   20260813     75694        台股跌深反彈後再次站上46000點
   九   20260506     75104        台股再創新高越過41000點
   十   20230130     72255        農曆春節過完第一個交易日
  
   11   20260414     68907        台股再創新高越過36000點


參照paidzou大的格式","['標題', '外資買', '超歷', '史前', '十名', '今天', '第四名', '來源', 'TWSE', '網址', '內文', '第名', '日期', '外資買', '超金額', '20051228', '125288', '20260408', '117772', '美伊戰爭', '停火', '兩週', '20260805', '90308', '台股', '大量', '11', '兆外', '資狂', '20260529', '80355', '台股', '新高', '越過', '44000', '點收盤', '20240119', '80169', '台積電', '外資', '11', '萬張', '20260522', '76136', '外資連', '兩日', '大買', '1364', '20260813', '75694', '台股', '反彈', '再次', '站上', '46000', '20260506', '75104', '台股', '新高', '越過', '41000', '20230130', '72255', '節過', '第一', '交易日', '11', '20260414', '68907', '台股', '新高', '越過', '36000', '參照', 'paidzou', '格式']",Positive,0.9820842146873474
M.1788767327.A.FDB,[情報] 115年09月07日 三大法人買賣金額統計表,coconing,2026-09-07 15:48:44,爆,https://www.ptt.cc/bbs/Stock/M.1788767327.A.FDB.html,"115年09月07日 三大法人買賣金額統計表

單位名稱        買進金額(億元)  賣出金額(億元)  買賣差額(億元)

自營商(自行買賣)   156.63          96.91        

自營商(避險)       413.54         316.39        

投  信             250.39         151.69        

外資及陸資        3760.56        2877.48        

外資自營商              0              0                0
===========================================================
合  計            4581.14        3442.49        

法人成交比重

--
一頁書：世事如棋，乾坤莫測，笑盡英雄啊～～～
一夜輸：股市如棋，漲跌莫測，坑盡散戶啊～～～

--
                                      09/07 15:48","115年09月07日 三大法人買賣金額統計表

單位名稱        買進金額億元  賣出金額億元  買賣差額億元

自營商自行買賣   15663          9691        

自營商避險       41354         31639        

投  信             25039         15169        

外資及陸資        376056        287748        

外資自營商              0              0                0

合  計            458114        344249        

法人成交比重


一頁書世事如棋乾坤莫測笑盡英雄啊
一夜輸股市如棋漲跌莫測坑盡散戶啊","['115', '09', '07', '三大', '法人', '買賣', '金額', '統計表', '單位', '名稱', '進金額', '億元', '賣出', '金額', '億元', '買賣', '差額', '億元', '自營商', '自行', '買賣', '15663', '9691', '自營', '商避險', '41354', '31639', '25039', '15169', '外資及', '陸資', '376056', '287748', '外資', '自營商', '458114', '344249', '法人', '成交', '比重', '一頁', '世事', '如棋', '乾坤', '莫測', '英雄', '一夜', '股市', '如棋漲', '跌莫測', '散戶']",Positive,0.7739487886428833
M.1788766936.A.2AD,Re: [情報] 3184 微邦為全台第一家取得歐盟MDR醫材認,littledd,2026-09-07 15:42:12,2,https://www.ptt.cc/bbs/Stock/M.1788766936.A.2AD.html,"恭禧有上車的鄉民

善德生技果然真的大漲了

有賺的可以自己獲利下車

另外繼善德生技 之後


鑫品生醫 （4170）我認為可能是下一隻可能的飆股


鑫品生醫（4170）與微邦科技（3184）皆為台灣興櫃市場中受矚目的生技醫療類股。兩家
公司在近期基本面上皆展現出顯著的共同發展趨勢



1.營運成功「轉虧為盈」：兩家公司近期最顯著的相同點在於基本面迎來轉折期，皆成功
走出連續虧損並進入獲利修復期。

2.具備 CDMO 委託開發製造服務：兩者皆提供生醫領域的 CDMO 服務。鑫品主要為研究
機構及企業提供細胞委託培養與製造；微邦則提供從微機電關鍵零組件到醫療器材整體結構的
客製化代工與委託開發。

3.同屬高毛利技術導向：兩家企業都具備高技術壁壘。彰顯其產品具備極高的技術溢價與
防禦力。


看好原因:

2025 年創下每股盈餘（EPS）達 2.2 元的佳績，正式由虧轉盈。

今年上半年每股盈餘（EPS）也達 0.59 元 跟微邦 (3184)一樣都是由虧轉盈

隨著台灣《再生醫療雙法》於 2026 年正式施行

鑫品生醫憑藉核心技術、細胞儲存及外泌體三大業務，建構起難以複製的產業護城河




免責聲明:本內容僅供參考，不構成任何投資建議。投資人應獨立判斷，審慎評估並自負
投資風險













--","恭禧有上車的鄉民

善德生技果然真的大漲了

有賺的可以自己獲利下車

另外繼善德生技 之後


鑫品生醫 4170我認為可能是下一隻可能的飆股


鑫品生醫4170與微邦科技3184皆為台灣興櫃市場中受矚目的生技醫療類股兩家
公司在近期基本面上皆展現出顯著的共同發展趨勢



1營運成功轉虧為盈兩家公司近期最顯著的相同點在於基本面迎來轉折期皆成功
走出連續虧損並進入獲利修復期

2具備 CDMO 委託開發製造服務兩者皆提供生醫領域的 CDMO 服務鑫品主要為研究
機構及企業提供細胞委託培養與製造微邦則提供從微機電關鍵零組件到醫療器材整體結構的
客製化代工與委託開發

3同屬高毛利技術導向兩家企業都具備高技術壁壘彰顯其產品具備極高的技術溢價與
防禦力


看好原因

2025 年創下每股盈餘EPS達 22 元的佳績正式由虧轉盈

今年上半年每股盈餘EPS也達 059 元 跟微邦 3184一樣都是由虧轉盈

隨著台灣再生醫療雙法於 2026 年正式施行

鑫品生醫憑藉核心技術細胞儲存及外泌體三大業務建構起難以複製的產業護城河




免責聲明本內容僅供參考不構成任何投資建議投資人應獨立判斷審慎評估並自負
投資風險","['恭禧', '上車', '鄉民', '善德', '生技', '果然', '真的', '大漲', '可以', '自己', '獲利', '下車', '另外', '繼善德', '生技', '鑫品', '生醫', '4170', '認為', '可能', '可能', '飆股', '鑫品', '生醫', '4170', '微邦', '科技', '3184', '台灣', '興櫃', '市場', '受矚', '目的', '生技', '醫療', '類股', '兩家', '公司', '近期', '基本面', '上皆展', '現出', '顯著', '共同', '發展', '趨勢', '營運', '成功', '轉虧', '為盈', '兩家', '公司', '近期', '最顯', '相同', '點在', '基本面', '迎來', '轉折期', '成功', '走出', '連續', '損並', '進入', '獲利修', '具備', 'CDMO', '提供', '生醫', '領域', 'CDMO', '服務鑫品', '主要', '研究', '機構', '企業', '提供', '細胞委', '培養', '提供', '微機', '電關鍵', '零組件', '醫療', '器材', '整體', '結構', '代工', '與委', '開發', '同屬', '毛利', '技術導', '兩家', '企業', '具備', '高技', '術壁壘', '彰顯', '其產品', '具備', '極高', '技術', '溢價', '防禦力', '看好', '原因', '2025', '創下', '每股', '盈餘', 'EPS', '22', '佳績', '正式', '由虧', '轉盈', '今年', '上半年', '每股', '盈餘', 'EPS', '059', '微邦', '3184', '一樣', '轉盈', '隨著', '台灣', '再生', '醫療', '雙法', '2026', '正式', '施行', '鑫品', '生醫', '核心', '技術', '細胞', '儲存', '外泌體', '三大業務', '建構', '起難', '免責聲', '明本', '內容', '僅供', '參考', '不構', '任何', '投資', '建議', '投資人應', '獨立', '判斷', '審慎', '評估', '並自負', '投資', '風險']",Positive,0.9984784722328186
M.1788766922.A.CCE,[情報] 脆上有人爆料欣興的細節,cvn21,2026-09-07 15:42:00,爆,https://www.ptt.cc/bbs/Stock/M.1788766922.A.CCE.html,"原文連結：

原Po文法有點問題，所以大家將就看

原文如下：
欣興洗產地又霸凌我  桃園市政府是新店市長管理他們相信欣興作假的pip不予處置  我八號要開庭  這些洗產地跟他們霸凌我的雖然無關  請問動森脆友我該怎麼繳交證物有幫AMD還有NVIDIA Garmin都洗過

可剝膠就是把中國黃石廠的成品pcb板子上面覆蓋膠蓋住made in Taiwan跟品牌洗成臺灣製造還可剝膠真好笑

可以把2026一月之前的剝膠洗產地產出拿出來嗎尤其是東浩人力的

他們多剝我一年半每小時才22片欣興拿三月的比我被你們逼迫到一小時25。誰知道你們是不是嫌棄洗產地洗的太慢現在洗產地不用放大鏡檢查膠還有沒有殘留而是改肉眼，或者改了膠成分，所以洗產地速度變快。
我這邊一疊出貨貼紙可以證明你們就是在洗產地 ！還有我的筆記本上也可以檢驗字跡年份之前我剝的跟來支援的我都有紀錄在上面，我三次目撿考試都80分還不能證明是指導員指導錯誤？怎麼不拿我其他考試都100跟一次90來說，為了達到你們的產量十小時我的脖子受傷一直低頭看板子左右手出力到挽隧道發炎，都有醫生證明了，甚至懇求領班不要在公開場合罵我,如果你們有感情的家屬我希望他們也遇到欣興這種幫紅色洗產地沒有良心霸凌人的公司




meta. AI:
原PO的說法我幫你整理成這樣，給你參考：

1. 重點指控： 說欣興用可剝膠蓋住中國黃石廠PCB上的產地和品牌資訊，再標成MADE IN TAIWAN出貨，客戶包含AMD、NVIDIA、Garmin。附圖就是他說的一疊出貨貼紙和印章。

2. 職場糾紛： 他說自己做剝膠目檢一年半，每小時標準22片，後來被要求到25片，導致脖子、腕隧道受傷，且有領班公開罵人的情況。他質疑指導員的考試標準不一。

3. 時序：
2026/01以前 -> 他說是洗產地產出的高峰期，希望調東浩人力的紀錄。
2026/03 -> 公司用這個月的產量跟他比較。
9/8 -> 他要開庭，但說桃園市政府採信公司的PIP所以不予處置，現在在問脆友怎麼繳交筆記本、出貨貼紙等證物。

心得：臥槽，明天一根？

-----
Sent from JPTT on my OnePlus CPH2581.

--
脆上面還蠻好用的，臉書上面大概只有GPT3的程度","原文連結

原Po文法有點問題所以大家將就看

原文如下
欣興洗產地又霸凌我  桃園市政府是新店市長管理他們相信欣興作假的pip不予處置  我八號要開庭  這些洗產地跟他們霸凌我的雖然無關  請問動森脆友我該怎麼繳交證物有幫AMD還有NVIDIA Garmin都洗過

可剝膠就是把中國黃石廠的成品pcb板子上面覆蓋膠蓋住made in Taiwan跟品牌洗成臺灣製造還可剝膠真好笑

可以把2026一月之前的剝膠洗產地產出拿出來嗎尤其是東浩人力的

他們多剝我一年半每小時才22片欣興拿三月的比我被你們逼迫到一小時25誰知道你們是不是嫌棄洗產地洗的太慢現在洗產地不用放大鏡檢查膠還有沒有殘留而是改肉眼或者改了膠成分所以洗產地速度變快
我這邊一疊出貨貼紙可以證明你們就是在洗產地 還有我的筆記本上也可以檢驗字跡年份之前我剝的跟來支援的我都有紀錄在上面我三次目撿考試都80分還不能證明是指導員指導錯誤怎麼不拿我其他考試都100跟一次90來說為了達到你們的產量十小時我的脖子受傷一直低頭看板子左右手出力到挽隧道發炎都有醫生證明了甚至懇求領班不要在公開場合罵我如果你們有感情的家屬我希望他們也遇到欣興這種幫紅色洗產地沒有良心霸凌人的公司




meta AI
原PO的說法我幫你整理成這樣給你參考

1 重點指控 說欣興用可剝膠蓋住中國黃石廠PCB上的產地和品牌資訊再標成MADE IN TAIWAN出貨客戶包含AMDNVIDIAGarmin附圖就是他說的一疊出貨貼紙和印章

2 職場糾紛 他說自己做剝膠目檢一年半每小時標準22片後來被要求到25片導致脖子腕隧道受傷且有領班公開罵人的情況他質疑指導員的考試標準不一

3 時序
202601以前  他說是洗產地產出的高峰期希望調東浩人力的紀錄
202603  公司用這個月的產量跟他比較
98  他要開庭但說桃園市政府採信公司的PIP所以不予處置現在在問脆友怎麼繳交筆記本出貨貼紙等證物

心得臥槽明天一根


Sent from JPTT on my OnePlus CPH2581","['原文', '連結', 'Po', '文法', '有點', '問題', '所以', '大家', '將就', '原文', '如下', '欣興', '洗產地', '霸凌', '桃園', '市政府', '新店市', '管理', '他們', '相信', '欣興', '作假', 'pip', '不予', '處置', '我八號', '開庭', '這些', '洗產地', '他們', '霸凌', '雖然', '無關', '問動森', '脆友', '怎麼', '繳交證物', 'AMD', '還有', 'NVIDIA', 'Garmin', '洗過', '剝膠', '就是', '中國', '石廠', '成品', 'pcb', '板子', '上面', '覆蓋', '膠蓋', 'made', 'in', 'Taiwan', '品牌', '洗成', '好笑', '可以', '2026', '一月', '之前', '剝膠', '洗產', '地產出', '拿出', '尤其', '東浩', '人力', '他們', '一年', '每小時', '22', '片欣興', '三月', '逼迫', '一小', '25', '知道', '你們', '是不是', '嫌棄', '洗產地', '太慢', '現在', '洗產地', '不用', '放大', '鏡檢查', '還有', '沒有', '殘留', '而是', '肉眼', '或者', '成分', '所以', '洗產地', '速度', '變快', '這邊', '一疊', '出貨', '貼紙', '可以', '證明', '就是', '洗產地', '還有', '筆記本', '可以', '檢驗', '字跡', '年份', '之前', '支援', '紀錄', '上面', '三次', '考試', '80', '分還', '不能', '證明', '指導員', '指導', '錯誤', '怎麼', '其他', '考試', '100', '一次', '90', '產量', '十小時', '脖子', '受傷', '一直', '低頭', '板子', '左右手', '出力', '隧道', '發炎', '醫生', '證明', '甚至', '懇求', '領班', '不要', '公開場', '合罵', '如果', '你們', '感情', '家屬', '希望', '他們', '遇到', '欣興', '這種', '幫紅色', '洗產地', '沒有', '良心', '霸凌人', '公司', 'meta', 'AI', 'PO', '整理', '這樣給', '參考', '重點', '指控', '欣興用', '剝膠', '中國', '石廠', 'PCB', '產地', '品牌', '資訊', '標成', 'MADE', 'IN', 'TAIWAN', '出貨', '客戶', '包含', 'AMDNVIDIAGarmin', '附圖', '就是', '一疊', '出貨', '貼紙', '印章', '職場', '糾紛', '自己', '剝膠', '目檢', '一年', '每小時', '標準', '22', '片後來', '要求', '25', '片導致', '脖子', '隧道', '受傷', '領班公開', '情況', '質疑', '指導員', '考試', '標準', '時序', '202601', '以前', '洗產', '地產出', '高峰期', '希望', '調東浩', '人力', '紀錄', '202603', '公司', '這個', '產量', '98', '開庭', '桃園', '市政府', '採信', '公司', 'PIP', '所以', '不予', '處置現', '問脆友', '怎麼', '繳交筆', '記本', '出貨', '貼紙', '證物', '心得', '臥槽', '明天', '一根', 'Sent', 'from', 'JPTT', 'on', 'my', 'OnePlus', 'CPH2581']",Negative,0.8839392066001892
M.1788765971.A.85C,[新聞] 瑞昱：開發WiFi 9技術　邁向 ASIC 勢在,AnimalSpirit,2026-09-07 15:26:09,17,https://www.ptt.cc/bbs/Stock/M.1788765971.A.85C.html,"瑞昱：開發WiFi 9技術　邁向 ASIC 勢在必行



2026/09/07 14:36:45 中央社 記者張建中


網通晶片廠瑞昱董事長邱順建獲選工研院院士，他表示，AI蓬勃發展，整體產業景氣非常
好，只是消費市場等可能面臨產能資源排擠問題。瑞昱除開發WiFi 9技術，並將朝向特殊
應用晶片（ASIC）發展，這是必然趨勢。

工研院今天舉行院士授證典禮，總統賴清德出席為3名新科院士邱順建及台積電執行副總
經理暨共同營運長秦永沛和台北榮民總醫院院長陳威明授證。

邱順建受訪說，瑞昱已開始量產WiFi 7晶片，很快就會邁入WiFi 8世代，目前也已投入
WiFi 9技術開發，技術會不斷往前推進。

至於光通訊方面，邱順建表示，光通訊是人工智慧（AI）非常重要的核心，業界積極投入
，瑞昱正積極建立相關矽智財（IP）和產品。

媒體問瑞昱是否會跟進聯發科朝向ASIC領域發展，邱順建說，聯發科模式是業界發展的必
然趨勢，也是台灣產業升級中自然會發生的事情。

邱順建表示，透過合作可以加速產品推出速度，讓全球科技發展更快速，很多公司陸續朝
向ASIC發展，瑞昱也有零星在做，只是規模不像聯發科那麼大。

至於晶圓代工價格調漲，邱順建說，全球處於供需失調的狀態，供應鏈會有一些價值調整
，甚至價格調整，瑞昱將與夥伴溝通，一起度過這一轉變階段。




媒體問瑞昱是否會跟進聯發科朝向ASIC領域發展，邱順建說，聯發科模式是業界發展的必
然趨勢，也是台灣產業升級中自然會發生的事情。

豬屎屋二哥螃蟹也要循發哥模式做ASIC
這個Business Model 精采了
三哥四哥也要跟上嗎？

--
三哥魯肉","瑞昱開發WiFi 9技術　邁向 ASIC 勢在必行



20260907 143645 中央社 記者張建中


網通晶片廠瑞昱董事長邱順建獲選工研院院士他表示AI蓬勃發展整體產業景氣非常
好只是消費市場等可能面臨產能資源排擠問題瑞昱除開發WiFi 9技術並將朝向特殊
應用晶片ASIC發展這是必然趨勢

工研院今天舉行院士授證典禮總統賴清德出席為3名新科院士邱順建及台積電執行副總
經理暨共同營運長秦永沛和台北榮民總醫院院長陳威明授證

邱順建受訪說瑞昱已開始量產WiFi 7晶片很快就會邁入WiFi 8世代目前也已投入
WiFi 9技術開發技術會不斷往前推進

至於光通訊方面邱順建表示光通訊是人工智慧AI非常重要的核心業界積極投入
瑞昱正積極建立相關矽智財IP和產品

媒體問瑞昱是否會跟進聯發科朝向ASIC領域發展邱順建說聯發科模式是業界發展的必
然趨勢也是台灣產業升級中自然會發生的事情

邱順建表示透過合作可以加速產品推出速度讓全球科技發展更快速很多公司陸續朝
向ASIC發展瑞昱也有零星在做只是規模不像聯發科那麼大

至於晶圓代工價格調漲邱順建說全球處於供需失調的狀態供應鏈會有一些價值調整
甚至價格調整瑞昱將與夥伴溝通一起度過這一轉變階段




媒體問瑞昱是否會跟進聯發科朝向ASIC領域發展邱順建說聯發科模式是業界發展的必
然趨勢也是台灣產業升級中自然會發生的事情

豬屎屋二哥螃蟹也要循發哥模式做ASIC
這個Business Model 精采了
三哥四哥也要跟上嗎","['瑞昱', '開發', 'WiFi', '技術', '邁向', 'ASIC', '必行', '20260907', '143645', '中央社', '記者', '建中', '網通', '晶片', '廠瑞昱', '董事', '邱順建', '獲選', '工研院', '院士', '表示', 'AI', '蓬勃', '發展', '整體', '產業', '景氣', '非常', '只是', '消費', '市場', '可能', '面臨', '產能', '資源', '排擠', '問題', '瑞昱除', '開發', 'WiFi', '技術', '並將', '朝向', '特殊', '應用', '晶片', 'ASIC', '發展', '這是', '必然', '趨勢', '工研院', '今天', '舉行', '院士', '授證', '典禮', '總統', '賴清德', '出席', '新科', '院士', '邱順', '建及', '台積電', '執行', '經理', '共同', '營運長', '秦永沛', '台北', '榮民', '總醫院', '院長', '威明', '授證', '邱順建', '受訪', '說瑞昱', '開始量', 'WiFi', '晶片', '很快', '就會', '邁入', 'WiFi', '世代', '目前', '投入', 'WiFi', '技術', '開發', '技術會', '不斷', '往前', '推進', '至於', '光通', '方面', '邱順建', '表示', '光通', '人工智慧', 'AI', '非常', '重要', '核心', '業界', '積極', '投入', '瑞昱', '正積極', '建立', '相關', '矽智財', 'IP', '產品', '媒體', '問瑞昱', '是否', '進聯', '發科', '朝向', 'ASIC', '領域', '發展', '邱順建', '聯發科', '模式', '業界', '發展', '趨勢', '台灣產業', '升級', '自然', '發生', '事情', '邱順建', '表示', '透過', '合作', '可以', '加速', '產品', '推出', '速度', '全球', '科技', '發展', '快速', '很多', '公司', '陸續', 'ASIC', '發展', '瑞昱', '零星', '只是', '規模', '聯發科', '那麼', '至於', '晶圓', '代工', '價格', '調漲', '邱順建', '全球', '供需', '失調', '狀態', '供應', '鏈會', '一些', '價值', '調整', '甚至', '價格調', '整瑞昱將', '夥伴', '溝通', '一起', '度過', '這一轉', '變階段', '媒體', '問瑞昱', '是否', '進聯', '發科', '朝向', 'ASIC', '領域', '發展', '邱順建', '聯發科', '模式', '業界', '發展', '趨勢', '台灣產業', '升級', '自然', '發生', '事情', '豬屎', '二哥', '螃蟹', '發哥', '模式', 'ASIC', '這個', 'Business', 'Model', '精采', '三哥', '四哥', '跟上']",Positive,0.9969101548194885
M.1788765944.A.1A5,[情報] 4958臻鼎-KY 8月營收,zjeff1,2026-09-07 15:25:41,28,https://www.ptt.cc/bbs/Stock/M.1788765944.A.1A5.html,"項目    合併營業收入淨額
新台幣  功能性貨幣(美金)
本月    20,666,117      645,124.95
去年同期        14,651,388      485,651.00
增減金額        6,014,729       159,473.95
增減百分比      41.05   32.84
本年累計        127,425,506     4,011,221.60
去年累計        106,289,124     3,400,043.86
增減金額        21,136,382      611,177.74
增減百分比      19.89   17.98
本月換算匯率：  ─      32.0343
本年累計換算匯率：      ─      31.7673
備註



臻鼎真的頂

--

       
 
  
       

--","項目    合併營業收入淨額
新台幣  功能性貨幣美金
本月    20666117      64512495
去年同期        14651388      48565100
增減金額        6014729       15947395
增減百分比      4105   3284
本年累計        127425506     401122160
去年累計        106289124     340004386
增減金額        21136382      61117774
增減百分比      1989   1798
本月換算匯率        320343
本年累計換算匯率            317673
備註



臻鼎真的頂","['項目', '營業', '收入', '淨額', '新台幣', '功能性', '貨幣', '美金', '本月', '20666117', '64512495', '去年同期', '14651388', '48565100', '增減', '金額', '6014729', '15947395', '增減', '百分比', '4105', '3284', '本年', '累計', '127425506', '401122160', '去年', '累計', '106289124', '340004386', '增減', '金額', '21136382', '61117774', '增減', '百分比', '1989', '1798', '本月', '換算', '匯率', '320343', '本年', '累計', '換算', '匯率', '317673', '真的']",Positive,0.6742514967918396
M.1788765820.A.CAB,[情報] 7788 松川精密 115年8月營收,ALIENKUO,2026-09-07 15:23:38,15,https://www.ptt.cc/bbs/Stock/M.1788765820.A.CAB.html,"7788 松川精密115年8月營收

重大資訊觀測站




項目    營業收入淨額
本月      872,043
去年同期          524,040
增減金額          348,003
增減百分比        66.41
本年累計          5,975,262
去年累計          4,252,350
增減金額          1,722,912
增減百分比        40.52
備註 / 營收變化原因說明 主要客戶訂單增加致營收成長。

MOM -11.59% YOY +66.41%

被偷看答案了嗎
今天突然殺一根
明天法說會
等800HVDC放量
今年15塊拼拼看吧

-----
Sent from JPTT on my iPhone

--
有這麼好嗎 有這麼賺應該不太可能會到這價位 哈哈","7788 松川精密115年8月營收

重大資訊觀測站




項目    營業收入淨額
本月      872043
去年同期          524040
增減金額          348003
增減百分比        6641
本年累計          5975262
去年累計          4252350
增減金額          1722912
增減百分比        4052
備註  營收變化原因說明 主要客戶訂單增加致營收成長

MOM 1159 YOY 6641

被偷看答案了嗎
今天突然殺一根
明天法說會
等800HVDC放量
今年15塊拼拼看吧


Sent from JPTT on my iPhone","['7788', '松川', '精密', '115', '營收', '重大', '資訊', '觀測', '項目', '營業', '收入', '淨額', '本月', '872043', '去年同期', '524040', '增減', '金額', '348003', '增減', '百分比', '6641', '本年', '累計', '5975262', '去年', '累計', '4252350', '增減', '金額', '1722912', '增減', '百分比', '4052', '營收', '變化', '原因', '說明', '主要', '客戶', '訂單', '增加', '致營', '收成', 'MOM', '1159', 'YOY', '6641', '偷看', '答案', '今天', '突然', '一根', '明天', '法說', '800HVDC', '放量', '今年', '15', '拼拼看', 'Sent', 'from', 'JPTT', 'on', 'my', 'iPhone']",Positive,0.9785405993461609
M.1788765408.A.7A4,[情報] 3026禾伸堂 8月營收,zjeff1,2026-09-07 15:16:45,54,https://www.ptt.cc/bbs/Stock/M.1788765408.A.7A4.html,"項目    營業收入淨額
本月      1,439,761
去年同期          1,080,751
增減金額          359,010
增減百分比        33.22
本年累計          10,656,334
去年累計          8,850,024
增減金額          1,806,310
增減百分比        20.41
備註 / 營收變化原因說明

  

既生瑜，禾伸堂，賣中藥的說產能滿載要擴廠了

--

       
 
  
       

--","項目    營業收入淨額
本月      1439761
去年同期          1080751
增減金額          359010
增減百分比        3322
本年累計          10656334
去年累計          8850024
增減金額          1806310
增減百分比        2041
備註  營收變化原因說明

  

既生瑜禾伸堂賣中藥的說產能滿載要擴廠了","['項目', '營業', '收入', '淨額', '本月', '1439761', '去年同期', '1080751', '增減', '金額', '359010', '增減', '百分比', '3322', '本年', '累計', '10656334', '去年', '累計', '8850024', '增減', '金額', '1806310', '增減', '百分比', '2041', '營收', '變化', '原因', '說明', '既生', '伸堂', '中藥', '產能', '滿載', '擴廠']",Positive,0.7748427391052246
M.1788764860.A.787,[情報] 2337旺宏 8月營收,zjeff1,2026-09-07 15:07:37,20,https://www.ptt.cc/bbs/Stock/M.1788764860.A.787.html,"項目    營業收入淨額
本月      8,145,267
去年同期          2,557,121
增減金額          5,588,146
增減百分比        218.53
本年累計          45,463,389
去年累計          18,247,954
增減金額          27,215,435
增減百分比        149.14
備註 / 營收變化原因說明 受市場需求增加影響。



凱基說好的股價300何時才會來

--

       
 
  
       

--","項目    營業收入淨額
本月      8145267
去年同期          2557121
增減金額          5588146
增減百分比        21853
本年累計          45463389
去年累計          18247954
增減金額          27215435
增減百分比        14914
備註  營收變化原因說明 受市場需求增加影響



凱基說好的股價300何時才會來","['項目', '營業', '收入', '淨額', '本月', '8145267', '去年同期', '2557121', '增減', '金額', '5588146', '增減', '百分比', '21853', '本年', '累計', '45463389', '去年', '累計', '18247954', '增減', '金額', '27215435', '增減', '百分比', '14914', '營收', '變化', '原因', '說明', '受市場', '需求', '增加', '影響', '凱基', '股價', '300', '何時']",Positive,0.8681411147117615
M.1788764801.A.15B,[情報] 0907 上市投信買賣超排行,saber50116,2026-09-07 15:06:39,30,https://www.ptt.cc/bbs/Stock/M.1788764801.A.15B.html,"1. 標題：投信買賣超排行

2. 來源：富邦證券

3. 網址：

4. 內文：

買超

1       2887台新新光金  15,310
2       2303聯電        14,860
3       2884玉山金      8,972
4       6770力積電      7,427
5       2883凱基金      7,322
6       2892第一金      6,620
7       1303南亞        5,483
8       2801彰銀        4,234
9       2891中信金      3,535
10      2027大成鋼      3,092
11      3231緯創        2,948
12      0056元大高股息  2,860
13      00982A主動群益台灣強棒  2,774
14      4958臻鼎-KY     2,722
15      2542興富發      2,705
16      0050元大台灣50  2,700
17      4938和碩        2,684
18      2618長榮航      1,951
19      2481強茂        1,940
20      2633台灣高鐵    1,609
21      2449京元電子    1,560
22      2357華碩        1,435
23      2353宏碁        1,431
24      2610華航        1,261
25      2886兆豐金      1,207
26      2890永豐金      1,124
27      6278台表科      1,092
28      2382廣達        1,080
29      5876上海商銀    1,059
30      00713元大台灣高息低波   1,000
31      00929復華台灣科技優息   1,000
32      2454聯發科      911
33      3532台勝科      897
34      3706神達        879
35      2368金像電      639
36      2347聯強        580
37      2603長榮        495
38      3702大聯大      473
39      2376技嘉        464
40      1102亞泥        455
41      2637慧洋-KY     437
42      2377微星        425
43      2105正新        390
44      8028昇陽半導體  370
45      2408南亞科      362
46      3037欣興        360
47      9904寶成        356
48      3017奇鋐        207
49      9910豐泰        187
50      2609陽明        171

賣超

1       2313華通        -3,906
2       1402遠東新      -2,890
3       00919群益台灣精選高息   -1,500
4       2344華邦電      -1,340
5       8996高力        -1,139
6       6669緯穎        -748
7       8046南電        -584
8       3711日月光投控  -510
9       6449鈺邦        -500
10      2472立隆電      -488
11      3008大立光      -478
12      2330台積電      -367
13      8210勤誠        -332
14      8021尖點        -212
15      2606裕民        -170
16      6831邁科        -129
17      2395研華        -121
18      2327國巨*       -116
19      3443創意        -116
20      2356英業達      -114
21      2458義隆        -102
22      9941裕融        -99
23      00935野村臺灣新科技50   -98
24      1513中興電      -63
25      6446藥華藥      -60
26      2881富邦金      -58
27      3036文曄        -58
28      3583辛耘        -58
29      2615萬海        -56
30      5880合庫金      -55
31      4551智伸科      -54
32      9939宏全        -51
33      2324仁寶        -50
34      1319東陽        -50
35      2885元大金      -44
36      3004豐達科      -43
37      3042晶技        -40
38      6285啟碁        -39
39      3481群創        -37
40      6257矽格        -33
41      5434崇越        -33
42      2834臺企銀      -26
43      3653健策        -21
44      00850元大臺灣ESG永續    -20
45      2455全新        -19
46      8070長華*       -19
47      6005群益證      -16
48      3406玉晶光      -16
49      2838聯邦銀      -15
50      2855統一證      -15


--","1 標題投信買賣超排行

2 來源富邦證券

3 網址

4 內文

買超

1       2887台新新光金  15310
2       2303聯電        14860
3       2884玉山金      8972
4       6770力積電      7427
5       2883凱基金      7322
6       2892第一金      6620
7       1303南亞        5483
8       2801彰銀        4234
9       2891中信金      3535
10      2027大成鋼      3092
11      3231緯創        2948
12      0056元大高股息  2860
13      00982A主動群益台灣強棒  2774
14      4958臻鼎KY     2722
15      2542興富發      2705
16      0050元大台灣50  2700
17      4938和碩        2684
18      2618長榮航      1951
19      2481強茂        1940
20      2633台灣高鐵    1609
21      2449京元電子    1560
22      2357華碩        1435
23      2353宏碁        1431
24      2610華航        1261
25      2886兆豐金      1207
26      2890永豐金      1124
27      6278台表科      1092
28      2382廣達        1080
29      5876上海商銀    1059
30      00713元大台灣高息低波   1000
31      00929復華台灣科技優息   1000
32      2454聯發科      911
33      3532台勝科      897
34      3706神達        879
35      2368金像電      639
36      2347聯強        580
37      2603長榮        495
38      3702大聯大      473
39      2376技嘉        464
40      1102亞泥        455
41      2637慧洋KY     437
42      2377微星        425
43      2105正新        390
44      8028昇陽半導體  370
45      2408南亞科      362
46      3037欣興        360
47      9904寶成        356
48      3017奇鋐        207
49      9910豐泰        187
50      2609陽明        171

賣超

1       2313華通        3906
2       1402遠東新      2890
3       00919群益台灣精選高息   1500
4       2344華邦電      1340
5       8996高力        1139
6       6669緯穎        748
7       8046南電        584
8       3711日月光投控  510
9       6449鈺邦        500
10      2472立隆電      488
11      3008大立光      478
12      2330台積電      367
13      8210勤誠        332
14      8021尖點        212
15      2606裕民        170
16      6831邁科        129
17      2395研華        121
18      2327國巨       116
19      3443創意        116
20      2356英業達      114
21      2458義隆        102
22      9941裕融        99
23      00935野村臺灣新科技50   98
24      1513中興電      63
25      6446藥華藥      60
26      2881富邦金      58
27      3036文曄        58
28      3583辛耘        58
29      2615萬海        56
30      5880合庫金      55
31      4551智伸科      54
32      9939宏全        51
33      2324仁寶        50
34      1319東陽        50
35      2885元大金      44
36      3004豐達科      43
37      3042晶技        40
38      6285啟碁        39
39      3481群創        37
40      6257矽格        33
41      5434崇越        33
42      2834臺企銀      26
43      3653健策        21
44      00850元大臺灣ESG永續    20
45      2455全新        19
46      8070長華       19
47      6005群益證      16
48      3406玉晶光      16
49      2838聯邦銀      15
50      2855統一證      15","['標題', '投信', '排行', '來源', '富邦', '證券', '網址', '內文', '買超', '2887', '台新', '新光', '15310', '2303', '聯電', '14860', '2884', '玉山', '8972', '6770', '力積電', '7427', '2883', '基金', '7322', '2892', '第一', '6620', '1303', '南亞', '5483', '2801', '彰銀', '4234', '2891', '中信', '3535', '10', '2027', '大成', '3092', '11', '3231', '緯創', '2948', '12', '0056', '元大高', '股息', '2860', '13', '00982A', '主動', '群益', '台灣', '強棒', '2774', '14', '4958', 'KY', '2722', '15', '2542', '興富發', '2705', '16', '0050', '元大台灣', '50', '2700', '17', '4938', '2684', '18', '2618', '榮航', '1951', '19', '2481', '強茂', '1940', '20', '2633', '台灣', '高鐵', '1609', '21', '2449', '京元', '電子', '1560', '22', '2357', '華碩', '1435', '23', '2353', '宏碁', '1431', '24', '2610', '華航', '1261', '25', '2886', '豐金', '1207', '26', '2890', '永豐金', '1124', '27', '6278', '台表科', '1092', '28', '2382', '廣達', '1080', '29', '5876', '上海', '商銀', '1059', '30', '00713', '元大台灣', '高息', '低波', '1000', '31', '00929', '華台灣', '科技', '優息', '1000', '32', '2454', '聯發科', '911', '33', '3532', '台勝科', '897', '34', '3706', '神達', '879', '35', '2368', '金像', '639', '36', '2347', '聯強', '580', '37', '2603', '495', '38', '3702', '大聯大', '473', '39', '2376', '技嘉', '464', '40', '1102', '亞泥', '455', '41', '2637', '慧洋', 'KY', '437', '42', '2377', '微星', '425', '43', '2105', '正新', '390', '44', '8028', '陽半導體', '370', '45', '2408', '南亞科', '362', '46', '3037', '欣興', '360', '47', '9904', '寶成', '356', '48', '3017', '207', '49', '9910', '豐泰', '187', '50', '2609', '陽明', '171', '賣超', '2313', '華通', '3906', '1402', '遠東', '2890', '00919', '群益', '台灣', '精選', '高息', '1500', '2344', '華邦電', '1340', '8996', '高力', '1139', '6669', '緯穎', '748', '8046', '南電', '584', '3711', '月光', '投控', '510', '6449', '鈺邦', '500', '10', '2472', '立隆電', '488', '11', '3008', '大立光', '478', '12', '2330', '台積電', '367', '13', '8210', '332', '14', '8021', '尖點', '212', '15', '2606', '裕民', '170', '16', '6831', '邁科', '129', '17', '2395', '研華', '121', '18', '2327', '國巨', '116', '19', '3443', '創意', '116', '20', '2356', '英業', '114', '21', '2458', '義隆', '102', '22', '9941', '裕融', '99', '23', '00935', '野村', '灣新', '科技', '50', '98', '24', '1513', '中興電', '63', '25', '6446', '藥華藥', '60', '26', '2881', '富邦金', '58', '27', '3036', '文曄', '58', '28', '3583', '辛耘', '58', '29', '2615', '萬海', '56', '30', '5880', '合庫', '55', '31', '4551', '伸科', '54', '32', '9939', '宏全', '51', '33', '2324', '仁寶', '50', '34', '1319', '東陽', '50', '35', '2885', '元大金', '44', '36', '3004', '豐達科', '43', '37', '3042', '晶技', '40', '38', '6285', '39', '39', '3481', '群創', '37', '40', '6257', '矽格', '33', '41', '5434', '崇越', '33', '42', '2834', '企銀', '26', '43', '3653', '健策', '21', '44', '00850', '元大', 'ESG', '永續', '20', '45', '2455', '全新', '19', '46', '8070', '19', '47', '6005', '群益證', '16', '48', '3406', '玉晶光', '16', '49', '2838', '聯邦', '15', '50', '2855', '統一證', '15']",Positive,0.8840465545654297
M.1788764341.A.64A,[情報] 7749 意騰-KY 115年8月營收,BlueBird5566,2026-09-07 14:58:59,3,https://www.ptt.cc/bbs/Stock/M.1788764341.A.64A.html,"1. 標題：7749 意騰-KY 115年8月營收

2. 來源：公開資訊觀測站

3. 網址：

4. 內文：

本資料由　(上市公司)意騰-KY　公司提供
民國115年08月   單位：新台幣仟元
本月            198,991
去年同期        123,984
增減金額        75,007
增減百分比      
本年累計        1,492,139
去年累計        930,997
增減金額        561,142
增減百分比      
備註           


--","1 標題7749 意騰KY 115年8月營收

2 來源公開資訊觀測站

3 網址

4 內文

本資料由　上市公司意騰KY　公司提供
民國115年08月   單位新台幣仟元
本月            198991
去年同期        123984
增減金額        75007
增減百分比      
本年累計        1492139
去年累計        930997
增減金額        561142
增減百分比      
備註","['標題', '7749', '意騰', 'KY', '115', '營收', '來源', '公開', '資訊', '觀測', '網址', '內文', '本資料', '上市公司', '意騰', 'KY', '公司', '提供', '民國', '115', '08', '單位', '台幣', '本月', '198991', '去年同期', '123984', '增減', '金額', '75007', '增減', '百分比', '本年', '累計', '1492139', '去年', '累計', '930997', '增減', '金額', '561142', '增減', '百分比']",Positive,0.9052312970161438
M.1788764032.A.11C,[情報] 3260 威剛 8月營收 M:2.97% Y:279.81%,q1a1,2026-09-07 14:53:50,16,https://www.ptt.cc/bbs/Stock/M.1788764032.A.11C.html,"1. 標題：3260 威剛 8月營收Mom:2.97%Yoy:279.81%

2. 來源：公開資訊觀測站

3. 網址：

4. 內文：

民國115年08月   單位：新台幣仟元

項目    營業收入淨額
本月      
去年同期          4,982,863
增減金額          13,942,398

本年累計          101,575,864
去年累計          31,928,435
增減金額          69,647,429
增減百分比        218.14
備註 / 營收變化原因說明 

--","1 標題3260 威剛 8月營收Mom297Yoy27981

2 來源公開資訊觀測站

3 網址

4 內文

民國115年08月   單位新台幣仟元

項目    營業收入淨額
本月      
去年同期          4982863
增減金額          13942398

本年累計          101575864
去年累計          31928435
增減金額          69647429
增減百分比        21814
備註  營收變化原因說明","['標題', '3260', '威剛', '營收', 'Mom297Yoy27981', '來源', '公開', '資訊', '觀測', '網址', '內文', '民國', '115', '08', '單位', '台幣', '項目', '營業', '收入', '淨額', '本月', '去年同期', '4982863', '增減', '金額', '13942398', '本年', '累計', '101575864', '去年', '累計', '31928435', '增減', '金額', '69647429', '增減', '百分比', '21814', '營收', '變化', '原因', '說明']",Positive,0.8971745371818542
M.1788763923.A.6DC,[情報] 3105 穩懋 八月營收,s860064,2026-09-07 14:52:01,9,https://www.ptt.cc/bbs/Stock/M.1788763923.A.6DC.html,"標題：3105 穩懋 八月營收
來源：Mops公開資訊觀測站
網址：

內文：
民國115年08月
單位：新台幣仟元
項目    營業收入淨額
本月：  1,937,397
去年同期：      1,484,003
增減金額：      453,394
增減百分比：    30.55
本年累計：      13,676,774
去年累計：      10,282,561
增減金額：      3,394,213
增減百分比：    33.01
備註/營收變化原因說明：


心得 撐的好累阿 怎麼還不回550
外資到底有多少貨阿
還錢還錢還錢



----
Sent from 

--","標題3105 穩懋 八月營收
來源Mops公開資訊觀測站
網址

內文
民國115年08月
單位新台幣仟元
項目    營業收入淨額
本月  1937397
去年同期      1484003
增減金額      453394
增減百分比    3055
本年累計      13676774
去年累計      10282561
增減金額      3394213
增減百分比    3301
備註營收變化原因說明


心得 撐的好累阿 怎麼還不回550
外資到底有多少貨阿
還錢還錢還錢




Sent from","['標題', '3105', '穩懋', '八月', '營收', '來源', 'Mops', '公開', '資訊', '觀測', '網址', '內文', '民國', '115', '08', '單位', '台幣', '項目', '營業', '收入', '淨額', '本月', '1937397', '去年同期', '1484003', '增減', '金額', '453394', '增減', '百分比', '3055', '本年', '累計', '13676774', '去年', '累計', '10282561', '增減', '金額', '3394213', '增減', '百分比', '3301', '原因', '說明', '心得', '怎麼', '還不回', '550', '外資', '到底', '多少', '貨阿', '還錢', '還錢', '還錢', 'Sent', 'from']",Positive,0.9689773917198181
M.1788763545.A.175,[情報] 2059 川湖 8月營收 M:0.92% Y:344.42%,q1a1,2026-09-07 14:45:43,31,https://www.ptt.cc/bbs/Stock/M.1788763545.A.175.html,"1. 標題：2059 川湖 8月營收Mom:0.92%Yoy:344.42%

2. 來源：公開資訊觀測站

3. 網址：

4. 內文：

民國115年08月   單位：新台幣仟元

項目    營業收入淨額
本月      
去年同期          1,454,984
增減金額          5,011,185

本年累計          29,153,191
去年累計          11,044,490
增減金額          18,108,701
增減百分比        163.96
備註 / 營收變化原因說明 

--","1 標題2059 川湖 8月營收Mom092Yoy34442

2 來源公開資訊觀測站

3 網址

4 內文

民國115年08月   單位新台幣仟元

項目    營業收入淨額
本月      
去年同期          1454984
增減金額          5011185

本年累計          29153191
去年累計          11044490
增減金額          18108701
增減百分比        16396
備註  營收變化原因說明","['標題', '2059', '川湖', '營收', 'Mom092Yoy34442', '來源', '公開', '資訊', '觀測', '網址', '內文', '民國', '115', '08', '單位', '台幣', '項目', '營業', '收入', '淨額', '本月', '去年同期', '1454984', '增減', '金額', '5011185', '本年', '累計', '29153191', '去年', '累計', '11044490', '增減', '金額', '18108701', '增減', '百分比', '16396', '營收', '變化', '原因', '說明']",Positive,0.880002498626709
M.1788763253.A.773,[新聞] 台股上看54K！高盛喊加碼台灣 鎖定半導體,DrowningPool,2026-09-07 14:40:50,71,https://www.ptt.cc/bbs/Stock/M.1788763253.A.773.html,"台股上看54K！高盛喊加碼台灣 鎖定半導體等5產業 台企今明年獲利預估曝光
 。

 
2026-9-7

簡威瑟


高盛亞太區首席股票策略師慕天輝（Timothy Moe）指出，基於整體有利的總經環境、以
科技業為主的強勁獲利成長、普遍具吸引力的估值，以及部分市場投資人部位已從先前偏
高水準回落等四大因素，持續看好亞股、尤其是北亞市場，台股憑藉強大企業獲利動能，
未來12個月

台股加權指數近期雖在46,000～47,000點間震盪，但因為美國聯準會是否升息的變數擺在
眼前，成交量能始終無法有效放大，過去十個交易日內，只有三天單日破兆元，追價意願
明顯不足。所幸，高盛證券提出的觀點「看長不看短」，在企業獲利支撐下，預期台股未
來一年尚有2成漲幅可期。

根據高盛證券所做研究，之所以看好亞洲股市最有力的理由，來自科技硬體供應鏈占比較
高市場帶來極為強勁的獲利成長。高盛再次上調獲利成長預測，目前預估，韓國與台灣企
業今年獲利將分別成長350％與62％，2027年再分別成長35％與30％，蟬聯區域內冠、亞
軍；帶動亞股企業今年、2027年獲利成長率達到72％與23％。

值得關注的是，針對先前困擾市場的籌碼紊亂問題，高盛也分別從法人持股與散戶參與角
度，做出深入解析，並根據四大原因，得出外資在新興亞股（不含大陸）整體部位已下降
，像是韓國這類散戶槓桿過高的市場，也已大幅降低風險，多數亞股市場的部位狀況變得
更為健康。

首先，根據數個交易所數據，外資今年以來累計淨賣超亞股已超過1,700億美元，遠高於
歷來紀錄，其中以韓國流出最多，台灣與印度也出現大量資金外流。其次，主動型新興市
場與亞洲不含日本基金對許多亞洲市場的配置低於基準權重，尤其是台灣、印度與韓國。
再者，避險基金對日本、韓國、台灣與大陸的淨配置均已下降。最後，韓國槓桿型ETF的
管理資產規模，以及交易商每日避險交易規模，均較6月底高峰下降。

高盛對亞太各市場投資觀點中，給予台灣、韓國、日本與大陸上證A股「加碼」的投資評
等，偏好北亞區域。

高盛給予「中立」評等的市場有新加坡、香港、馬來西亞、印度，至於「減碼」市場為澳
洲、泰國、印尼、菲律賓。

若以產業別區分，高盛最青睞的族群是電子硬體、半導體、資本財、醫療照護、非澳洲／
大陸銀行業。






今天台股回到47K
高盛也喊出繼續加碼台股要到54K

上次高盛6月喊加碼台股上看51K
不過7月就....



這次不一樣！

--","台股上看54K高盛喊加碼台灣 鎖定半導體等5產業 台企今明年獲利預估曝光
 

 
202697

簡威瑟


高盛亞太區首席股票策略師慕天輝Timothy Moe指出基於整體有利的總經環境以
科技業為主的強勁獲利成長普遍具吸引力的估值以及部分市場投資人部位已從先前偏
高水準回落等四大因素持續看好亞股尤其是北亞市場台股憑藉強大企業獲利動能
未來12個月

台股加權指數近期雖在4600047000點間震盪但因為美國聯準會是否升息的變數擺在
眼前成交量能始終無法有效放大過去十個交易日內只有三天單日破兆元追價意願
明顯不足所幸高盛證券提出的觀點看長不看短在企業獲利支撐下預期台股未
來一年尚有2成漲幅可期

根據高盛證券所做研究之所以看好亞洲股市最有力的理由來自科技硬體供應鏈占比較
高市場帶來極為強勁的獲利成長高盛再次上調獲利成長預測目前預估韓國與台灣企
業今年獲利將分別成長350與622027年再分別成長35與30蟬聯區域內冠亞
軍帶動亞股企業今年2027年獲利成長率達到72與23

值得關注的是針對先前困擾市場的籌碼紊亂問題高盛也分別從法人持股與散戶參與角
度做出深入解析並根據四大原因得出外資在新興亞股不含大陸整體部位已下降
像是韓國這類散戶槓桿過高的市場也已大幅降低風險多數亞股市場的部位狀況變得
更為健康

首先根據數個交易所數據外資今年以來累計淨賣超亞股已超過1700億美元遠高於
歷來紀錄其中以韓國流出最多台灣與印度也出現大量資金外流其次主動型新興市
場與亞洲不含日本基金對許多亞洲市場的配置低於基準權重尤其是台灣印度與韓國
再者避險基金對日本韓國台灣與大陸的淨配置均已下降最後韓國槓桿型ETF的
管理資產規模以及交易商每日避險交易規模均較6月底高峰下降

高盛對亞太各市場投資觀點中給予台灣韓國日本與大陸上證A股加碼的投資評
等偏好北亞區域

高盛給予中立評等的市場有新加坡香港馬來西亞印度至於減碼市場為澳
洲泰國印尼菲律賓

若以產業別區分高盛最青睞的族群是電子硬體半導體資本財醫療照護非澳洲
大陸銀行業






今天台股回到47K
高盛也喊出繼續加碼台股要到54K

上次高盛6月喊加碼台股上看51K
不過7月就



這次不一樣","['台股', '54K', '高盛', '加碼', '台灣', '鎖定', '半導體', '產業', '企今', '明年', '獲利', '預估', '曝光', '202697', '簡威瑟', '高盛', '亞太區', '首席', '股票', '策略', '師慕', '天輝', 'Timothy', 'Moe', '指出', '整體', '有利', '總經', '環境', '科技', '業為', '強勁', '獲利', '成長', '普遍', '吸引力', '估值', '以及', '部分', '市場', '投資人', '部位', '先前', '高水準', '回落', '四大', '因素', '持續', '看好', '亞股', '尤其', '北亞', '市場', '台股', '強大', '企業', '獲利動', '未來', '12', '台股', '加權', '指數', '近期', '4600047000', '點間', '震盪', '因為', '美國聯', '準會', '是否', '升息', '變數', '眼前', '成交量', '能始', '終無法', '有效', '放大', '過去', '十個', '交易日', '只有', '三天', '單日', '破兆元', '追價', '意願', '明顯', '不足', '所幸', '高盛', '證券', '提出', '觀點', '看長', '企業', '獲利', '支撐', '預期', '台股', '一年', '尚有', '成漲', '可期', '根據', '高盛', '證券', '研究', '之所以', '看好', '亞洲', '股市', '有力', '理由', '科技', '硬體', '應鏈', '高市場', '帶來', '極為', '強勁', '獲利', '成長', '高盛', '再次', '上調', '獲利', '成長', '預測', '目前', '預估', '韓國', '台灣企', '今年', '獲利將', '分別', '成長', '350', '622027', '分別', '成長', '35', '30', '蟬聯區域', '內冠亞', '軍帶', '動亞股', '企業', '今年', '2027', '獲利', '成長', '72', '23', '值得', '關注', '針對', '先前', '困擾', '市場', '籌碼', '紊亂', '問題', '高盛', '分別', '法人', '持股', '散戶', '參與角', '做出', '深入', '解析', '並根據', '四大', '原因', '得出', '外資', '興亞股', '含大陸', '整體', '部位', '下降', '像是', '韓國', '這類', '散戶', '槓桿過', '市場', '大幅', '降低', '風險', '數亞', '股市', '場的', '部位', '狀況', '變得', '更為', '健康', '首先', '根據', '數個', '交易所', '數據', '外資', '今年', '以來', '累計淨', '超亞股', '超過', '1700', '美元', '遠高', '歷來', '紀錄', '其中', '韓國', '流出', '多台', '灣與', '印度', '出現', '大量', '資金', '外流', '其次', '主動型', '新興市', '場與亞洲', '日本', '基金', '許多亞洲', '市場', '配置', '基準', '權重', '尤其', '台灣', '印度', '韓國', '再者', '避險', '基金', '日本', '韓國', '台灣', '大陸', '配置', '下降', '最後韓國', '槓桿型', 'ETF', '管理', '資產', '規模', '以及', '交易商', '每日', '避險', '交易', '規模', '月底', '高峰', '下降', '高盛', '對亞', '各市', '場投資', '觀點', '給予', '台灣', '韓國', '日本', '大陸', '上證', 'A股', '加碼', '投資評', '偏好', '北亞區域', '高盛', '給予', '中立', '評等', '市場', '新加坡', '香港', '西亞', '印度', '至於', '減碼', '市場', '泰國', '印尼', '菲律賓', '以產業', '別區', '高盛', '最青睞', '族群', '電子', '硬體', '半導體', '資本', '財醫療', '照護', '澳洲', '大陸', '銀行業', '今天', '台股', '回到', '47K', '高盛', '出繼續', '加碼', '股要', '54K', '上次', '高盛', '加碼', '台股', '51K', '不過', '這次', '一樣']",Positive,0.9986869692802429
M.1788763136.A.70D,[標的] MU US,a809b43376,2026-09-07 14:38:54,12,https://www.ptt.cc/bbs/Stock/M.1788763136.A.70D.html,"美光MU

多/空/討論/心得 
討論


我自己一直都有陸陸續續分批買MU，不過中間都是買買賣賣的
前陣子回檔的時候覺得可以再買一點，所以又補了大概1000U
想說先放著，後面如果還有回檔再繼續補
但目前看起來感覺好像還是買早了一點XD

因為月中還有聯準會利率決策，月底又要財報
手上其實還有一些資金可以加碼，但又怕現在追進去之後再被洗一波
所以現在有點猶豫要不要先留著，等聯準會跟財報過了再看
還是繼續分批買，先買一點再說




--","美光MU

多空討論心得 
討論


我自己一直都有陸陸續續分批買MU不過中間都是買買賣賣的
前陣子回檔的時候覺得可以再買一點所以又補了大概1000U
想說先放著後面如果還有回檔再繼續補
但目前看起來感覺好像還是買早了一點XD

因為月中還有聯準會利率決策月底又要財報
手上其實還有一些資金可以加碼但又怕現在追進去之後再被洗一波
所以現在有點猶豫要不要先留著等聯準會跟財報過了再看
還是繼續分批買先買一點再說","['美光', 'MU', '多空', '討論', '心得', '討論', '自己', '一直', '陸陸續續', '分批', 'MU', '不過', '中間', '前陣子', '回檔', '時候', '覺得', '可以', '一點', '所以', '大概', '1000U', '先放', '著後面', '如果', '還有', '回檔', '繼續', '目前', '看起', '感覺', '好像', '還是', '一點', 'XD', '因為', '還有', '聯準', '利率', '決策', '月底', '財報', '手上', '其實', '還有', '一些', '資金', '可以', '加碼', '現在', '追進', '一波', '所以', '現在', '有點', '猶豫要', '不要', '先留', '聯準', '財報過', '還是', '繼續', '分批', '買先', '一點']",Positive,0.9976008534431458
M.1788762787.A.94A,[情報] 3443 創意 115年8月營收,rz2x,2026-09-07 14:33:05,15,https://www.ptt.cc/bbs/Stock/M.1788762787.A.94A.html,"標題：
3443 創意 115年8月營收

來源：
公開觀測資訊站

網址：


內文：
本年迄今累計營收        去年同期累計營收        累計營收成長率
36,953,633              18,128,582              103.84%
115年08月營收           去年同期月營收          月營收成長率
5,840,094               2,767,549               111.02%
115年07月營收           去年同期月營收          月營收成長率
5,769,170               2,232,812               158.38%
115年06月營收           去年同期月營收          月營收成長率
4,928,512               2,419,270               103.72%
115年05月營收           去年同期月營收          月營收成長率
4,674,012               2,013,507               132.13%


----------------------------------------
5樓幫算本益比
還有世芯吃屎

--","標題
3443 創意 115年8月營收

來源
公開觀測資訊站

網址


內文
本年迄今累計營收        去年同期累計營收        累計營收成長率
36953633              18128582              10384
115年08月營收           去年同期月營收          月營收成長率
5840094               2767549               11102
115年07月營收           去年同期月營收          月營收成長率
5769170               2232812               15838
115年06月營收           去年同期月營收          月營收成長率
4928512               2419270               10372
115年05月營收           去年同期月營收          月營收成長率
4674012               2013507               13213



5樓幫算本益比
還有世芯吃屎","['標題', '3443', '創意', '115', '營收', '來源', '公開', '觀測', '資訊', '網址', '內文', '迄今', '累計', '營收', '去年同期', '累計', '營收', '累計營', '收成', '36953633', '18128582', '10384', '115', '08', '營收', '去年同期', '營收', '月營', '收成', '5840094', '2767549', '11102', '115', '07', '營收', '去年同期', '營收', '月營', '收成', '5769170', '2232812', '15838', '115', '06', '營收', '去年同期', '營收', '月營', '收成', '4928512', '2419270', '10372', '115', '05', '營收', '去年同期', '營收', '月營', '收成', '4674012', '2013507', '13213', '樓幫算', '本益比', '還有', '世芯', '吃屎']",Positive,0.8649857640266418
M.1788760803.A.3C5,[閒聊] 2026/09/07 盤後閒聊,laptic,2026-09-07 14:00:00,77,https://www.ptt.cc/bbs/Stock/M.1788760803.A.3C5.html,"台指期　自營商  投信 -728 外資 +1,344
台指選　自營商  投信 -297 外資   +495



成交量排行：、、
成交值排行：、、



--

晶圓代工漲聲狂，聯電雄風勢莫擋。

千億成交開俏板，欣然喜氣滿台坊。






作者：鹹水長蟲 (@xianshuicc)


「尋幽客需要有鑑識的眼光，以及一點運氣。
　因為我喜歡這顆寶石，所以如果要拍照的話，就把我也一起拍進去吧。」



--

東風夜放花千樹，更吹落，星如雨。寶馬雕車香滿路。
鳳簫聲動，玉壺光轉，一夜魚龍舞。
蛾兒雪柳黃金縷，笑語盈盈暗香去。
眾裡尋他千百度，驀然回首，那人卻在燈火闌珊處。
　　　　　　　　　　　　　　　　　　　　　　　——【宋】辛棄疾《青玉案・元夕》

--","台指期　自營商  投信 728 外資 1344
台指選　自營商  投信 297 外資   495



成交量排行
成交值排行





晶圓代工漲聲狂聯電雄風勢莫擋

千億成交開俏板欣然喜氣滿台坊






作者鹹水長蟲 xianshuicc


尋幽客需要有鑑識的眼光以及一點運氣
　因為我喜歡這顆寶石所以如果要拍照的話就把我也一起拍進去吧","['指期', '自營商', '投信', '728', '外資', '1344', '指選', '自營商', '投信', '297', '外資', '495', '成交量', '排行', '成交', '排行', '晶圓', '代工', '漲聲', '狂聯電雄', '風勢', '莫擋', '千億', '成交', '開俏板', '欣然', '喜氣', '滿台坊', '作者', '水長', 'xianshuicc', '尋幽客', '需要', '鑑識', '眼光', '以及', '一點', '運氣', '因為', '喜歡', '這顆', '寶石', '所以', '如果', '拍照', '一起', '拍進']",Positive,0.9902504682540894
M.1788760371.A.71E,[新聞] 鑽石恆久遠？價格崩盤　De Beers起家厝礦,troy30408,2026-09-07 13:52:49,爆,https://www.ptt.cc/bbs/Stock/M.1788760371.A.71E.html,"鑽石恆久遠？價格崩盤　De Beers起家厝礦場關門



2026/09/07 12:07:00

林浩博


「鑽石恆久遠，一顆永流傳。」（The Diamond is Forever）這句經典廣告台詞，79年來
洗腦無數消費者相信鑽石是「堅貞愛情的象徵」，讓鑽戒幾乎成為婚戒的不二選擇。但即
使是教科書等級的成功行銷案例，也禁不住人工培育鑽石所掀起的價格革命。十年間鑽石
價格腰斬，就連當初創造該金句的鑽石業龍頭戴比爾斯（De Beers），都在7月13日無預
警關閉發跡的礦場，超過1200名工人瞬間失業。

起家厝礦場無預警關門！1200人頓時段生計　寡婦絕望大喊：「只有這工作能養活一家」

《華爾街日報》記者韋克斯勒（Alexandra Wexler）親自造訪這座威尼西亞礦場（
Venetia）所在的南非小鎮穆西納（Musina），礦場自1888年開闢至今已，而且礦藏量足
以再挖到2040年，卻於上月突然宣布停產兩年。在南非邊境地區，每3人就有1人失業，礦
工斷了生計後，很難再找到其他工作。37歲的寡婦內瑪虹古尼（Tinah Nemahunguni），
靠著給鑽石回收廠操作機台，13年拉拔2名孩子，甚至養活弟妹與母親，她直呼大家「很
絕望」，因為「這是我做過唯一能撐起一個家的工作」。

「鑽石恆久遠」魔力失效！消費者不稀缺性買單　天然鑽10年價格崩一半

戴比爾斯曾壟斷全球9成鑽石供應，靠著與愛情綑綁的行銷，加以控制供給，長年撐起鑽
石的金貴價位。但究鑽石的本質，就是地球上最常見元素之一的碳。因此當實驗室能準確
模擬地球的高溫高壓環境，將鑽石培育出來並量產，鑽石的「稀缺性」就一去不復返。紐
約獨立鑽石分析師濟明斯基（ Paul Zimnisky ）統計，兩年來全球已有10座大型鑽石礦
場關門大吉，產量較五年前萎縮25%，而價格仍跌跌不休。十年來天然鑽石均價崩跌50%，
一克拉來到3415美元（約10萬台幣）；人工培育的鑽石價格更是崩跌89%，一克拉均價只
剩595美元（約1.8萬台幣）。婚禮產業研究機構「全球連理」（The Knot Worldwide）也
指出消費者已不在意鑽石天然與否，市場上人工培育鑽石占訂婚戒的占比，六年來飆升
239%，達到61%的比例。

押寶錯誤代價慘重！鑽石事業價值砍半　戴爾爾斯人工培育實驗室急徵人

對戴比爾斯最傷的，恐怕是押寶錯誤。雖然公司一度跨入人工培育領域，現在卻加足馬力
行銷天然鑽石的「稀缺」，去年砸下的廣告預算為十年之最，並聲稱成功讓美國獨立珠寶
商的天然鑽石銷量今年第一季成長9%。但實情是，不只起家厝礦場提早收攤，母公司英美
資源（Anglo America）三年來第三度降低鑽石事業帳面價值，減記規模達50%、23億美元
（約728億台幣），戴比爾斯去年稅後經調整虧損達5億美元（約158億台幣）。英美資源
掌握戴比爾斯85%股權，兩年來找買家接手都無果。7月中雖傳出由前執行長潘尼（
Gareth Penny ）領頭的「全球鑽石聯盟」（Global Diamond Consortium）為優先競標方
，成交額為10億美元（約316億台幣），卻隨後遭現任執行長否認，且掌握15%的股權波札
那有權優先承購，他們抱持怎樣的態度也成了變數。目前戴比爾斯的人工培育鑽石實驗
室 Element Six又再積極招人，內瑪虹古尼上網看到後怒罵：「他們說沒錢，卻還在請人
。」


鑽石恆久遠，一顆永流傳的經典廣告讓鑽石成為堅貞愛情的象徵
也成為無婚戒的不二選擇
但近年的人工鑽石崛起
不僅讓鑽石價格腰斬
連鑽石業龍頭戴比爾斯都虧損連連


--","鑽石恆久遠價格崩盤　De Beers起家厝礦場關門



20260907 120700

林浩博


鑽石恆久遠一顆永流傳The Diamond is Forever這句經典廣告台詞79年來
洗腦無數消費者相信鑽石是堅貞愛情的象徵讓鑽戒幾乎成為婚戒的不二選擇但即
使是教科書等級的成功行銷案例也禁不住人工培育鑽石所掀起的價格革命十年間鑽石
價格腰斬就連當初創造該金句的鑽石業龍頭戴比爾斯De Beers都在7月13日無預
警關閉發跡的礦場超過1200名工人瞬間失業

起家厝礦場無預警關門1200人頓時段生計　寡婦絕望大喊只有這工作能養活一家

華爾街日報記者韋克斯勒Alexandra Wexler親自造訪這座威尼西亞礦場
Venetia所在的南非小鎮穆西納Musina礦場自1888年開闢至今已而且礦藏量足
以再挖到2040年卻於上月突然宣布停產兩年在南非邊境地區每3人就有1人失業礦
工斷了生計後很難再找到其他工作37歲的寡婦內瑪虹古尼Tinah Nemahunguni
靠著給鑽石回收廠操作機台13年拉拔2名孩子甚至養活弟妹與母親她直呼大家很
絕望因為這是我做過唯一能撐起一個家的工作

鑽石恆久遠魔力失效消費者不稀缺性買單　天然鑽10年價格崩一半

戴比爾斯曾壟斷全球9成鑽石供應靠著與愛情綑綁的行銷加以控制供給長年撐起鑽
石的金貴價位但究鑽石的本質就是地球上最常見元素之一的碳因此當實驗室能準確
模擬地球的高溫高壓環境將鑽石培育出來並量產鑽石的稀缺性就一去不復返紐
約獨立鑽石分析師濟明斯基 Paul Zimnisky 統計兩年來全球已有10座大型鑽石礦
場關門大吉產量較五年前萎縮25而價格仍跌跌不休十年來天然鑽石均價崩跌50
一克拉來到3415美元約10萬台幣人工培育的鑽石價格更是崩跌89一克拉均價只
剩595美元約18萬台幣婚禮產業研究機構全球連理The Knot Worldwide也
指出消費者已不在意鑽石天然與否市場上人工培育鑽石占訂婚戒的占比六年來飆升
239達到61的比例

押寶錯誤代價慘重鑽石事業價值砍半　戴爾爾斯人工培育實驗室急徵人

對戴比爾斯最傷的恐怕是押寶錯誤雖然公司一度跨入人工培育領域現在卻加足馬力
行銷天然鑽石的稀缺去年砸下的廣告預算為十年之最並聲稱成功讓美國獨立珠寶
商的天然鑽石銷量今年第一季成長9但實情是不只起家厝礦場提早收攤母公司英美
資源Anglo America三年來第三度降低鑽石事業帳面價值減記規模達5023億美元
約728億台幣戴比爾斯去年稅後經調整虧損達5億美元約158億台幣英美資源
掌握戴比爾斯85股權兩年來找買家接手都無果7月中雖傳出由前執行長潘尼
Gareth Penny 領頭的全球鑽石聯盟Global Diamond Consortium為優先競標方
成交額為10億美元約316億台幣卻隨後遭現任執行長否認且掌握15的股權波札
那有權優先承購他們抱持怎樣的態度也成了變數目前戴比爾斯的人工培育鑽石實驗
室 Element Six又再積極招人內瑪虹古尼上網看到後怒罵他們說沒錢卻還在請人



鑽石恆久遠一顆永流傳的經典廣告讓鑽石成為堅貞愛情的象徵
也成為無婚戒的不二選擇
但近年的人工鑽石崛起
不僅讓鑽石價格腰斬
連鑽石業龍頭戴比爾斯都虧損連連","['鑽石', '恆久遠', '價格', '崩盤', 'De', 'Beers', '起家', '礦場', '關門', '20260907', '120700', '浩博', '鑽石', '恆久遠', '一顆', '永流傳', 'The', 'Diamond', 'is', 'Forever', '這句', '經典', '廣告', '台詞', '79', '年來', '洗腦', '無數', '消費者', '相信', '鑽石', '堅貞愛情', '徵讓', '鑽戒', '幾乎', '成為', '婚戒', '不二', '選擇', '教科', '書等級', '成功', '行銷', '案例', '禁不住', '人工', '培育', '鑽石', '掀起', '價格', '革命', '十年', '鑽石', '價格', '連當初', '創造', '金句', '石業', '龍頭', '比爾斯', 'De', 'Beers', '13', '日無預', '警關閉', '發跡', '礦場', '超過', '1200', '工人', '瞬間', '失業', '起家', '礦場', '預警', '關門', '1200', '人頓', '時段', '生計', '寡婦', '絕望', '大喊', '只有', '工作', '能養活', '一家', '華爾街', '日報', '記者', '克斯', 'Alexandra', 'Wexler', '自造', '這座', '威尼', '西亞', '礦場', 'Venetia', '所在', '南非', '小鎮', '穆西', 'Musina', '礦場', '1888', '開闢', '至今', '而且', '藏量', '2040', '突然', '宣布', '停產', '兩年', '南非', '境地', '區每', '失業礦', '工斷', '生計', '找到', '其他', '工作', '37', '寡婦', '內瑪虹', '古尼', 'Tinah', 'Nemahunguni', '著給', '鑽石', '回收', '操作', '機台', '13', '拉拔', '孩子', '甚至', '養活', '弟妹', '母親', '直呼', '大家', '絕望', '因為', '這是', '做過', '唯一', '能撐', '一個', '工作', '鑽石', '恆久遠', '魔力', '失效', '消費者', '稀缺性', '買單', '天然', '10', '價格', '一半', '戴比爾斯', '壟斷', '全球', '石供', '應靠', '愛情', '行銷', '加以控制', '供給', '金貴', '價位', '但究', '鑽石', '本質', '就是', '地球', '最常見', '元素', '之一', '因此', '當實驗室', '準確', '模擬', '地球', '高溫', '高壓', '環境將', '鑽石', '培育出', '並量', '產鑽石', '稀缺性', '一去', '返紐', '獨立', '鑽石', '分析', '師濟', '明斯基', 'Paul', 'Zimnisky', '統計', '兩年', '全球', '已有', '10', '大型', '鑽石礦', '場關門', '大吉', '產量', '五年', '萎縮', '25', '價格', '跌跌', '不休', '十年', '天然', '鑽石均', '價崩跌', '50', '克拉', '3415', '美元', '10', '萬台幣', '人工', '培育', '石價格', '更是', '崩跌', '89', '克拉', '均價', '595', '美元', '18', '萬台幣', '婚禮產業', '研究', '機構', '全球', '連理', 'The', 'Knot', 'Worldwide', '指出', '消費者', '不在意', '鑽石', '天然', '否市場', '人工', '培育', '鑽石', '占訂', '婚戒', '六年', '飆升', '239', '達到', '61', '比例', '押寶錯', '誤代價', '慘重', '石事業', '價值', '戴爾爾斯', '人工', '培育', '實驗室', '徵人', '比爾斯', '最傷', '恐怕', '寶錯誤', '雖然', '公司', '一度', '跨入', '人工', '培育', '領域', '現在', '加足', '行銷', '天然', '鑽石', '稀缺', '去年', '廣告', '預算為', '十年', '並聲', '成功', '美國', '獨立珠', '天然', '鑽石', '銷量', '今年', '第一季', '成長', '實情', '起家', '礦場', '提早', '收攤', '母公司', '英美', '資源', 'Anglo', 'America', '三年', '第三度', '降低', '鑽石', '事業', '帳面', '價值', '減記', '規模', '5023', '美元', '728', '億台幣', '比爾斯', '去年', '稅後經', '調整', '損達', '美元', '158', '億台幣', '英美', '資源', '掌握', '戴比爾斯', '85', '股權', '兩年', '買家', '接手', '無果', '傳出', '執行長', '潘尼', 'Gareth', 'Penny', '領頭', '全球', '鑽石', '聯盟', 'Global', 'Diamond', 'Consortium', '優先', '競標方', '成交', '額為', '10', '美元', '316', '億台幣', '隨後遭', '現任', '執行長', '認且', '掌握', '15', '股權波', '那有權', '優先承購', '他們', '抱持', '怎樣', '態度', '變數', '目前', '戴比爾斯', '人工', '培育', '鑽石', '實驗', 'Element', 'Six', '積極', '招人', '內瑪虹', '古尼上網', '看到', '他們', '還在', '鑽石', '恆久遠', '一顆', '永流傳', '經典', '廣告', '石成', '堅貞愛情', '成為', '婚戒', '不二', '選擇', '近年', '人工', '鑽石', '崛起', '不僅', '石價格', '連鑽', '石業', '龍頭', '比爾斯', '損連連']",Negative,0.9577358365058899
M.1788760241.A.9A5,[情報] 2385 群光 115年8月營收,BlueBird5566,2026-09-07 13:50:38,27,https://www.ptt.cc/bbs/Stock/M.1788760241.A.9A5.html,"標題：2385 群光 115年8月營收

來源：公開資訊觀測站
(公司名、網站名)

網址：
(請善用縮網址工具)

內文：

本資料由　(上市公司)群光　公司提供
民國115年08月   單位：新台幣仟元

項目    營業收入淨額
本月      6,521,222
去年同期          8,482,907
增減金額          -1,961,685
增減百分比        
本年累計          58,837,687
去年累計          64,299,679
增減金額          -5,461,992
增減百分比        
備註 / 營收變化原因說明






--","標題2385 群光 115年8月營收

來源公開資訊觀測站
公司名網站名

網址
請善用縮網址工具

內文

本資料由　上市公司群光　公司提供
民國115年08月   單位新台幣仟元

項目    營業收入淨額
本月      6521222
去年同期          8482907
增減金額          1961685
增減百分比        
本年累計          58837687
去年累計          64299679
增減金額          5461992
增減百分比        
備註  營收變化原因說明","['標題', '2385', '群光', '115', '營收', '來源', '公開', '資訊', '觀測', '公司', '名網', '站名', '網址', '善用', '縮網址', '工具', '內文', '本資料', '上市公司', '群光', '公司', '提供', '民國', '115', '08', '單位', '台幣', '項目', '營業', '收入', '淨額', '本月', '6521222', '去年同期', '8482907', '增減', '金額', '1961685', '增減', '百分比', '本年', '累計', '58837687', '去年', '累計', '64299679', '增減', '金額', '5461992', '增減', '百分比', '營收', '變化', '原因', '說明']",Positive,0.9032869338989258
M.1788758567.A.34F,Re: [新聞] 黃仁勳宣告「AGI已經到來」！OpenAI GPT,gn02118620,2026-09-07 13:22:45,19,https://www.ptt.cc/bbs/Stock/M.1788758567.A.34F.html,"最
ra
、
開
顆
不
-3

根據未來學家Ray Kurzweil預測

人類會在2029年實現AGI

有興趣的可以看一下他之前的書《奇點將近》與近期新書《奇點已近》

不得不說以長期預測來說，而且預測大量，他的命中率算是非常高

根據他說法，目前人工智慧的突破還欠缺現實物理世界推理能力與機器人



他也提出一個數字，每1000美元的運算能力，在75年內成長了75,000兆倍

這個數字也解釋了為什麼大語言模型可以從一兩年前的尚可到今日的突飛猛進

現在只要是個正常智力的人

不用去學繁瑣的程式語言，提出明確提示詞

拿到程式碼，下載個python

馬上就能產出大幅提升工作效率的客製化程式，而且寫的絕對比人類還好、還仔細

這很可能是繼網際網路爆發後，再一次改變人類生活型態的奇異點

--","最
ra

開
顆
不
3

根據未來學家Ray Kurzweil預測

人類會在2029年實現AGI

有興趣的可以看一下他之前的書奇點將近與近期新書奇點已近

不得不說以長期預測來說而且預測大量他的命中率算是非常高

根據他說法目前人工智慧的突破還欠缺現實物理世界推理能力與機器人



他也提出一個數字每1000美元的運算能力在75年內成長了75000兆倍

這個數字也解釋了為什麼大語言模型可以從一兩年前的尚可到今日的突飛猛進

現在只要是個正常智力的人

不用去學繁瑣的程式語言提出明確提示詞

拿到程式碼下載個python

馬上就能產出大幅提升工作效率的客製化程式而且寫的絕對比人類還好還仔細

這很可能是繼網際網路爆發後再一次改變人類生活型態的奇異點","['ra', '根據', '未來', '學家', 'Ray', 'Kurzweil', '預測', '人類', '2029', '實現', 'AGI', '有興趣', '可以', '一下', '之前', '奇點', '將近', '近期', '新書', '奇點', '已近', '不得不', '以長', '預測', '而且', '預測', '大量', '命中率', '算是', '非常', '根據', '說法', '目前', '人工智慧', '突破', '欠缺', '現實', '物理', '世界', '推理', '能力', '機器', '提出', '一個', '數字', '1000', '美元', '運算', '能力', '75', '成長', '75000', '這個', '數字', '解釋', '什麼', '大語', '模型', '可以', '年前', '尚可', '今日', '突飛', '猛進', '現在', '只要', '正常', '智力', '不用', '去學', '繁瑣', '程式', '語言', '提出', '明確', '提示', '拿到', '程式', '碼下', '載個', 'python', '能產出', '大幅', '提升', '工作效率', '程式', '而且', '絕對', '比人類', '還好', '還仔細', '可能', '繼網際', '網路', '發後再', '一次', '改變', '人類', '生活型', '奇異點']",Positive,0.9968897700309753
M.1788756474.A.DB2,[新聞] 高盛：AI記憶體週期被低估！南韓KOSPI目,madeinheaven,2026-09-07 12:47:52,27,https://www.ptt.cc/bbs/Stock/M.1788756474.A.DB2.html,"高盛：AI記憶體週期被低估！南韓KOSPI目標12000點、仍有約80%的上漲空間

 。



 

2026-09-07 11:10



莊閔棻



高盛集團一名策略師仍維持對南韓股市的樂觀目標，並表示投資人低估了人工智慧（AI）
熱潮對南韓記憶體晶片製造商帶來的提振效應將持續多久。

根據《彭博》報導，該投資銀行亞太區股票策略主管Timothy Moe維持韓國綜合股價指數
（KOSPI）12,000點的目標價，代表較目前水準仍有近80%的上漲空間。

他在3個月前提出這項預估時，該目標價已是華爾街最為樂觀的預測之一。

Moe近日接受採訪時表示，高盛仍維持原先目標，主要依據是企業獲利實際表現。他認為
，市場低估了這一輪獲利週期的持續時間。

KOSPI近期表現則與高盛的樂觀看法形成反差。該指數自6月創下的歷史高點回落27%，市
場擔憂科技巨頭AI支出的成長能否持續，加上南韓股市波動加劇，即使三星電子
(005930KS) 與SK海力士(000660KS) 再度交出亮眼財報，也未能明顯提振股價。

不過，全球爭相興建資料中心，已導致記憶體與儲存晶片出現嚴重短缺，進而推升相關產
品價格。Moe預期，這項趨勢到了2027年還將進一步加劇。

他表示，美國大型科技公司明年的支出預估將超過1.2兆美元，遠高於先前預估的8,000億
美元。

Moe認為：「即使賺不到錢，也必須持續支出」。他指出：「這對記憶體而言非常有利，
因為這將推動運算需求，而運算高度依賴記憶體。」

高盛估計，KOSPI成分股今年獲利將成長約360%，2027年則放緩至約35%。他補充，企業獲
利最終將開始放緩，這一點市場其實已經相當清楚。

Moe同時承認，南韓記憶體產業仍面臨中國競爭對手長鑫科技(688825-CN) 等企業帶來的
風險，以及美國資料中心擴建可能遭遇政治阻力。

不過，他認為未來幾年基本面仍有利於先進記憶體晶片業者。

在估值方面，Moe的12,000點KOSPI目標，是以未來本益比7.5倍為基礎；目前KOSPI僅約
5.3倍，約為過去7年平均值的一半。

Moe表示，如果南韓企業最終能達到高盛預期的獲利水準，那麼12,000點的KOSPI目標，「
可能沒有看起來那麼瘋狂」。




高盛敢喊出近80%漲幅的目標,顯示法人對AI驅動的記憶體超級週期信心十足,但股價與獲
利預期出現明顯落差,也反映市場對這波榮景能否延續仍抱持高度保留態度。

早在今年6月就有新聞說韓國綜合股價指數（KOSPI）成分股公司今年的淨利潤總額預計約
為4,500億美元超過日本東證指數（TOPIX）成分股公司預計的約4,400億美元



所以12000點目標價還是低估了

--","高盛AI記憶體週期被低估南韓KOSPI目標12000點仍有約80的上漲空間

 



 

20260907 1110



莊閔棻



高盛集團一名策略師仍維持對南韓股市的樂觀目標並表示投資人低估了人工智慧AI
熱潮對南韓記憶體晶片製造商帶來的提振效應將持續多久

根據彭博報導該投資銀行亞太區股票策略主管Timothy Moe維持韓國綜合股價指數
KOSPI12000點的目標價代表較目前水準仍有近80的上漲空間

他在3個月前提出這項預估時該目標價已是華爾街最為樂觀的預測之一

Moe近日接受採訪時表示高盛仍維持原先目標主要依據是企業獲利實際表現他認為
市場低估了這一輪獲利週期的持續時間

KOSPI近期表現則與高盛的樂觀看法形成反差該指數自6月創下的歷史高點回落27市
場擔憂科技巨頭AI支出的成長能否持續加上南韓股市波動加劇即使三星電子
005930KS 與SK海力士000660KS 再度交出亮眼財報也未能明顯提振股價

不過全球爭相興建資料中心已導致記憶體與儲存晶片出現嚴重短缺進而推升相關產
品價格Moe預期這項趨勢到了2027年還將進一步加劇

他表示美國大型科技公司明年的支出預估將超過12兆美元遠高於先前預估的8000億
美元

Moe認為即使賺不到錢也必須持續支出他指出這對記憶體而言非常有利
因為這將推動運算需求而運算高度依賴記憶體

高盛估計KOSPI成分股今年獲利將成長約3602027年則放緩至約35他補充企業獲
利最終將開始放緩這一點市場其實已經相當清楚

Moe同時承認南韓記憶體產業仍面臨中國競爭對手長鑫科技688825CN 等企業帶來的
風險以及美國資料中心擴建可能遭遇政治阻力

不過他認為未來幾年基本面仍有利於先進記憶體晶片業者

在估值方面Moe的12000點KOSPI目標是以未來本益比75倍為基礎目前KOSPI僅約
53倍約為過去7年平均值的一半

Moe表示如果南韓企業最終能達到高盛預期的獲利水準那麼12000點的KOSPI目標
可能沒有看起來那麼瘋狂




高盛敢喊出近80漲幅的目標顯示法人對AI驅動的記憶體超級週期信心十足但股價與獲
利預期出現明顯落差也反映市場對這波榮景能否延續仍抱持高度保留態度

早在今年6月就有新聞說韓國綜合股價指數KOSPI成分股公司今年的淨利潤總額預計約
為4500億美元超過日本東證指數TOPIX成分股公司預計的約4400億美元



所以12000點目標價還是低估了","['高盛', 'AI', '記憶體', '週期', '低估', '南韓', 'KOSPI', '目標', '12000', '點仍', '80', '空間', '20260907', '1110', '莊閔', '高盛', '集團', '一名', '策略', '師仍', '維持', '南韓', '股市', '樂觀', '目標並', '表示', '投資人', '低估', '人工智慧', 'AI', '熱潮', '韓記憶體', '晶片', '多久', '根據', '彭博報', '導該', '投資', '銀行', '亞太區', '股票', '策略', '主管', 'Timothy', 'Moe', '維持', '韓國', '合股', '價指數', 'KOSPI12000', '點的', '目標價', '代表', '目前', '水準', '80', '空間', '提出', '這項', '預估', '時該', '目標價', '華爾街', '最為', '樂觀', '預測', '之一', 'Moe', '近日', '接受', '採訪', '表示', '高盛', '仍維持', '原先', '目標', '主要', '依據', '企業', '獲利', '實際表現', '認為', '市場', '低估', '這一輪', '獲利', '週期', '持續', '時間', 'KOSPI', '近期', '表現則', '高盛', '樂觀', '看法', '形成', '反差', '指數', '創下', '歷史', '高點', '回落', '27', '場擔', '科技', '巨頭', 'AI', '支出', '成長', '能否', '持續', '加上', '南韓', '股市', '波動', '加劇', '即使', '三星', '電子', '005930KS', 'SK', '海力士', '000660KS', '再度', '交出', '亮眼', '財報', '未能', '明顯', '提振', '股價', '不過', '全球', '爭相興', '建資料', '中心', '已導致', '記憶體', '儲存', '晶片', '出現', '嚴重', '短缺', '進而', '推升', '相關產', '品價格', 'Moe', '預期', '這項', '趨勢', '2027', '還將', '一步', '加劇', '表示', '美國', '大型', '科技', '公司', '明年', '支出', '預估', '將超過', '12', '美元', '遠高', '先前', '預估', '8000', '美元', 'Moe', '認為', '即使', '不到', '必須', '持續', '支出', '指出', '這對', '記憶體', '而言', '非常', '有利', '因為', '這將', '推動', '運算', '需求', '運算', '高度', '依賴', '記憶體', '高盛', '估計', 'KOSPI', '成分股', '今年', '獲利將', '成長', '3602027', '年則', '放緩', '35', '補充', '企業', '終將', '開始', '放緩', '這一點', '市場', '其實', '已經', '相當', '清楚', 'Moe', '同時', '認南', '韓記憶', '體產業', '仍面', '臨中國', '競爭', '手長', '科技', '688825CN', '企業', '帶來', '風險', '以及', '美國', '資料', '中心', '擴建', '可能', '遭遇', '政治', '阻力', '不過', '認為', '未來', '幾年', '基本面', '有利於', '先進', '記憶體', '晶片', '業者', '估值', '方面', 'Moe', '12000', 'KOSPI', '目標', '未來', '本益比', '75', '基礎', '目前', 'KOSPI', '僅約', '53', '過去', '平均值', '一半', 'Moe', '表示', '如果', '南韓', '企業', '最終', '高盛', '預期', '利水', '準那麼', '12000', '點的', 'KOSPI', '目標', '可能', '沒有', '起來', '那麼', '瘋狂', '高盛', '敢喊', '出近', '80', '漲幅', '目標', '顯示', '法人', 'AI', '驅動', '記憶體', '超級', '週期', '信心十足', '股價', '預期', '出現', '明顯', '落差', '反映', '市場', '這波', '榮景', '能否', '延續', '抱持', '高度', '保留', '態度', '今年', '新聞', '韓國', '合股', '價指數', 'KOSPI', '成分股', '公司', '今年', '淨利潤', '總額', '預計', '4500', '美元', '超過', '日本', '東證', '指數', 'TOPIX', '成分股', '公司', '預計', '4400', '美元', '所以', '12000', '點目', '標價', '還是', '低估']",Positive,0.9970967769622803
M.1788755665.A.1F0,[新聞] 黃仁勳宣告「AGI已經到來」！OpenAI GPT,arsl400,2026-09-07 12:34:23,61,https://www.ptt.cc/bbs/Stock/M.1788755665.A.1F0.html,"黃仁勳宣告「AGI已經到來」！OpenAI GPT-6 Astra訓練動用逾10萬套輝達系統




 

 。

 
2026-09-07 10:42

莊閔棻



輝達(NVDA-US) 執行長黃仁勳表示，通用人工智慧（AGI）時代已經到來，並將OpenAI最
新模型GPT-6 Astra的推出，視為人工智慧（AI）系統快速發展的重要里程碑。

根據《Investing.com》報導，黃仁勳週日（6日）在社群平台X發文祝賀OpenAI推出Astra
，並直言：「AGI已經到來。」



OpenAI則將Astra形容為目前最具智慧且最「對齊」的AI系統，在電腦操作、軟體工程、
網路安全、科學研究及專業工作等領域均展現領先表現。

黃仁勳指出，Astra的訓練使用超過10萬套輝達Grace Blackwell NVLink72系統，凸顯開
發尖端AI模型所需的龐大運算資源。

他表示，從ChatGPT到o1，再到Astra，OpenAI僅花了4年時間，並透露接下來將有40萬顆
GPU陸續投入運作。

OpenAI總裁布洛克曼（Greg Brockman）同樣曾表示，Astra可能象徵AGI時代的開端。不
過，AGI目前並沒有全球一致認可的明確定義。

在性能測試方面，OpenAI表示，Astra在FrontierMath Tier 4取得98%分數，在ARC-AGI-3
達到99.9%，並在ExploitBench測試中取得100%的成績。





輝達全買了，和台積電一樣，要相信皮衣刀客的話，絕對不是什麼打高空的....

--","黃仁勳宣告AGI已經到來OpenAI GPT6 Astra訓練動用逾10萬套輝達系統




 

 

 
20260907 1042

莊閔棻



輝達NVDAUS 執行長黃仁勳表示通用人工智慧AGI時代已經到來並將OpenAI最
新模型GPT6 Astra的推出視為人工智慧AI系統快速發展的重要里程碑

根據Investingcom報導黃仁勳週日6日在社群平台X發文祝賀OpenAI推出Astra
並直言AGI已經到來



OpenAI則將Astra形容為目前最具智慧且最對齊的AI系統在電腦操作軟體工程
網路安全科學研究及專業工作等領域均展現領先表現

黃仁勳指出Astra的訓練使用超過10萬套輝達Grace Blackwell NVLink72系統凸顯開
發尖端AI模型所需的龐大運算資源

他表示從ChatGPT到o1再到AstraOpenAI僅花了4年時間並透露接下來將有40萬顆
GPU陸續投入運作

OpenAI總裁布洛克曼Greg Brockman同樣曾表示Astra可能象徵AGI時代的開端不
過AGI目前並沒有全球一致認可的明確定義

在性能測試方面OpenAI表示Astra在FrontierMath Tier 4取得98分數在ARCAGI3
達到999並在ExploitBench測試中取得100的成績





輝達全買了和台積電一樣要相信皮衣刀客的話絕對不是什麼打高空的","['仁勳', '宣告', 'AGI', '已經', 'OpenAI', 'GPT6', 'Astra', '訓練動', '10', '萬套', '輝達', '系統', '20260907', '1042', '莊閔', '輝達', 'NVDAUS', '執行長', '仁勳', '表示', '通用', '人工智慧', 'AGI', '時代', '經到', '並將', 'OpenAI', '模型', 'GPT6', 'Astra', '推出', '視為', '人工智慧', 'AI', '系統', '快速', '發展', '重要', '里程碑', '根據', 'Investingcom', '報導黃仁勳', '週日', '社群', '平台', '發文祝賀', 'OpenAI', '推出', 'Astra', '直言', 'AGI', '已經', 'OpenAI', '則將', 'Astra', '形容', '目前', '最具', '智慧', 'AI', '系統', '電腦', '操作', '軟體', '工程', '網路', '安全', '科學', '研究', '專業', '工作', '領域', '均展', '現領', '先表現', '仁勳', '指出', 'Astra', '訓練', '使用', '超過', '10', '萬套', '輝達', 'Grace', 'Blackwell', 'NVLink72', '系統', '顯開', '尖端', 'AI', '模型', '龐大運算', '資源', '表示', 'ChatGPT', 'o1', 'AstraOpenAI', '僅花', '時間並', '透露', '接下', '來將', '40', '萬顆', 'GPU', '陸續', '投入', '運作', 'OpenAI', '總裁', '布洛克', 'Greg', 'Brockman', '同樣', '表示', 'Astra', '可能', '象徵', 'AGI', '時代', '開端', 'AGI', '目前', '並沒有', '全球', '一致', '認可', '明確', '定義', '性能', '測試', '方面', 'OpenAI', '表示', 'Astra', 'FrontierMath', 'Tier', '取得', '98', '分數', 'ARCAGI3', '達到', '999', '並在', 'ExploitBench', '測試', '取得', '100', '成績', '輝達', '全買', '台積電', '一樣', '相信', '皮衣', '刀客', '絕對', '不是', '什麼', '高空']",Positive,0.9976962208747864
M.1788748930.A.CA1,"Re: [新聞] 天明製藥上半年歸母淨利 8,421 萬 ",littledd,2026-09-07 10:42:07,4,https://www.ptt.cc/bbs/Stock/M.1788748930.A.CA1.html,"天明製藥上半年歸母淨利 8,421 萬、EPS達0.98元

後續看好

這隻今天跟善得生技(4115)出量是好事

微邦今天又大漲

興櫃之亂又要來了嗎?













--

連F姊都看好了 看來就是優質股 不必懷疑","天明製藥上半年歸母淨利 8421 萬EPS達098元

後續看好

這隻今天跟善得生技4115出量是好事

微邦今天又大漲

興櫃之亂又要來了嗎","['天明', '上半年', '歸母', '淨利', '8421', 'EPS', '098', '看好', '今天', '跟善', '生技', '4115', '出量', '好事', '微邦', '今天', '大漲', '興櫃', '之亂']",Positive,0.989589512348175
M.1788743226.A.31E,[創作] 用 AI 做的 台股行情 預測程式,giorno78,2026-09-07 09:07:02,44,https://www.ptt.cc/bbs/Stock/M.1788743226.A.31E.html,"昨天心血來潮  想說能不能用 AI 做個預測股票未來的程式

後來一發不可收拾  就結果來看還蠻有趣的

分享給有興趣玩的人

使用的是 Google 剛發佈的時間序列模型 TimesFM 3.0

TimesFM_Taiwan_Stock_Tool_v5_4.zip

這是一次分析一支股票


TimesFM_Multi_Stock_Workspace_v6_2_4.zip

這是一次最多可分析4支股票，超過4支的進入佇列，佇列最多 25支


使用方式：
1. 解開壓縮後先執行 install.bat 進行安裝
2. 安裝完會告訴你再執行 run.bat

之後會跳出瀏覽器視窗  你就輸入股票代號 再按分析就好

分析結果要搭配他說的準確率 跟時間序列圖  看你覺得像不像

結果大概像以下的結果





--","昨天心血來潮  想說能不能用 AI 做個預測股票未來的程式

後來一發不可收拾  就結果來看還蠻有趣的

分享給有興趣玩的人

使用的是 Google 剛發佈的時間序列模型 TimesFM 30

TimesFMTaiwanStockToolv54zip

這是一次分析一支股票


TimesFMMultiStockWorkspacev624zip

這是一次最多可分析4支股票超過4支的進入佇列佇列最多 25支


使用方式
1 解開壓縮後先執行 installbat 進行安裝
2 安裝完會告訴你再執行 runbat

之後會跳出瀏覽器視窗  你就輸入股票代號 再按分析就好

分析結果要搭配他說的準確率 跟時間序列圖  看你覺得像不像

結果大概像以下的結果","['昨天', '心血', '來潮', '不能', 'AI', '做個', '預測', '股票', '未來', '程式', '一發', '不可收拾', '結果', '還蠻', '有趣', '分享', '給有', '興趣', '使用', 'Google', '剛發', '時間', '序列', '模型', 'TimesFM', '30', 'TimesFMTaiwanStockToolv54zip', '這是', '一次', '分析', '一支', '股票', 'TimesFMMultiStockWorkspacev624zip', '這是', '一次', '最多', '分析', '股票', '超過', '進入', '佇列', '佇列', '最多', '25', '使用', '方式', '解開壓', '縮後先', '執行', 'installbat', '進行安裝', '安裝', '完會', '告訴', '執行', 'runbat', '之後會', '跳出', '瀏覽器', '視窗', '輸入', '股票', '代號', '分析', '分析', '結果', '搭配', '準確', '時間', '序列', '覺得', '像不像', '結果', '大概', '以下', '結果']",Positive,0.9991403818130493
M.1788741917.A.5C5,[情報] 川普：我炒股是為了美國,DogEggz,2026-09-07 08:45:13,爆,https://www.ptt.cc/bbs/Stock/M.1788741917.A.5C5.html,"標題：無標題

來源：川普真實社群

網址: 

內文：

I do this for our Country, not myself. I’ve made Hundreds of Billions of Doll
ars on Stocks, and many other type Holdings, for the U.S.A., not myself, and a
ll I do is get criticized by the Radical Left Dumocrats. Very unfair, but what
 can
you do! President DONALD J. TRUMP

我是為了國家做這件事，不是為了我自己！我靠美股和其他美國資產賺了好幾千億美金，
都是為了美國！不是為了我自己！結果我整天被激進左膠民主黨靠北，非常不公平，但人
生就是這樣！


以下川普最近三個月提到過的明牌，你各位還不一起為了美國一起炒股?? MAGA!!

MU, DJT, PSQH, PEW, UMAC, DOMH, ABTC

ACN, AVGO, BA, BRK.B, CRM, CTAS, CVX

DASH, FIS, GD, HD, LLY, LMT, MA, META

MRK, NOC, NVDA, PLTR, RTX, SNOW, V, XOM




--
去看一下/r/wsb看美國人怎麼解讀啦，是不是和我翻的一樣？","標題無標題

來源川普真實社群

網址 

內文

I do this for our Country not myself Ive made Hundreds of Billions of Doll
ars on Stocks and many other type Holdings for the USA not myself and a
ll I do is get criticized by the Radical Left Dumocrats Very unfair but what
 can
you do President DONALD J TRUMP

我是為了國家做這件事不是為了我自己我靠美股和其他美國資產賺了好幾千億美金
都是為了美國不是為了我自己結果我整天被激進左膠民主黨靠北非常不公平但人
生就是這樣


以下川普最近三個月提到過的明牌你各位還不一起為了美國一起炒股 MAGA

MU DJT PSQH PEW UMAC DOMH ABTC

ACN AVGO BA BRKB CRM CTAS CVX

DASH FIS GD HD LLY LMT MA META

MRK NOC NVDA PLTR RTX SNOW V XOM","['標題', '標題', '來源川', '普真實', '社群', '網址', '內文', 'do', 'this', 'for', 'our', 'Country', 'not', 'myself', 'Ive', 'made', 'Hundreds', 'of', 'Billions', 'of', 'Doll', 'ars', 'on', 'Stocks', 'and', 'many', 'other', 'type', 'Holdings', 'for', 'the', 'USA', 'not', 'myself', 'and', 'll', 'do', 'is', 'get', 'criticized', 'by', 'the', 'Radical', 'Left', 'Dumocrats', 'Very', 'unfair', 'but', 'what', 'can', 'you', 'do', 'President', 'DONALD', 'TRUMP', '國家', '這件', '不是', '自己', '美股', '其他', '美國', '資產', '幾千億', '美金', '美國', '不是', '自己', '結果', '整天', '激進', '左膠', '民主', '靠北', '非常', '公平', '就是', '這樣', '以下', '川普', '最近', '三個', '提到', '過的', '明牌', '各位', '還不', '一起', '美國', '一起', '炒股', 'MAGA', 'MU', 'DJT', 'PSQH', 'PEW', 'UMAC', 'DOMH', 'ABTC', 'ACN', 'AVGO', 'BA', 'BRKB', 'CRM', 'CTAS', 'CVX', 'DASH', 'FIS', 'GD', 'HD', 'LLY', 'LMT', 'MA', 'META', 'MRK', 'NOC', 'NVDA', 'PLTR', 'RTX', 'SNOW', 'XOM']",Negative,0.9724957346916199
M.1788741733.A.0FC,[情報] 8147 正淩 8月營收,aspirev3,2026-09-07 08:42:11,3,https://www.ptt.cc/bbs/Stock/M.1788741733.A.0FC.html,"標題：8147 正淩 8月營收

來源：公開資訊觀測站

網址：

內文：

項目    營業收入淨額
本月      229,772
去年同期          117,241
增減金額          112,531
增減百分比        95.98
本年累計          1,401,698
去年累計          1,086,606
增減金額          315,092
增減百分比        29.00
備註 / 營收變化原因說明 主要受惠AI應用需求成長，致使營業收入較去年同期增加

心得:

8月營收歷史新高 YoY +95.98% MoM +21.69%

9/4 收盤價 135





--","標題8147 正淩 8月營收

來源公開資訊觀測站

網址

內文

項目    營業收入淨額
本月      229772
去年同期          117241
增減金額          112531
增減百分比        9598
本年累計          1401698
去年累計          1086606
增減金額          315092
增減百分比        2900
備註  營收變化原因說明 主要受惠AI應用需求成長致使營業收入較去年同期增加

心得

8月營收歷史新高 YoY 9598 MoM 2169

94 收盤價 135","['標題', '8147', '營收', '來源', '公開', '資訊', '觀測', '網址', '內文', '項目', '營業', '收入', '淨額', '本月', '229772', '去年同期', '117241', '增減', '金額', '112531', '增減', '百分比', '9598', '本年', '累計', '1401698', '去年', '累計', '1086606', '增減', '金額', '315092', '增減', '百分比', '2900', '營收', '變化', '原因', '說明', '主要', '受惠', 'AI', '應用', '需求', '成長', '致使', '營業', '收入', '去年同期', '增加', '心得', '營收', '歷史', '新高', 'YoY', '9598', 'MoM', '2169', '94', '收盤價', '135']",Positive,0.9524350762367249
M.1788741225.A.785,[新聞] 5萬架軍用無人機訂單升空　台廠從概念股,cjol,2026-09-07 08:33:43,31,https://www.ptt.cc/bbs/Stock/M.1788741225.A.785.html,"5萬架軍用無人機訂單升空　台廠從概念股走向量產新戰場

民報： 李孟璇 2026-09-06

採購量暴增14倍，無人機從小量試單走向量產。（pixabay）

俄烏戰爭改寫現代戰爭模式，無人機也從偵察輔助角色逐步走向戰場核心。台灣軍用無人
機產業今年迎來關鍵轉折，隨國防採購規模從2023年的約3,400架，一口氣擴大至近5萬架
，加上政府政策資源投入，過去以「題材」為主的無人機供應鏈，開始進入真正比拚量產
能力、關鍵零組件及軍規認證的新階段。

採購量暴增14倍　無人機從小量試單走向量產
全球無人機需求快速升溫。根據資料顯示，2024年全球無人機市場規模約730.6億美元，
預估2030年將成長至1,636億美元，2025年至2030年年複合成長率達14.3％；其中國防軍
用占終端應用約48％，高於商業市場的35％及消費市場16％，成為推升整體產業成長的最
大動能。

但相較全球市場成長，台灣真正值得關注的變化，是國防採購已經開始從小量驗證走向規
模化。

2023年軍用無人機採購總需求約3,400架，當時包括艦載型監偵、陸用監偵、監偵型、目
獲型、微型無人機及戰術型無人機等6類，其中中光電取得3,037架，約占整體89％。

到了2025年，採購規模大幅拉高，規劃總需求達48,750架，足足是2023年的約14倍。目前
採購分成甲至戊式5類，其中甲式多軸旋翼無人機2026、2027年分別規劃採購7,500架及
26,500架，合計3.4萬架，是數量最大的機種；丁式定翼型無人機兩年則規劃採購1,350架
、4,450架。

從任務用途來看，甲、乙式偏向短程偵查及攻擊，丙、丁式則更深入中程任務，戊式則聚
焦長程戰術偵察。這也意味台灣軍用無人機採購已不再只是單一機型，而是開始建立不同
航程、不同任務定位的完整機隊。

政策面也持續加碼。立法院今年8月27日三讀通過《強化國防自主暨無人載具產業發展條
例》，規劃以6年、新台幣2,400億元資源推動無人載具產業及軍用採購，2026至2027年並
陸續進入新一波量產與交付階段。

不是整機廠獨吃　任務酬載才是最值錢的一塊
採購數量放大後，受惠的也不只組裝整機的無人機廠，目前台灣無人機供應鏈已從整機製
造，逐步延伸至機體複合材料、馬達及推進系統、通訊與地面控制、導航定位，以及影像
與任務酬載等環節。法人認為，若軍用需求持續放量，整機製造、任務酬載及通訊導航將
是附加價值較高的受惠領域。

其中，「任務酬載」甚至可能比機體本身更重要。根據法人整理，軍用級無人機各核心子
系統中，任務酬載系統占成本約35％至50％，為所有項目最高；其次是推進系統約20％至
25％，通訊與導航系統約18％至25％，動力供應及飛行控制系統則各約15％至20％。

換句話說，未來無人機產業真正爭奪的，不只是「誰能把飛機做出來」，還包括機上搭載
什麼設備。光學鏡頭、熱像儀、微光影像、通訊模組、導航系統、資料傳輸及地面控制等
，都將跟著採購規模增加而擴大需求，這也讓原本來自航太、光電、通訊及電子零組件產
業的台廠，開始有機會切入軍用無人機供應鏈。

從目前分工來看，整機製造已有中科院、雷虎、長榮航太、中光電、經緯航太、智飛科技
及漢翔等業者；馬達與推進系統則包括飛瑞、富田電機等業者，通訊與地面控制、導航定
位及影像任務酬載，也已有多家電子廠切入。


無人機業者下一步比的是量產能力。（圖／AI協作）
中光電、漢翔、長榮航太　下一步比的是量產能力
隨著市場從開發驗證走向大量採購，已經具備量產實績的業者，也逐漸拉開與單純「有技
術」廠商之間的差距。法人特別點名漢翔、長榮航太及中光電三家業者。

漢翔的優勢在於航太整合能力完整，本身已有民航製造及軍機維修等長期業務，無人機則
開始從開發題材進入實際履約階段；長榮航太原本以飛機維修、製造為主要業務，全球
MRO維修需求仍維持強勁，在既有本業之外，公司已有無人機量產經驗，因此在後續大型
標案中具備卡位條件；中光電則是目前國內量產實績較突出的業者之一，不只做整機，也
開始向關鍵零組件延伸，希望提高產品附加價值，同時布局美國、日本等「非紅供應鏈」
市場。

對台灣業者來說，這一波無人機商機真正的轉折，或許不只是政府多買了幾萬架飛機。

過去市場談無人機，多半圍繞國防自主、題材及概念股；但當採購量從3,400架跳升到近5
萬架，接下來考驗的將變成工廠能不能如期大量生產、零件能否穩定供應，以及通訊、導
航和任務酬載等高價值零組件能不能真正掌握在台廠手上。無人機產業下一場戰役，已從
「誰能做」，走向「誰能大量做、穩定交貨，而且把最有價值的零組件留在台灣」。





法人點名中光電（取得大多份額）、漢翔、長榮航太這幾家有量產實績。
接下來比的是產能交貨與吃非紅供應鏈。
只是臺灣工程師連汽車都做不好
真的有辦法搞飛機嗎
大家相信臺灣理組的實力嗎


--","5萬架軍用無人機訂單升空　台廠從概念股走向量產新戰場

民報 李孟璇 20260906

採購量暴增14倍無人機從小量試單走向量產pixabay

俄烏戰爭改寫現代戰爭模式無人機也從偵察輔助角色逐步走向戰場核心台灣軍用無人
機產業今年迎來關鍵轉折隨國防採購規模從2023年的約3400架一口氣擴大至近5萬架
加上政府政策資源投入過去以題材為主的無人機供應鏈開始進入真正比拚量產
能力關鍵零組件及軍規認證的新階段

採購量暴增14倍　無人機從小量試單走向量產
全球無人機需求快速升溫根據資料顯示2024年全球無人機市場規模約7306億美元
預估2030年將成長至1636億美元2025年至2030年年複合成長率達143其中國防軍
用占終端應用約48高於商業市場的35及消費市場16成為推升整體產業成長的最
大動能

但相較全球市場成長台灣真正值得關注的變化是國防採購已經開始從小量驗證走向規
模化

2023年軍用無人機採購總需求約3400架當時包括艦載型監偵陸用監偵監偵型目
獲型微型無人機及戰術型無人機等6類其中中光電取得3037架約占整體89

到了2025年採購規模大幅拉高規劃總需求達48750架足足是2023年的約14倍目前
採購分成甲至戊式5類其中甲式多軸旋翼無人機20262027年分別規劃採購7500架及
26500架合計34萬架是數量最大的機種丁式定翼型無人機兩年則規劃採購1350架
4450架

從任務用途來看甲乙式偏向短程偵查及攻擊丙丁式則更深入中程任務戊式則聚
焦長程戰術偵察這也意味台灣軍用無人機採購已不再只是單一機型而是開始建立不同
航程不同任務定位的完整機隊

政策面也持續加碼立法院今年8月27日三讀通過強化國防自主暨無人載具產業發展條
例規劃以6年新台幣2400億元資源推動無人載具產業及軍用採購2026至2027年並
陸續進入新一波量產與交付階段

不是整機廠獨吃　任務酬載才是最值錢的一塊
採購數量放大後受惠的也不只組裝整機的無人機廠目前台灣無人機供應鏈已從整機製
造逐步延伸至機體複合材料馬達及推進系統通訊與地面控制導航定位以及影像
與任務酬載等環節法人認為若軍用需求持續放量整機製造任務酬載及通訊導航將
是附加價值較高的受惠領域

其中任務酬載甚至可能比機體本身更重要根據法人整理軍用級無人機各核心子
系統中任務酬載系統占成本約35至50為所有項目最高其次是推進系統約20至
25通訊與導航系統約18至25動力供應及飛行控制系統則各約15至20

換句話說未來無人機產業真正爭奪的不只是誰能把飛機做出來還包括機上搭載
什麼設備光學鏡頭熱像儀微光影像通訊模組導航系統資料傳輸及地面控制等
都將跟著採購規模增加而擴大需求這也讓原本來自航太光電通訊及電子零組件產
業的台廠開始有機會切入軍用無人機供應鏈

從目前分工來看整機製造已有中科院雷虎長榮航太中光電經緯航太智飛科技
及漢翔等業者馬達與推進系統則包括飛瑞富田電機等業者通訊與地面控制導航定
位及影像任務酬載也已有多家電子廠切入


無人機業者下一步比的是量產能力圖AI協作
中光電漢翔長榮航太　下一步比的是量產能力
隨著市場從開發驗證走向大量採購已經具備量產實績的業者也逐漸拉開與單純有技
術廠商之間的差距法人特別點名漢翔長榮航太及中光電三家業者

漢翔的優勢在於航太整合能力完整本身已有民航製造及軍機維修等長期業務無人機則
開始從開發題材進入實際履約階段長榮航太原本以飛機維修製造為主要業務全球
MRO維修需求仍維持強勁在既有本業之外公司已有無人機量產經驗因此在後續大型
標案中具備卡位條件中光電則是目前國內量產實績較突出的業者之一不只做整機也
開始向關鍵零組件延伸希望提高產品附加價值同時布局美國日本等非紅供應鏈
市場

對台灣業者來說這一波無人機商機真正的轉折或許不只是政府多買了幾萬架飛機

過去市場談無人機多半圍繞國防自主題材及概念股但當採購量從3400架跳升到近5
萬架接下來考驗的將變成工廠能不能如期大量生產零件能否穩定供應以及通訊導
航和任務酬載等高價值零組件能不能真正掌握在台廠手上無人機產業下一場戰役已從
誰能做走向誰能大量做穩定交貨而且把最有價值的零組件留在台灣





法人點名中光電取得大多份額漢翔長榮航太這幾家有量產實績
接下來比的是產能交貨與吃非紅供應鏈
只是臺灣工程師連汽車都做不好
真的有辦法搞飛機嗎
大家相信臺灣理組的實力嗎","['萬架', '軍用', '無人', '機訂', '升空', '台廠', '概念股', '走向', '量產新', '戰場', '民報', '李孟璇', '20260906', '採購量', '暴增', '14', '無人機', '小量', '試單', '走向', '量產', 'pixabay', '烏戰爭', '改寫', '現代戰爭', '模式', '無人機', '偵察輔助', '角色', '逐步', '走向', '戰場', '核心', '台灣', '軍用', '無人', '機產業', '今年', '迎來', '關鍵', '轉折', '隨國防', '採購', '規模', '2023', '3400', '一口', '氣擴', '大至', '萬架', '加上', '政府', '政策', '資源', '投入', '過去', '以題', '材為', '無人', '機供', '應鏈', '開始', '進入', '真正', '拚量', '能力', '關鍵', '零組件', '軍規', '認證', '新階段', '採購量', '暴增', '14', '無人機', '小量', '試單', '走向', '量產', '全球', '無人機', '需求', '快速', '升溫', '根據', '資料', '顯示', '2024', '全球', '無人機', '市場', '規模', '7306', '美元', '預估', '2030', '年將', '成長', '1636', '美元', '2025', '2030', '合成', '143', '其中', '國防', '終端', '應用', '48', '商業', '市場', '35', '消費', '市場', '16', '成為', '推升', '整體', '產業', '成長', '大動能', '相較', '全球', '市場', '成長', '台灣', '真正', '值得', '關注', '變化', '國防', '採購', '已經', '開始', '小量', '驗證', '走向', '模化', '2023', '軍用', '無人機', '採購', '需求', '3400', '當時', '包括', '艦載', '型監', '偵陸', '用監', '偵監', '偵型', '獲型', '微型', '無人', '機及', '戰術型', '無人機', '其中', '中光電', '取得', '3037', '整體', '89', '2025', '採購', '規模', '大幅', '拉高', '規劃', '需求', '48750', '足足', '2023', '14', '目前', '採購', '分成', '甲至', '戊式', '其中', '甲式', '多軸', '旋翼', '無人機', '20262027', '分別', '規劃', '採購', '7500', '架及', '26500', '架合計', '34', '萬架', '數量', '最大', '機種', '丁式定', '翼型', '無人機', '兩年則', '規劃', '採購', '1350', '4450', '任務', '用途', '甲乙', '偏向', '短程', '偵查', '攻擊', '丙丁', '式則', '深入', '中程', '任務', '戊式則', '焦長', '程戰術', '偵察', '這也', '意味', '台灣', '軍用', '無人機', '採購', '不再', '只是', '單一機型', '而是', '開始', '建立', '不同', '航程', '不同', '任務', '定位', '完整', '機隊', '政策', '持續', '加碼', '立法院', '今年', '27', '日三讀', '通過', '強化', '國防', '自主', '無人載', '具產業', '發展條', '例規劃', '台幣', '2400', '億元', '資源', '推動', '無人載', '具產業', '軍用', '採購', '2026', '2027', '年並', '陸續', '進入', '新一波', '量產', '交付', '階段', '不是', '整機廠', '獨吃', '任務酬', '最值', '一塊', '採購', '數量', '放大', '受惠', '組裝', '整機', '無人', '機廠', '目前', '台灣', '無人', '機供', '應鏈', '從整', '逐步', '延伸', '機體', '材料', '推進', '系統', '通訊', '地面', '控制', '導航', '定位', '以及', '影像', '任務酬', '環節', '法人', '認為', '軍用', '需求', '持續', '放量', '附加', '價值', '受惠', '領域', '其中', '任務酬', '甚至', '可能', '比機體', '本身', '重要', '根據', '法人', '整理', '軍用級', '無人機', '核心', '系統', '任務酬', '載系統', '成本', '35', '50', '所有', '項目', '最高', '其次', '推進', '系統', '20', '25', '通訊', '導航系', '統約', '18', '25', '動力', '應及', '飛行', '控制', '系統則', '各約', '15', '20', '換句', '未來', '無人', '機產業', '真正', '爭奪', '只是', '飛機', '做出', '來還', '包括', '機上', '搭載', '什麼', '設備', '光學鏡頭', '熱像', '微光', '影像', '通訊模', '組導', '航系統', '資料', '傳輸及', '地面', '控制', '都將', '採購', '規模', '增加', '擴大', '需求', '這也', '原本', '自航太光', '電通', '電子', '組件產', '業的', '台廠', '開始', '機會', '切入', '軍用', '無人', '機供', '應鏈', '目前', '分工', '看整', '已有', '中科院', '雷虎長', '榮航', '太中光', '電經緯', '航太智飛', '科技', '及漢翔', '業者', '進系', '統則', '包括', '飛瑞富', '田電機', '業者', '通訊', '地面', '控制', '導航定', '位及', '影像', '任務酬', '已有', '多家', '電子', '切入', '無人', '機業者', '一步', '量產', '能力', 'AI', '協作', '中光', '電漢翔長', '榮航', '一步', '量產', '能力', '隨著', '市場', '發驗證', '走向', '大量', '採購', '已經', '具備量', '產實績', '業者', '逐漸', '拉開', '單純', '有技', '術廠', '商之間', '差距', '法人', '特別點', '名漢翔長', '榮航太及', '中光電', '三家', '業者', '漢翔', '優勢', '航太', '整合', '能力', '完整', '本身', '已有', '民航', '開始', '發題', '材進入', '實際', '履約', '階段', '榮航', '太原', '本以', '飛機維', '主要', '業務', '全球', 'MRO', '維修', '需求', '仍維持', '強勁', '既有', '本業', '之外', '公司', '已有', '無人', '機量', '產經驗', '因此', '在後續', '大型', '標案', '具備', '卡位', '條件', '中光', '電則', '目前', '國內量', '產實績', '突出', '業者', '之一', '整機', '開始', '關鍵', '零組件', '延伸', '希望', '提高', '產品', '附加', '價值', '同時', '布局', '美國', '日本', '非紅供', '應鏈', '市場', '台灣業者', '這一波', '無人機', '商機', '真正', '轉折', '或許', '只是', '政府', '幾萬架', '飛機', '過去', '市場', '談無人機', '多半', '圍繞', '國防', '自主', '題材', '概念股', '當採', '購量', '3400', '跳升', '萬架', '接下', '考驗', '將變成', '工廠', '不能', '如期', '大量', '生產', '零件', '能否', '穩定', '供應', '以及', '通訊導', '航和', '任務酬', '高價值', '零組件', '不能', '真正', '掌握', '台廠', '手上', '無人', '機產業', '一場', '戰役', '走向', '大量', '穩定', '交貨', '而且', '價值', '組件', '留在', '台灣', '法人', '點名', '中光電', '取得', '大多', '份額', '漢翔長', '榮航', '這幾家', '有量', '產實績', '接下', '產能', '交貨', '非紅供', '應鏈', '只是', '工程', '師連', '汽車', '不好', '真的', '辦法', '飛機', '大家', '相信', '灣理組', '實力']",Positive,0.9888152480125427
M.1788741003.A.820,[閒聊] 2026/09/07 盤中閒聊,laptic,2026-09-07 08:30:00,爆,https://www.ptt.cc/bbs/Stock/M.1788741003.A.820.html,"==================115/09/07台股資訊重點整理，供股民做投資參考=================


台指期未平倉口數 自營商  () 投信  () 外資  ()
台指選未平倉口數 自營商  () 投信  ()
                 外資  ()


==============================================================================



--

幻路群音湍夢尋，昂步若見初相逢；

驗刻駿安生息韻，祠博憐財盡霜洪。




作者：くっくさんば (@Qckvolley)



作者：dcccc (@dixi0307)

--

長亭外，古道邊，芳草碧連天。晚風拂柳笛聲殘，夕陽山外山。
天之涯，地之角，知交半零落。一壺濁酒盡餘歡，今宵別夢寒。
長亭外，古道邊，芳草碧連天。問君此去幾時還，來時莫徘徊。
天之涯，地之角，知交半零落。人生難得是歡聚，惟有別離多。
　　　　　　　　　　　　　　　　　　　　　　　　　　——【現代】李叔同《送別》

--","1150907台股資訊重點整理供股民做投資參考


台指期未平倉口數 自營商   投信   外資  
台指選未平倉口數 自營商   投信  
                 外資  








幻路群音湍夢尋昂步若見初相逢

驗刻駿安生息韻祠博憐財盡霜洪




作者 Qckvolley



作者dcccc dixi0307","['1150907', '台股', '資訊', '重點', '整理', '股民', '投資', '參考', '指期', '未平', '倉口數', '自營商', '投信', '外資', '台指', '選未平', '倉口數', '自營商', '投信', '外資', '幻路', '群音', '湍夢', '尋昂步', '相逢', '驗刻', '駿安', '生息', '韻祠', '博憐', '財盡霜洪', '作者', 'Qckvolley', '作者', 'dcccc', 'dixi0307']",Positive,0.9452291131019592
M.1788739670.A.304,[創作] 今天不知道買哪支？抽一發試試 純娛樂 ,zanfid,2026-09-07 08:07:48,70,https://www.ptt.cc/bbs/Stock/M.1788739670.A.304.html,"我做了個「台股抽卡所」：
用真實台股近 30 日漲跌幅決定稀有度
白卡是漲，黑卡是跌
板塊池方向機率會跟當天池內實際漲跌分布走
半導體、AI、航運、金融……十幾個池都能抽
上市普通股一千多檔，單抽、十連都行

這不是選股工具，沒有任何實際用途
抽到什麼都不代表該買、該賣、該 All in
SSR 只代表波動大，不是明牌
純情緒價值，盤前盤後無聊玩一下而已

網址：


短網址：



-----
Sent from  on my iPhone

--
      「你真不可思議。」她說。
      「又勇敢，又有決心，工作的酬勞又這麼低廉，人人都敲你的頭，掐你脖子
        揍你下巴，灌你嗎啡，但你依舊不屈不撓，直到他們屈服為止。
        你為什麼這麼不可思議？」
                                                --《再見，吾愛》--

--","我做了個台股抽卡所
用真實台股近 30 日漲跌幅決定稀有度
白卡是漲黑卡是跌
板塊池方向機率會跟當天池內實際漲跌分布走
半導體AI航運金融十幾個池都能抽
上市普通股一千多檔單抽十連都行

這不是選股工具沒有任何實際用途
抽到什麼都不代表該買該賣該 All in
SSR 只代表波動大不是明牌
純情緒價值盤前盤後無聊玩一下而已

網址


短網址




Sent from  on my iPhone","['台股', '抽卡', '用真', '實台', '股近', '30', '日漲', '跌幅', '決定', '稀有', '白卡', '黑卡', '板塊池', '方向', '機率', '跟當', '天池', '實際漲', '分布', '半導體', 'AI', '航運', '金融', '十幾個', '上市', '普通股', '一千多', '檔單', '抽十連', '都行', '不是', '選股', '工具', '沒有', '任何', '實際', '用途', '抽到', '什麼', '代表', 'All', 'in', 'SSR', '代表', '波動', '不是', '明牌', '純情緒', '價值', '盤前', '盤後無聊', '一下', '而已', '網址', '網址', 'Sent', 'from', 'on', 'my', 'iPhone']",Positive,0.8481088280677795
M.1788737876.A.B9F,[新聞] 鈊象營收創高,IzumiKonata,2026-09-07 07:37:54,33,https://www.ptt.cc/bbs/Stock/M.1788737876.A.B9F.html,"鈊象營收創高





經濟日報 記者陳昱翔／台北報導



遊戲股王鈊象（3293）受惠旺季效應及海外授權比重持續升高，8月營收衝上22.68億元，連
續二個月改寫單月歷史新高，月增1.8%，年增24.8%；前八月營收171.75億元，為同期最佳
，年增18.1%。

鈊象上半年大賺逾二個股本，每股純益22.77元，較去年同期每股純益18元大幅成長，為歷
史同期新高。法人指出，隨著鈊象營收持續向上，加上授權收入愈來愈高，下半年獲利更值
得期待。

展望後市，法人認為，暑假遊戲旺季與世界盃投注熱潮外溢到其他線上博弈，將成為鈊象第
3季營運動能續強主要助力，有利高毛利率授權收入進一步擴張，預估第3季每股純益約11.5
元至11.69元；2026年營收估258.8億元，年增17.5%，每股純益上看50.18元，大賺逾五個股
本，再創新高。

鈊象業績成長，主因美國市場動能強勁，跨洲紅利正在發酵，且美國玩家付費能力較高。另
外，鈊象海外布局效益持續發酵，繼去年取得英國市場執照後，南非市場執照也到手，美國
也從原先的三大州跨足到其他州，加上東南亞營運動能穩健提升，推升今年整體海外遊戲授
權業務強勁成長。

歐洲市場方面，鈊象目前已取證國家包含馬爾他、瑞典、希臘、羅馬尼亞、英國、葡萄牙，
預料未來將成為繼東南亞、美國後，鈊象未來幾年主要成長動能。

鈊象去年毛利率衝上98%，隨著今年遊戲授權業務比重持續擴張，毛利率有機會再提升，且
授權業務為純利業務，對公司的獲利表現有正面幫助。



大象來了，鈊象美國市場獲得成效，營收占比逐步提升，受惠旺季與海外授權擴張，8月營
收再創新高。高毛利授權純利大增，帶動全年獲利看旺，展現強勁成長力。




--","鈊象營收創高





經濟日報 記者陳昱翔台北報導



遊戲股王鈊象3293受惠旺季效應及海外授權比重持續升高8月營收衝上2268億元連
續二個月改寫單月歷史新高月增18年增248前八月營收17175億元為同期最佳
年增181

鈊象上半年大賺逾二個股本每股純益2277元較去年同期每股純益18元大幅成長為歷
史同期新高法人指出隨著鈊象營收持續向上加上授權收入愈來愈高下半年獲利更值
得期待

展望後市法人認為暑假遊戲旺季與世界盃投注熱潮外溢到其他線上博弈將成為鈊象第
3季營運動能續強主要助力有利高毛利率授權收入進一步擴張預估第3季每股純益約115
元至1169元2026年營收估2588億元年增175每股純益上看5018元大賺逾五個股
本再創新高

鈊象業績成長主因美國市場動能強勁跨洲紅利正在發酵且美國玩家付費能力較高另
外鈊象海外布局效益持續發酵繼去年取得英國市場執照後南非市場執照也到手美國
也從原先的三大州跨足到其他州加上東南亞營運動能穩健提升推升今年整體海外遊戲授
權業務強勁成長

歐洲市場方面鈊象目前已取證國家包含馬爾他瑞典希臘羅馬尼亞英國葡萄牙
預料未來將成為繼東南亞美國後鈊象未來幾年主要成長動能

鈊象去年毛利率衝上98隨著今年遊戲授權業務比重持續擴張毛利率有機會再提升且
授權業務為純利業務對公司的獲利表現有正面幫助



大象來了鈊象美國市場獲得成效營收占比逐步提升受惠旺季與海外授權擴張8月營
收再創新高高毛利授權純利大增帶動全年獲利看旺展現強勁成長力","['經濟', '日報', '記者陳昱翔', '台北', '報導', '遊戲', '3293', '受惠', '旺季', '效應', '海外', '授權', '比重', '持續', '升高', '月營', '收衝', '2268', '億元連', '續二個', '改寫', '單月', '歷史', '新高', '18', '年增', '248', '八月', '營收', '17175', '億元', '同期', '最佳', '年增', '181', '上半年', '逾二個', '股本', '每股', '純益', '2277', '元較', '去年同期', '每股', '純益', '18', '大幅', '成長', '為歷', '同期', '新高', '法人', '指出', '向上', '加上', '授權', '收入', '愈來', '下半年', '獲利', '更值', '期待', '展望', '法人', '認為', '暑假', '遊戲', '旺季', '世界', '投注', '熱潮', '外溢', '其他', '線上', '博弈', '將成', '季營', '運動', '能續強', '主要', '助力', '有利', '毛利率', '授權', '收入', '一步', '擴張', '預估', '每股', '純益', '115', '元至', '1169', '2026', '年營', '收估', '2588', '元年', '175', '每股', '純益', '5018', '元大', '五個', '新高', '主因', '美國', '市場', '動能', '強勁', '跨洲', '紅利', '正在', '發酵且', '美國', '玩家', '付費', '能力', '海外', '布局', '效益', '持續', '發酵繼', '去年', '取得', '英國', '市場', '執照', '南非', '市場', '執照', '到手', '美國', '原先', '三大州', '跨足', '其他', '加上', '東南亞營', '運動能', '穩健', '提升', '推升', '今年', '整體', '海外', '遊戲授', '權業務', '強勁', '成長', '歐洲', '市場', '方面', '目前', '已取', '證國家', '包含', '瑞典', '希臘羅馬尼亞', '英國', '葡萄牙', '預料', '未來', '將成', '繼東', '南亞美國', '主要', '成長', '動能', '去年', '毛利率', '衝上', '98', '隨著', '今年', '遊戲授', '權業務', '比重', '持續', '擴張', '毛利率', '機會', '提升', '授權', '業務為', '純利業務', '公司', '獲利表現', '正面', '幫助', '大象', '成效', '營收', '逐步', '提升', '受惠', '旺季', '海外', '授權', '擴張', '月營', '收再', '新高', '毛利', '授權', '純利', '大增', '帶動', '全年', '獲利', '看旺展', '現強', '成長']",Positive,0.9993670582771301
M.1788716942.A.D16,[新聞] Nike將移出S&P 100，董事庫克逢低加碼部,dalyadam,2026-09-07 01:48:54,84,https://www.ptt.cc/bbs/Stock/M.1788716942.A.D16.html,"Nike將移出S&P 100，董事庫克逢低加碼部位浮虧約110萬美元


 
Nike將移出S&P 100，董事庫克逢低加碼部位浮虧約110萬美元

 。




 
Sun Sep 06 2026


張美妮




標普道瓊指數公司宣布，Nike將於2026年9月21日被移出S&P 100指數，由SanDisk、戴爾
等科技類股遞補，Nike仍留在S&P 500。Nike股價接近12年新低，較2021年高點回落約75%
。Apple執行長、Nike董事庫克過去一年兩度買進Nike股票，合計約401萬美元，目前帳面
浮虧約110萬美元。


發生了什麼

標普道瓊指數公司（S&P Dow Jones Indices）於2026年9月4日公布季度成分股調整，
Nike（美股代號NKE）將被移出S&P 100指數，變動於9月21日開盤前生效。Nike自2008年
12月納入該指數，成分股身分維持約18年。此次一併被移出的還有漢威聯合航太、西蒙地
產集團（Simon Property Group）與高露潔（Colgate-Palmolive）；遞補進入的包括
SanDisk、戴爾科技（Dell Technologies）、Palo Alto Networks與Arista Networks。
多家財經媒體指出，這次調整反映指數成分向科技與數位基礎設施類股傾斜。Nike仍為涵
蓋範圍更廣的S&P 500成分股。



被移出S&P 100代表什麼

S&P 100由標普500中市值最大、流動性最高的約100檔個股組成，被視為美股大型權值股
的代表性指數。個股被移出後，追蹤該指數的ETF與被動型基金須依規則調整持倉，可能
對個股帶來短期調節性賣壓。相較之下，Nike仍留在S&P 500，代表它尚未跌出美股大型
股的範疇，但在「權值股代表名單」中已失去一席。


股價與市值變化

Nike上週五收於38.40美元，接近12年新低，盤中低點37.95美元。以2021年11月的歷史高
點計算，股價累計回落約75%，市值蒸發規模約2,300億美元。目前Nike市值約570億美元
，50日與200日均價分別約為41.5美元與51.4美元。


庫克的持股與買進紀錄

根據美國證券交易委員會（SEC）申報文件與媒體報導，Apple執行長、Nike董事提姆·庫
克（Tim Cook）於2025年12月22日買進50,000股Nike，均價約58.97美元，金額約295萬美
元；2026年4月10日再買進25,000股，均價約42.43美元，金額約106萬美元。庫克目前共
持有約130,480股Nike股票。

以上述兩筆合計75,000股、成本約401萬美元計算，按38.40美元收盤價，該部位市值約
288萬美元，帳面未實現虧損約110萬美元，幅度約28%。庫克自2005年起擔任Nike董事，
現任首席獨立董事（lead independent director）。Nike執行長Elliott Hill於2026年4
月也曾買進約100萬美元的公司股票；市場一般將董事與高階經理人在低點買進自家股票
，視為內部人對公司前景的信心訊號。SEC申報文件另顯示，Hill於9月初賣出逾9,000股
。


基本面概況

Nike 2026財年第三季營收約113億美元，與去年同期持平；淨利年減約35%至5.2億美元；
營業利益率約5.6%。大中華區為主要壓力來源，2026財年該區營收年減約11%，第四季年
減約12%至13億美元，並已連續多季下滑，面臨Anta、李寧等本土品牌競爭。通路方面，
Nike中國主要零售夥伴滔搏（Topsports）預計自2027年1月起停止線上銷售Nike商品，有
投行估算通路調整可能影響Nike營收達10億美元。此外，On、Hoka等品牌在跑鞋市場持續
擴大市佔。Nike於2024年由Elliott Hill回任執行長推動品牌重整，Hill於2026年中表示
轉型進度慢於原先預期，完整成效預計要到隔年才會顯現。


市場觀點

部分分析認為，Nike股價已反映多數負面因素，董事與經理人買進顯示估值具吸引力；另
一部分分析則認為，中國市場與通路重整的影響尚未完全出清，轉型執行時間拉長，股價
是否落底仍待觀察。

（本文根據公開資訊與媒體報導整理，不構成投資建議。）



曾經是一代鞋子業界的霸主nike

現在被移出sp100，真是不勝唏噓

然後遞補的有閃迪，閃迪是否能又突破前高呢



--","Nike將移出SP 100董事庫克逢低加碼部位浮虧約110萬美元


 
Nike將移出SP 100董事庫克逢低加碼部位浮虧約110萬美元

 




 
Sun Sep 06 2026


張美妮




標普道瓊指數公司宣布Nike將於2026年9月21日被移出SP 100指數由SanDisk戴爾
等科技類股遞補Nike仍留在SP 500Nike股價接近12年新低較2021年高點回落約75
Apple執行長Nike董事庫克過去一年兩度買進Nike股票合計約401萬美元目前帳面
浮虧約110萬美元


發生了什麼

標普道瓊指數公司SP Dow Jones Indices於2026年9月4日公布季度成分股調整
Nike美股代號NKE將被移出SP 100指數變動於9月21日開盤前生效Nike自2008年
12月納入該指數成分股身分維持約18年此次一併被移出的還有漢威聯合航太西蒙地
產集團Simon Property Group與高露潔ColgatePalmolive遞補進入的包括
SanDisk戴爾科技Dell TechnologiesPalo Alto Networks與Arista Networks
多家財經媒體指出這次調整反映指數成分向科技與數位基礎設施類股傾斜Nike仍為涵
蓋範圍更廣的SP 500成分股



被移出SP 100代表什麼

SP 100由標普500中市值最大流動性最高的約100檔個股組成被視為美股大型權值股
的代表性指數個股被移出後追蹤該指數的ETF與被動型基金須依規則調整持倉可能
對個股帶來短期調節性賣壓相較之下Nike仍留在SP 500代表它尚未跌出美股大型
股的範疇但在權值股代表名單中已失去一席


股價與市值變化

Nike上週五收於3840美元接近12年新低盤中低點3795美元以2021年11月的歷史高
點計算股價累計回落約75市值蒸發規模約2300億美元目前Nike市值約570億美元
50日與200日均價分別約為415美元與514美元


庫克的持股與買進紀錄

根據美國證券交易委員會SEC申報文件與媒體報導Apple執行長Nike董事提姆庫
克Tim Cook於2025年12月22日買進50000股Nike均價約5897美元金額約295萬美
元2026年4月10日再買進25000股均價約4243美元金額約106萬美元庫克目前共
持有約130480股Nike股票

以上述兩筆合計75000股成本約401萬美元計算按3840美元收盤價該部位市值約
288萬美元帳面未實現虧損約110萬美元幅度約28庫克自2005年起擔任Nike董事
現任首席獨立董事lead independent directorNike執行長Elliott Hill於2026年4
月也曾買進約100萬美元的公司股票市場一般將董事與高階經理人在低點買進自家股票
視為內部人對公司前景的信心訊號SEC申報文件另顯示Hill於9月初賣出逾9000股



基本面概況

Nike 2026財年第三季營收約113億美元與去年同期持平淨利年減約35至52億美元
營業利益率約56大中華區為主要壓力來源2026財年該區營收年減約11第四季年
減約12至13億美元並已連續多季下滑面臨Anta李寧等本土品牌競爭通路方面
Nike中國主要零售夥伴滔搏Topsports預計自2027年1月起停止線上銷售Nike商品有
投行估算通路調整可能影響Nike營收達10億美元此外OnHoka等品牌在跑鞋市場持續
擴大市佔Nike於2024年由Elliott Hill回任執行長推動品牌重整Hill於2026年中表示
轉型進度慢於原先預期完整成效預計要到隔年才會顯現


市場觀點

部分分析認為Nike股價已反映多數負面因素董事與經理人買進顯示估值具吸引力另
一部分分析則認為中國市場與通路重整的影響尚未完全出清轉型執行時間拉長股價
是否落底仍待觀察

本文根據公開資訊與媒體報導整理不構成投資建議



曾經是一代鞋子業界的霸主nike

現在被移出sp100真是不勝唏噓

然後遞補的有閃迪閃迪是否能又突破前高呢","['Nike', '移出', 'SP', '100', '董事', '庫克逢', '低加碼', '部位', '浮虧', '110', '美元', 'Nike', '移出', 'SP', '100', '董事', '庫克逢', '低加碼', '部位', '浮虧', '110', '美元', 'Sun', 'Sep', '06', '2026', '張美妮', '標普道', '指數', '公司', '宣布', 'Nike', '將於', '2026', '21', '移出', 'SP', '100', '指數', 'SanDisk', '戴爾', '科技', '類股', '遞補', 'Nike', '留在', 'SP', '500Nike', '股價', '接近', '12', '新低', '2021', '高點', '回落', '75', 'Apple', '執行長', 'Nike', '董事', '庫克過', '一年', '兩度', '買進', 'Nike', '股票', '合計', '401', '美元', '目前', '帳面', '浮虧', '110', '美元', '發生', '什麼', '標普道', '指數', '公司', 'SP', 'Dow', 'Jones', 'Indices', '2026', '公布', '季度', '成分股', '調整', 'Nike', '美股', '代號', 'NKE', '將被', '移出', 'SP', '100', '指數', '變動', '21', '開盤', '生效', 'Nike', '2008', '12', '納入', '指數', '成分股', '身分', '維持', '18', '此次', '移出', '還有', '漢威', '聯合', '航太西', '蒙地', '產集團', 'Simon', 'Property', 'Group', '高露潔', 'ColgatePalmolive', '遞補', '進入', '包括', 'SanDisk', '戴爾', '科技', 'Dell', 'TechnologiesPalo', 'Alto', 'Networks', 'Arista', 'Networks', '多家', '財經', '媒體', '指出', '這次', '調整', '反映', '指數', '成分', '科技', '數位', '基礎', '設施', '類股', '傾斜', 'Nike', '仍為涵', '蓋範圍', '更廣', 'SP', '500', '成分股', '移出', 'SP', '100', '代表', '什麼', 'SP', '100', '標普', '500', '市值', '最大', '流動性', '最高', '100', '檔個', '組成', '視為', '美股', '大型', '權值', '代表性', '指數個', '移出', 'ETF', '被動', '型基金', '須依規則', '整持', '可能', '對個', '股帶', '短期', '調節性', '賣壓', '相較', '之下', 'Nike', '留在', 'SP', '500', '代表', '尚未', '跌出', '美股', '大型', '範疇', '權值', '代表', '名單', '失去', '一席', '股價', '市值', '變化', 'Nike', '週五收', '3840', '美元', '接近', '12', '新低', '盤中', '低點', '3795', '美元', '2021', '11', '歷史', '點計算', '股價', '累計', '回落', '75', '市值', '蒸發', '規模', '2300', '美元', '目前', 'Nike', '市值', '570', '美元', '50', '200', '日均', '價分別', '415', '美元', '514', '美元', '庫克', '持股', '進紀錄', '根據', '美國', '證券', '交易', '委員會', 'SEC', '申報', '文件', '媒體', '報導', 'Apple', '執行長', 'Nike', '董事', '提姆庫', 'Tim', 'Cook', '2025', '12', '22', '日買進', '50000', 'Nike', '價約', '5897', '美元', '金額', '295', '萬美', '2026', '10', '25000', '股均', '價約', '4243', '美元', '金額', '106', '美元', '庫克', '目前', '持有', '130480', 'Nike', '股票', '上述', '兩筆', '合計', '75000', '成本', '401', '美元', '計算', '3840', '美元', '收盤', '價該', '部位', '市值', '288', '美元', '帳面', '實現', '損約', '110', '美元', '幅度', '28', '庫克自', '2005', '擔任', 'Nike', '董事', '現任', '首席', '獨立', '董事', 'lead', 'independent', 'directorNike', '執行長', 'Elliott', 'Hill', '2026', '進約', '100', '美元', '公司股票', '市場', '一般', '董事', '高階經理', '低點', '買進', '自家', '股票', '視為', '內部', '公司', '前景', '信心', '訊號', 'SEC', '申報', '文件', '顯示', 'Hill', '月初', '賣出', '9000', '基本面', '概況', 'Nike', '2026', '財年', '第三季', '營收', '113', '美元', '去年同期', '持平', '淨利年', '減約', '35', '52', '美元', '營業', '利益', '率約', '56', '大中華區', '主要', '壓力', '來源', '2026', '財年', '該區', '營收', '減約', '11', '第四季', '減約', '12', '13', '美元', '並已', '連續', '多季', '下滑', '面臨', 'Anta', '李寧', '本土', '品牌', '競爭', '通路', '方面', 'Nike', '中國', '主要', '零售', '夥伴', '滔搏', 'Topsports', '預計', '2027', '停止', '線上', '銷售', 'Nike', '商品', '投行', '估算', '通路', '調整', '可能', '影響', 'Nike', '營收達', '10', '美元', '此外', 'OnHoka', '品牌', '跑鞋', '市場', '持續', '擴大市', 'Nike', '2024', 'Elliott', 'Hill', '回任', '執行長', '推動', '品牌', '重整', 'Hill', '2026', '表示', '轉型', '進度', '原先', '預期', '完整', '成效', '預計要', '顯現', '市場', '觀點', '部分', '分析', '認為', 'Nike', '股價', '反映', '多數', '負面', '因素', '董事', '經理', '進顯示', '估值', '吸引力', '一部分', '分析', '則認', '中國', '市場', '通路', '重整', '影響', '尚未', '完全', '出清', '轉型', '執行', '時間', '拉長', '股價', '是否', '落底', '觀察', '本文', '根據', '公開', '資訊', '媒體', '報導', '整理', '不構', '投資', '建議', '曾經', '一代', '鞋子', '業界', '霸主', 'nike', '現在', '移出', 'sp100', '真是', '不勝', '唏噓', '然後遞', '閃迪', '閃迪', '是否', '突破', '前高']",Positive,0.561829149723053
M.1788709728.A.C07,[新聞] 財經青紅燈》中國股市敬陪末座,Su22,2026-09-06 23:48:46,37,https://www.ptt.cc/bbs/Stock/M.1788709728.A.C07.html,"財經青紅燈》中國股市敬陪末座



2026/09/05 05:30

王孟倫



今年以來，就
在全球股市陸續傳出好消息之際，。

根據統計，今年截至9月3日為止，，全
球排名倒數第八名，表現「敬陪末座」；由於，也難怪

「股市是經濟的櫥窗」，這是因為股票市場能反映整體經濟的好壞或未來前景；由於中國
並非市場經濟，往往受到政策高度干預，使得中國A股或上證指數的走勢，無法準確反映
實體景氣走向。

從各項數字都能察覺或嗅出，包括等。儘管中國祭出各種行政手段，例如貨幣寬鬆（降息、降準
），甚至動用「國家隊」資金進行護盤，目的是用銀彈資金來穩定市場；問題是缺乏實質
基本面支持，這些干預往往只有「短期效果」，只是「治標不治本」。

，尤其消費信心仍不足，
民眾傾向於儲蓄而非消費，將加大通縮壓力，民間投資也趨於謹慎，無疑是雪上加霜，台
灣投資人最好對中國股市維持觀望態度。


查了一下
上證指數真的跟今年年初差不多
相對於台股美股今年的漲幅
報酬似乎真的頗低
有投資中國股市的網友要注意長期報酬落後的風險

--

--","財經青紅燈中國股市敬陪末座



20260905 0530

王孟倫



今年以來就
在全球股市陸續傳出好消息之際

根據統計今年截至9月3日為止全
球排名倒數第八名表現敬陪末座由於也難怪

股市是經濟的櫥窗這是因為股票市場能反映整體經濟的好壞或未來前景由於中國
並非市場經濟往往受到政策高度干預使得中國A股或上證指數的走勢無法準確反映
實體景氣走向

從各項數字都能察覺或嗅出包括等儘管中國祭出各種行政手段例如貨幣寬鬆降息降準
甚至動用國家隊資金進行護盤目的是用銀彈資金來穩定市場問題是缺乏實質
基本面支持這些干預往往只有短期效果只是治標不治本

尤其消費信心仍不足
民眾傾向於儲蓄而非消費將加大通縮壓力民間投資也趨於謹慎無疑是雪上加霜台
灣投資人最好對中國股市維持觀望態度


查了一下
上證指數真的跟今年年初差不多
相對於台股美股今年的漲幅
報酬似乎真的頗低
有投資中國股市的網友要注意長期報酬落後的風險","['財經', '青紅燈', '中國', '股市', '敬陪末座', '20260905', '0530', '王孟倫', '今年', '以來', '全球股市', '陸續', '傳出', '好消息', '之際', '根據', '統計', '今年', '截至', '日為止', '排名', '倒數', '第八名', '表現', '敬陪末座', '難怪', '股市', '經濟', '這是', '因為', '股票', '市場', '反映', '整體', '經濟', '未來', '前景', '中國', '並非', '市場', '經濟', '往往', '受到', '政策', '高度', '干預', '使得', '中國', 'A股', '上證', '指數', '走勢', '無法', '準確', '反映', '實體', '景氣', '走向', '各項', '數字', '能察覺', '嗅出', '包括', '行政', '手段', '例如', '貨幣', '降息', '降準', '甚至', '動用', '國家隊', '資金進', '行護盤', '目的', '銀彈', '資金來', '穩定', '市場', '問題', '缺乏', '實質', '基本面', '支持', '這些', '干預', '往往', '只有', '短期', '效果', '只是', '治標', '治本', '尤其', '消費', '信心', '不足', '民眾', '傾向', '儲蓄', '消費將', '加大', '通縮', '壓力民間', '投資', '謹慎', '無疑', '雪上加霜', '灣投資人', '最好', '中國', '股市', '維持', '觀望', '態度', '一下', '上證', '指數', '真的', '今年年初', '差不多', '相對', '股美股', '今年', '漲幅', '報酬', '似乎', '真的', '投資', '中國', '股市', '網友', '注意', '報酬', '風險']",Positive,0.9953494668006897
M.1788709477.A.EBD,Re: [新聞] 復華00409A、玉山009827、中信009828三檔,giveUstars,2026-09-06 23:44:35,2,https://www.ptt.cc/bbs/Stock/M.1788709477.A.EBD.html,"回自己

復華投信不知道為什麼星期五的資訊周末不放

隨便弄了個成分股比對去掃看看經理費年 1.4% 拿去幹嘛

看到團隊 9/1 直接一次出清欣興 283 張，這要給個讚。

雖然事件影響有多大現在還不知道，但直接無情砍掉不去賭，

長期來看比較不會練成鐵頭功。

然後在這幾天我看他進進出出是真的蠻多的，現金降到 7.8%

但日股的整體比重還是超級低 (3.X%)

整個 ETF 淨值最低點出現在 09/02 上市當天

未來希望至少能贏同梯的 009827 吧

最後一次追蹤，後面就看表現了

--","回自己

復華投信不知道為什麼星期五的資訊周末不放

隨便弄了個成分股比對去掃看看經理費年 14 拿去幹嘛

看到團隊 91 直接一次出清欣興 283 張這要給個讚

雖然事件影響有多大現在還不知道但直接無情砍掉不去賭

長期來看比較不會練成鐵頭功

然後在這幾天我看他進進出出是真的蠻多的現金降到 78

但日股的整體比重還是超級低 3X

整個 ETF 淨值最低點出現在 0902 上市當天

未來希望至少能贏同梯的 009827 吧

最後一次追蹤後面就看表現了","['自己', '投信', '知道', '什麼', '星期五', '資訊', '周末', '隨便', '成分股', '看看', '經理費', '14', '看到', '團隊', '91', '直接', '一次', '出清', '欣興', '283', '這要給', '雖然', '事件', '影響', '多大現', '還不', '知道', '直接', '無情', '砍掉', '不去', '期來', '不會練', '成鐵頭功', '然後在', '這幾天', '進進', '出出', '真的', '現金', '降到', '78', '整體', '比重', '還是', '超級', '3X', '整個', 'ETF', '淨值', '最低', '點出現', '0902', '上市', '當天', '未來', '希望', '至少', '能贏', '同梯', '009827', '一次']",Positive,0.864854633808136
M.1788708920.A.BBA,[新聞] 油價穩了？OPEC＋重大宣布：10月維持既有,STi2011,2026-09-06 23:35:18,11,https://www.ptt.cc/bbs/Stock/M.1788708920.A.BBA.html,"中天

油價穩了？OPEC＋重大宣布：10月維持既有政策不變





發布: 2026/09/06 22:39
By 高珞曦

石油輸出國組織與夥伴國（OPEC+）核心成員國今天舉行會議後發布聲明說，10月維持既
有產量政策不變。


路透社報導，沙烏地阿拉伯、俄羅斯、伊拉克、科威特、哈薩克、阿爾及利亞及阿曼（
Oman）這7個OPEC+核心成員國在會議中做出上述決議。

此時美伊戰爭持續擾亂航經荷莫茲海峽（Strait of Hormuz）的石油出口，削弱了OPEC+
對油價和石油市占率的影響力。

OPEC+在8月決議自本月起增產，完成逐步取消2023年首次達成的每日減產165萬桶石油協
議。

儘管這項協議允許增產，但OPEC+受中東戰事影響，實際產量仍遠低於目標。

能源市場研究公司睿諮得能源（Rystad Energy）分析師李昂（Jorge Leon）表示：「
OPEC+目前對油市的影響力十分有限。該組織可以在紙上調整產量目標，但無法保證石油
最終順利生產或流向市場。市場焦點已經從每月產量調整，轉向更具影響力的2027年產量
基準討論。」

OPEC+至今仍維持另一層減產措施，適用範圍涵蓋該組織21個成員國的多數，預計持續至
2026年底。OPEC+決定何時解除減產及增產滿足市場需求前，須先檢視各國產能，以利設
定2027年產量基準，作為未來決定生產配額的依據。

這7個OPEC+核心成員國預計10月4日舉行下一次會議。（中央社）


心得

沒有額外大量石油釋出，油價下跌空間我看也是有限

現在根本不是OPEC+說了算，就算增產能不能過荷姆茲都不好說

下周重點還是油價跟美債殖利率了

--","中天

油價穩了OPEC重大宣布10月維持既有政策不變





發布 20260906 2239
By 高珞曦

石油輸出國組織與夥伴國OPEC核心成員國今天舉行會議後發布聲明說10月維持既
有產量政策不變


路透社報導沙烏地阿拉伯俄羅斯伊拉克科威特哈薩克阿爾及利亞及阿曼
Oman這7個OPEC核心成員國在會議中做出上述決議

此時美伊戰爭持續擾亂航經荷莫茲海峽Strait of Hormuz的石油出口削弱了OPEC
對油價和石油市占率的影響力

OPEC在8月決議自本月起增產完成逐步取消2023年首次達成的每日減產165萬桶石油協
議

儘管這項協議允許增產但OPEC受中東戰事影響實際產量仍遠低於目標

能源市場研究公司睿諮得能源Rystad Energy分析師李昂Jorge Leon表示
OPEC目前對油市的影響力十分有限該組織可以在紙上調整產量目標但無法保證石油
最終順利生產或流向市場市場焦點已經從每月產量調整轉向更具影響力的2027年產量
基準討論

OPEC至今仍維持另一層減產措施適用範圍涵蓋該組織21個成員國的多數預計持續至
2026年底OPEC決定何時解除減產及增產滿足市場需求前須先檢視各國產能以利設
定2027年產量基準作為未來決定生產配額的依據

這7個OPEC核心成員國預計10月4日舉行下一次會議中央社


心得

沒有額外大量石油釋出油價下跌空間我看也是有限

現在根本不是OPEC說了算就算增產能不能過荷姆茲都不好說

下周重點還是油價跟美債殖利率了","['油價穩', 'OPEC', '重大', '宣布', '10', '維持', '既有', '政策', '不變', '發布', '20260906', '2239', 'By', '珞曦', '石油', '輸出國', '組織', '伴國', 'OPEC', '核心', '成員國', '今天', '舉行會', '議後發布', '聲明', '10', '維持', '有產量', '政策', '不變', '路透社', '報導沙', '烏地', '阿拉伯', '俄羅斯', '伊拉克', '科威特', '哈薩克', '阿爾及', '利亞及', '阿曼', 'Oman', 'OPEC', '核心', '成員國', '會議', '做出', '上述', '決議', '此時', '美伊戰爭', '持續', '擾亂', '航經', '荷莫茲海峽', 'Strait', 'of', 'Hormuz', '石油', '出口', '削弱', 'OPEC', '對油價', '石油', '市占率', '影響力', 'OPEC', '決議', '本月', '增產', '完成', '逐步', '取消', '2023', '首次', '達成', '每日', '減產', '165', '萬桶', '石油', 'OPEC', '受中', '東戰事', '影響', '實際產量', '目標', '能源', '市場', '研究', '公司', '能源', 'Rystad', 'Energy', '分析', '師李昂', 'Jorge', 'Leon', '表示', 'OPEC', '目前', '對油市', '影響力', '十分', '有限', '組織', '可以', '紙上', '調整', '產量', '目標', '無法', '保證', '石油', '最終', '利生', '流向', '市場', '市場', '焦點', '已經', '每月', '產量', '調整', '轉向', '更具', '影響力', '2027', '年產量', '基準', '討論', 'OPEC', '至今', '仍維持', '一層', '減產', '措施', '適用', '範圍', '涵蓋', '組織', '21', '成員國', '多數', '預計', '持續', '2026', '年底', 'OPEC', '決定', '何時', '解除', '減產及', '增產', '滿足', '市場', '需求', '前須', '先檢視', '各國產能', '以利', '2027', '年產量', '基準', '作為', '未來', '決定', '生產', '配額', '依據', 'OPEC', '核心', '成員國', '預計', '10', '日舉', '行下', '一次', '會議', '中央社', '心得', '沒有', '額外', '大量', '石油', '釋出', '油價', '下跌', '空間', '有限', '現在', '根本', '不是', 'OPEC', '就算', '增產能', '不能', '過荷姆茲', '不好', '下周', '重點', '還是', '油價', '美債殖', '利率']",Positive,0.9959306120872498
M.1788706428.A.B49,Re: [請益] 金融股如果以PB當作停利策略,OhtaniHR,2026-09-06 22:53:46,0,https://www.ptt.cc/bbs/Stock/M.1788706428.A.B49.html,"這議題前陣子有買ai時剛好有點興趣
自己到goodinfo拉了20間左右金融股股票的淨值 eps股價 roe等等給他交叉分析

但那時候的東西也沒留下來
所以我沒辦法提供
要當我空口說白話也無所謂

但當時的結論是roe跟pb要用這兩個去判斷進退場非常沒有參考價值
如果硬要選一個就是pe參考價值最高


特別是pb就特別在富邦這種有壽險的公司發生過很多次pb暴漲
如果輕易用pb做進退場參考多半會錯過非常大的魚尾

然後操作老半天大部分的操作法都是輸給長期持有
特別是某幾家公司長期收益高的可怕
在滾動式報酬面打敗大盤的機率很高

--","這議題前陣子有買ai時剛好有點興趣
自己到goodinfo拉了20間左右金融股股票的淨值 eps股價 roe等等給他交叉分析

但那時候的東西也沒留下來
所以我沒辦法提供
要當我空口說白話也無所謂

但當時的結論是roe跟pb要用這兩個去判斷進退場非常沒有參考價值
如果硬要選一個就是pe參考價值最高


特別是pb就特別在富邦這種有壽險的公司發生過很多次pb暴漲
如果輕易用pb做進退場參考多半會錯過非常大的魚尾

然後操作老半天大部分的操作法都是輸給長期持有
特別是某幾家公司長期收益高的可怕
在滾動式報酬面打敗大盤的機率很高","['這議題', '前陣子', 'ai', '時剛', '有點', '興趣', '自己', 'goodinfo', '20', '左右', '金融股', '股票', '淨值', 'eps', '股價', 'roe', '等等', '給他', '交叉', '分析', '時候', '東西', '留下', '所以', '辦法', '提供', '要當', '空口', '白話', '無所謂', '當時', '結論', 'roe', 'pb', '要用', '這兩個', '判斷', '進退場', '非常', '沒有', '參考', '價值', '如果', '硬要', '選一個', '就是', 'pe', '參考', '價值', '最高', '特別', 'pb', '特別', '富邦', '這種', '有壽險', '公司', '發生過', '多次', 'pb', '暴漲', '如果', '易用', 'pb', '做進', '退場', '參考', '多半', '錯過', '非常', '魚尾', '操作', '老半天', '大部分', '操作法', '輸給', '持有', '特別', '幾家', '公司', '收益', '可怕', '滾動式', '報酬', '打敗', '大盤', '機率']",Positive,0.5781845450401306
M.1788696166.A.7D4,[情報] 3260 威剛 H1現金股利每股18.00773559元 ,fafcfh,2026-09-06 20:02:44,23,https://www.ptt.cc/bbs/Stock/M.1788696166.A.7D4.html,"標題：3260 威剛 H1現金股利每股18.00773559元 9月21日除息

來源： MOPS 公開資訊觀測站

網址： 

內文：
1.董事會、股東會決議或公司決定日期:115/09/04

2.除權、息類別（請填入「除權」、「除息」或「除權息」）:除息

3.發放普通股股利種類及金額:
(1)原發放股利種類及金額:
   普通股現金股利新台幣5,843,571,750元，每股配發新台幣18元

(2)變更後發放股利種類及金額:
   普通股現金股利新台幣5,843,571,750元，每股配發新台幣18.00773559元

4.除權（息）交易日:115/09/21

5.最後過戶日:115/09/22

6.停止過戶起始日期:115/09/23

7.停止過戶截止日期:115/09/27

8.除權（息）基準日:115/09/27

12.普通股現金股利發放日期:115/10/23

心得： 威剛2026 H1獲利良好，加碼配18元，今年3/20才剛配了17元，，一整年配了35元，股價400，好像也是蠻爽的？
-----
Sent from JPTT on my iPhone

--","標題3260 威剛 H1現金股利每股1800773559元 9月21日除息

來源 MOPS 公開資訊觀測站

網址 

內文
1董事會股東會決議或公司決定日期1150904

2除權息類別請填入除權除息或除權息除息

3發放普通股股利種類及金額
1原發放股利種類及金額
   普通股現金股利新台幣5843571750元每股配發新台幣18元

2變更後發放股利種類及金額
   普通股現金股利新台幣5843571750元每股配發新台幣1800773559元

4除權息交易日1150921

5最後過戶日1150922

6停止過戶起始日期1150923

7停止過戶截止日期1150927

8除權息基準日1150927

12普通股現金股利發放日期1151023

心得 威剛2026 H1獲利良好加碼配18元今年320才剛配了17元一整年配了35元股價400好像也是蠻爽的

Sent from JPTT on my iPhone","['標題', '3260', '威剛', 'H1', '現金', '股利', '每股', '1800773559', '21', '除息', '來源', 'MOPS', '公開', '資訊', '觀測', '網址', '內文', '董事', '會股', '東會', '決議', '公司', '決定', '日期', '1150904', '除權息', '類別', '填入', '除權', '除息', '權息', '除息', '發放', '普通股', '股利', '種類', '金額', '原發放', '股利', '種類', '金額', '普通股', '現金', '股利', '新台幣', '5843571750', '每股', '配發', '台幣', '18', '發放', '股利', '種類', '金額', '普通股', '現金', '股利', '新台幣', '5843571750', '每股', '配發', '台幣', '1800773559', '除權息', '交易日', '1150921', '最後過', '1150922', '停止', '過戶', '起始', '日期', '1150923', '停止', '過戶', '截止', '日期', '1150927', '除權息', '基準', '1150927', '12', '普通股', '現金', '股利', '發放', '日期', '1151023', '心得', '威剛', '2026', 'H1', '獲利', '良好', '加碼', '18', '今年', '320', '剛配', '17', '整年', '35', '股價', '400', '好像', 'Sent', 'from', 'JPTT', 'on', 'my', 'iPhone']",Positive,0.7400393486022949
M.1788692796.A.F6A,[請益] 金融股如果以PB當作停利策略,im609,2026-09-06 19:06:34,38,https://www.ptt.cc/bbs/Stock/M.1788692796.A.F6A.html,"最近在想金融股的停利方式
想請教大家

以華票為例
9/4 收盤17.1，PB約0.82倍，每股淨值20.76

如果單純看PB：
PB 0.8 → 16.6元：買進
PB 1.0 → 20.8元：續抱
PB 1.2 → 24.9元：開始停利
PB 1.4 → 29.1元：再賣一批
PB 1.6 → 33.2元：大幅減碼
PB 2.0 → 41.5元：高估值

想法是 PB 1.2開始停利
因為認為已從低估區進入合理偏高區
先落袋一部分，剩下繼續抱

但金融股真的只看PB就可以嗎？
還是應該搭配ROE、EPS？

另外
如果未來金融股也吃到AI紅利
PB有沒有機會一路往1.5～2倍？

想請教大家會怎麼設定金融股的進場、停利點？

--","最近在想金融股的停利方式
想請教大家

以華票為例
94 收盤171PB約082倍每股淨值2076

如果單純看PB
PB 08  166元買進
PB 10  208元續抱
PB 12  249元開始停利
PB 14  291元再賣一批
PB 16  332元大幅減碼
PB 20  415元高估值

想法是 PB 12開始停利
因為認為已從低估區進入合理偏高區
先落袋一部分剩下繼續抱

但金融股真的只看PB就可以嗎
還是應該搭配ROEEPS

另外
如果未來金融股也吃到AI紅利
PB有沒有機會一路往152倍

想請教大家會怎麼設定金融股的進場停利點","['最近', '金融股', '停利', '方式', '大家', '以華票', '為例', '94', '收盤', '171PB', '082', '每股', '淨值', '2076', '如果', '單純', 'PB', 'PB', '08', '166', '元買進', 'PB', '10', '208', '元續', 'PB', '12', '249', '開始', '停利', 'PB', '14', '291', '一批', 'PB', '16', '332', '大幅', '減碼', 'PB', '20', '415', '元高', '估值', '想法', 'PB', '12', '開始', '停利', '因為', '認為', '低估', '區進入', '合理', '偏高區', '先落袋', '一部分', '剩下', '繼續', '金融股', '真的', 'PB', '可以', '還是', '應該', '搭配', 'ROEEPS', '另外', '如果', '未來', '金融股', 'AI', '紅利', 'PB', '機會', '一路', '152', '大家', '怎麼', '設定', '金融股', '進場', '停利點']",Positive,0.995840847492218
M.1788689622.A.01B,[新聞] 提防1997年亞洲金融風暴重現？滙豐報告,leepingyo,2026-09-06 18:13:40,41,https://www.ptt.cc/bbs/Stock/M.1788689622.A.01B.html,"提防1997年亞洲金融風暴重現？滙豐報告示警：市場浮現三大「危險特徵」

 。



 

9/6






1997年爆發的亞洲金融風暴（The 1997 Asian financial crisis），曾引發區域內多個
經濟體，陷入嚴重衰退，市場籠罩於貨幣崩潰、資本外逃與銀行倒閉的陰霾之中。滙豐銀
行（HSBC）亞洲首席經濟學家范力民（Frederick Neumann）在最新發布的報告中警告，
當前亞洲的金融環境，與金融危機前夕呈現出數個極為相似的特徵。

范力民指出，在1997年危機爆發之前，美國公債殖利率飆升、日圓走勢疲軟以及對新科技
的過度樂觀，主導了當時的金融市場環境。而如今看看現在的市場，這三大關鍵指標再次
同時浮現。

風暴前夕三大特徵再次浮現？
首先是美國公債殖利率的急速攀升，回顧1997年危機之前，作為基準的美國10年期公債殖
利率，從1993年10月的5%、一路爬升至1994年11月的8%左右；即便到了1997年4月，殖利
率仍維持在7%上下，相比四年前高出約200個基點。

而在本輪週期中，10年期美債殖利率，從2020年8月的0.5%低點，一路飆升至近期的4.79%
左右。范力民強調，光是今年（2026）以來，該殖利率就從2月的3.9%，大幅跳升約80個
基點。

為減緩市場壓力，美國財政部已宣布，將針對10年至30年期長債，啟動流動性買回操作，
預計將單次買回上限，從20億美元倍調高到至少40億美元。

其次是日圓的走勢變化，將時間回溯到1995年4月，日圓兌美元曾創下80日圓的週期低點
，但到了1997年4月、卻達到130日圓，貶值幅度高達55%。而在近期，日圓兌美元也同樣
從2021年1月約103日圓，一路走貶57%，截至7月還曾一度觸及163關卡。直到美日兩國政
府展開罕見的聯合匯市干預後，才回升至160附近。

第三個雷同點，則是科技熱潮帶來的市場極度樂觀情緒。回顧1997年前夕，網際網路的普
及化，讓市場沉浸於科技狂熱之中；而如今，生成式人工智慧（AI）帶來的投資熱潮，正
扮演著完全相同的角色。

體質根本轉變
不過，雖然給出警告，范力民同時還強調，當前亞洲經濟體與1997年當時，存在不小的差
異。最根本的不同在，1990年代多數亞洲國家屬於「資本進口國」，本身儲蓄不足以支應
投資與支出需求，極度依賴外資挹注。

而遇上美元資金成本上升與日圓走貶，直接引發外資撤離與系統性金融崩潰。

相比之下，如今的亞洲經濟體已轉型為「資本輸出國」，美元借貸成本上升與日圓疲軟，
似乎不再是直接引發金融危機的痛點。

然而，亞洲經濟轉型並不代表就能無痛過關。范力民警告，亞洲目前面臨的核心風險，已
從過去的金融脆弱性，轉變為「需求脆弱性」。目前南韓、日本、台灣與新加坡等國的經
濟成長，高度仰賴與美國AI榮景相關的電子硬體與半導體出口。

一旦美國公債殖利率持續居高不下、資金成本攀升，進而連帶壓抑AI硬體設備的投資力度
，或是日圓劇烈波動干擾全球資產市場，對亞洲科技產品的需求恐將迅速萎縮，進而導致
區域經濟成長動能停滯。



雖然後面有補充解釋
現在的亞洲跟1997大不同
但看來外資金控
還是很相信過去的「關鍵訊號」

就看各位了

--","提防1997年亞洲金融風暴重現滙豐報告示警市場浮現三大危險特徵

 



 

96






1997年爆發的亞洲金融風暴The 1997 Asian financial crisis曾引發區域內多個
經濟體陷入嚴重衰退市場籠罩於貨幣崩潰資本外逃與銀行倒閉的陰霾之中滙豐銀
行HSBC亞洲首席經濟學家范力民Frederick Neumann在最新發布的報告中警告
當前亞洲的金融環境與金融危機前夕呈現出數個極為相似的特徵

范力民指出在1997年危機爆發之前美國公債殖利率飆升日圓走勢疲軟以及對新科技
的過度樂觀主導了當時的金融市場環境而如今看看現在的市場這三大關鍵指標再次
同時浮現

風暴前夕三大特徵再次浮現
首先是美國公債殖利率的急速攀升回顧1997年危機之前作為基準的美國10年期公債殖
利率從1993年10月的5一路爬升至1994年11月的8左右即便到了1997年4月殖利
率仍維持在7上下相比四年前高出約200個基點

而在本輪週期中10年期美債殖利率從2020年8月的05低點一路飆升至近期的479
左右范力民強調光是今年2026以來該殖利率就從2月的39大幅跳升約80個
基點

為減緩市場壓力美國財政部已宣布將針對10年至30年期長債啟動流動性買回操作
預計將單次買回上限從20億美元倍調高到至少40億美元

其次是日圓的走勢變化將時間回溯到1995年4月日圓兌美元曾創下80日圓的週期低點
但到了1997年4月卻達到130日圓貶值幅度高達55而在近期日圓兌美元也同樣
從2021年1月約103日圓一路走貶57截至7月還曾一度觸及163關卡直到美日兩國政
府展開罕見的聯合匯市干預後才回升至160附近

第三個雷同點則是科技熱潮帶來的市場極度樂觀情緒回顧1997年前夕網際網路的普
及化讓市場沉浸於科技狂熱之中而如今生成式人工智慧AI帶來的投資熱潮正
扮演著完全相同的角色

體質根本轉變
不過雖然給出警告范力民同時還強調當前亞洲經濟體與1997年當時存在不小的差
異最根本的不同在1990年代多數亞洲國家屬於資本進口國本身儲蓄不足以支應
投資與支出需求極度依賴外資挹注

而遇上美元資金成本上升與日圓走貶直接引發外資撤離與系統性金融崩潰

相比之下如今的亞洲經濟體已轉型為資本輸出國美元借貸成本上升與日圓疲軟
似乎不再是直接引發金融危機的痛點

然而亞洲經濟轉型並不代表就能無痛過關范力民警告亞洲目前面臨的核心風險已
從過去的金融脆弱性轉變為需求脆弱性目前南韓日本台灣與新加坡等國的經
濟成長高度仰賴與美國AI榮景相關的電子硬體與半導體出口

一旦美國公債殖利率持續居高不下資金成本攀升進而連帶壓抑AI硬體設備的投資力度
或是日圓劇烈波動干擾全球資產市場對亞洲科技產品的需求恐將迅速萎縮進而導致
區域經濟成長動能停滯



雖然後面有補充解釋
現在的亞洲跟1997大不同
但看來外資金控
還是很相信過去的關鍵訊號

就看各位了","['提防', '1997', '年亞洲', '金融', '風暴', '重現', '豐報告', '示警', '市場', '浮現', '三大', '危險', '特徵', '96', '1997', '爆發', '亞洲', '金融', '風暴', 'The', '1997', 'Asian', 'financial', 'crisis', '曾引', '發區域', '內多個', '經濟體', '陷入', '嚴重', '衰退', '市場', '籠罩', '貨幣', '崩潰', '資本', '外逃', '銀行', '倒閉', '陰霾', '之中', '豐銀', 'HSBC', '亞洲', '首席', '經濟', '學家', '范力民', 'Frederick', 'Neumann', '最新', '發布', '報告', '警告', '當前', '亞洲', '金融', '環境', '金融', '危機', '前夕', '現出', '數個', '極為', '相似', '特徵', '范力民', '指出', '1997', '危機', '爆發', '之前', '美國', '公債殖', '利率', '飆升', '日圓', '走勢', '疲軟', '以及', '科技', '過度', '樂觀', '主導', '當時', '金融', '市場', '環境', '如今', '看看', '現在', '市場', '這三大', '關鍵', '指標', '再次', '同時', '浮現', '風暴', '前夕', '三大特徵', '再次', '浮現', '首先', '美國', '公債殖', '利率', '急速', '攀升', '回顧', '1997', '危機', '之前', '作為', '基準', '美國', '10', '年期', '公債殖', '利率', '1993', '10', '一路', '爬升', '1994', '11', '左右', '即便', '1997', '殖利', '仍維持', '上下', '相比', '四年', '高出', '200', '基點', '本輪週', '期中', '10', '年期', '美債殖', '利率', '2020', '05', '低點', '一路', '升至', '近期', '479', '左右', '范力民', '強調', '光是', '今年', '2026', '以來', '該殖', '利率', '39', '大幅', '跳升', '80', '基點', '減緩', '市場', '壓力', '美國', '財政部', '宣布', '將針', '10', '30', '年期', '債啟', '動流動性', '操作', '預計將', '單次', '上限', '20', '美元', '調高到', '至少', '40', '美元', '其次', '日圓', '走勢', '變化將', '時間', '回溯到', '1995', '圓兌', '美元', '創下', '80', '日圓', '週期', '低點', '1997', '130', '日圓', '貶值', '幅度', '高達', '55', '近期', '日圓', '美元', '同樣', '2021', '103', '日圓', '一路', '57', '截至', '月還', '曾一度', '觸及', '163', '關卡', '直到', '美日', '兩國政', '府展', '開罕見', '聯合', '匯市', '預後才', '回升', '160', '附近', '第三', '雷同', '點則', '科技', '熱潮', '帶來', '市場', '極度', '樂觀', '情緒', '回顧', '1997', '前夕', '網際', '網路', '及化', '市場', '沉浸', '科技', '狂熱', '之中', '如今', '生成式', '人工智慧', 'AI', '帶來', '投資', '熱潮', '扮演', '完全相同', '角色', '體質', '根本', '轉變', '不過', '雖然', '給出', '警告', '范力民同', '還強', '調當', '前亞洲', '經濟體', '1997', '當時', '存在', '不小', '根本', '不同', '1990', '年代', '多數', '亞洲', '國家屬', '資本', '進口國', '本身', '儲蓄', '不足以', '支應', '投資', '支出', '需求', '極度', '依賴', '外資', '挹注', '遇上', '美元', '資金', '成本上升', '日圓', '直接', '引發', '外資', '撤離', '統性', '金融', '崩潰', '相比之下', '如今', '亞洲', '經濟體', '轉型', '資本輸', '出國', '美元', '借貸', '成本上升', '圓疲軟', '似乎', '不再', '直接', '引發', '金融', '危機', '痛點', '然而', '亞洲', '經濟', '轉型', '並不', '代表', '無痛', '過關', '范力民', '警告', '亞洲', '目前', '面臨', '核心', '風險', '從過', '金融', '脆弱性', '轉變', '需求', '脆弱性', '目前', '南韓', '日本', '台灣', '新加坡', '國的經', '濟成長', '高度', '仰賴', '美國', 'AI', '榮景', '相關', '電子', '硬體', '半導體', '出口', '一旦', '美國', '公債殖', '利率', '持續', '居高不下', '資金', '成本', '攀升', '進而', '連帶', '壓抑', 'AI', '硬體', '設備', '投資', '力度', '或是', '日圓劇烈', '波動', '干擾', '全球', '資產', '市場', '對亞洲', '科技', '產品', '需求', '恐將', '迅速', '萎縮', '進而導致', '區域', '經濟', '成長', '動能', '停滯', '雖然後面', '補充', '解釋', '現在', '亞洲', '1997', '不同', '看來', '外資金控', '還是', '相信', '過去', '關鍵訊號', '各位']",Positive,0.984098494052887
M.1788687550.A.B2C,[標的] 2344 華邦電 多,ester770815,2026-09-06 17:39:07,95,https://www.ptt.cc/bbs/Stock/M.1788687550.A.B2C.html,"直接付單 華邦電13張 國巨3張

邦邦套在185左右

記憶體的獲利是賺真的

邦邦在今年4~5月間也是盤整後往上衝

這次8~9月也盤整一段時間了

閃迪跟美光已經表態 可能有機會繼續衝

這波邦邦應該有機會挑戰歷史新高

華邦250左右停利

國巨650左右停利

不停損

分析文就懶得說了 反正大家都看很多了

最後一定要補上一句話

南喵哥必將大獲全勝

--","直接付單 華邦電13張 國巨3張

邦邦套在185左右

記憶體的獲利是賺真的

邦邦在今年45月間也是盤整後往上衝

這次89月也盤整一段時間了

閃迪跟美光已經表態 可能有機會繼續衝

這波邦邦應該有機會挑戰歷史新高

華邦250左右停利

國巨650左右停利

不停損

分析文就懶得說了 反正大家都看很多了

最後一定要補上一句話

南喵哥必將大獲全勝","['直接', '付單', '華邦電', '13', '國巨', '185', '左右', '記憶體', '獲利', '真的', '今年', '45', '月間', '整後往', '上衝', '這次', '89', '盤整', '一段', '時間', '閃迪', '美光', '經表態', '可能', '機會', '繼續衝', '這波邦邦', '應該', '機會', '挑戰', '歷史', '新高', '華邦', '250', '左右', '停利', '國巨', '650', '左右', '停利', '不停', '分析', '文就', '懶得', '反正', '大家', '很多', '一定', '補上', '一句', '必將', '大獲', '全勝']",Positive,0.9984190464019775
M.1788679839.A.ABC,Fw: [心得] pixel手錶 (watch os) 簡易看盤方式,wayne30349,2026-09-06 15:30:38,25,https://www.ptt.cc/bbs/Stock/M.1788679839.A.ABC.html,"作者: wayne30349 (怪人) 看板: MobileComm
標題: [心得] pixel (watch os) 簡易看股票
時間: Sun Sep  6 15:15:21 2026

因為換了工作，無法在無塵室用手機

不過公司可以用Pixel watch 、Apple watch ，所以馬上換上並開通了LTE

但是Pixel watch 本身沒有看股票的程式，所以突然想到 Telegram的機器人是免費的

搭配Python 跑在樹梅派上，讓他自動回複、開盤每小時通知

於是開發環境建一建，問一問AI不用1小時程式就寫完了

聊天室可以問目前的股價、每個小時會通知我庫存股的狀況

搭配Pixel watch 5的 手勢功能 ，也不用再觸碰手錶，就可以大概看狀況

以上


效果如下












原始碼在這邊，幾乎程式都是Gemini寫的，如果沒有樹梅派，可以用電腦VS CODE先試試看

我想這應該是最方便的無塵室摸魚方案了


--
今天去醫院，醫生說：你有30年的煙齡，你如果不抽煙，菸的的錢都夠買賓士了。
我一聽就不爽了。
我就反問醫生:「你抽煙嗎」？
                    我又問：那他媽你的賓士呢？
       我說：沒什麼，我問問而已。


--","作者 wayne30349 怪人 看板 MobileComm
標題 心得 pixel watch os 簡易看股票
時間 Sun Sep  6 151521 2026

因為換了工作無法在無塵室用手機

不過公司可以用Pixel watch Apple watch 所以馬上換上並開通了LTE

但是Pixel watch 本身沒有看股票的程式所以突然想到 Telegram的機器人是免費的

搭配Python 跑在樹梅派上讓他自動回複開盤每小時通知

於是開發環境建一建問一問AI不用1小時程式就寫完了

聊天室可以問目前的股價每個小時會通知我庫存股的狀況

搭配Pixel watch 5的 手勢功能 也不用再觸碰手錶就可以大概看狀況

以上


效果如下












原始碼在這邊幾乎程式都是Gemini寫的如果沒有樹梅派可以用電腦VS CODE先試試看

我想這應該是最方便的無塵室摸魚方案了","['作者', 'wayne30349', '怪人', 'MobileComm', '標題', '心得', 'pixel', 'watch', 'os', '簡易', '股票', '時間', 'Sun', 'Sep', '151521', '2026', '因為換', '工作', '無法', '無塵室', '手機', '不過', '公司', '可以', 'Pixel', 'watch', 'Apple', 'watch', '所以', '上換', '並開通', 'LTE', '但是', 'Pixel', 'watch', '本身', '沒有', '股票', '程式', '所以', '突然', '想到', 'Telegram', '機器', '免費', '搭配', 'Python', '梅派', '自動', '開盤', '每小時', '通知', '開發', '環境', '建一建', '問一問', 'AI', '不用', '小時', '程式', '聊天室', '可以', '目前', '股價', '每個', '時會', '通知', '我庫', '存股', '狀況', '搭配', 'Pixel', 'watch', '手勢', '功能', '不用', '再觸', '碰手', '可以', '大概', '看狀況', '以上', '效果', '如下', '原始', '這邊', '幾乎', '程式', 'Gemini', '如果', '沒有', '梅派', '可以', '用電腦', 'VS', 'CODE', '先試試', '我想', '這應', '方便', '無塵室', '摸魚', '方案']",Positive,0.9992037415504456
M.1788663509.A.6CB,Re: [請益] 盤中盯盤 主要是在看什麼,tonyparker18,2026-09-06 10:58:27,37,https://www.ptt.cc/bbs/Stock/M.1788663509.A.6CB.html,"明人不說暗話

老手盤中都在對黑話，

菜雞才在看數字跳動嚇自己。

開盤先看水位有沒有淹上來，

大傢伙往哪擠肉就在哪

五檔門口墊保鑣的大多想烙跑，

頭頂壓死人的反而隨時要開車，

掉進分時黃線水底掙扎的更別去撈，

純粹在抓交替；

做波段的就看生命線有沒有被踹破，

平常沒呼吸的突然心臟狂跳，

不是成仙就是出殯。

但講這麼多切口，

簡單來講，盯盤對你根本沒屁用。

整天看只是被主力假動作騙進去追高殺低，

幫券商衝業績而已。

看不懂暗號又管不住手，

不如無腦買大盤 ETF 刪 APP 去睡覺，

年底績效搞不好還電爆你。

--","明人不說暗話

老手盤中都在對黑話

菜雞才在看數字跳動嚇自己

開盤先看水位有沒有淹上來

大傢伙往哪擠肉就在哪

五檔門口墊保鑣的大多想烙跑

頭頂壓死人的反而隨時要開車

掉進分時黃線水底掙扎的更別去撈

純粹在抓交替

做波段的就看生命線有沒有被踹破

平常沒呼吸的突然心臟狂跳

不是成仙就是出殯

但講這麼多切口

簡單來講盯盤對你根本沒屁用

整天看只是被主力假動作騙進去追高殺低

幫券商衝業績而已

看不懂暗號又管不住手

不如無腦買大盤 ETF 刪 APP 去睡覺

年底績效搞不好還電爆你","['明人', '不說', '暗話', '老手', '盤中', '黑話', '菜雞', '數字', '跳動嚇', '自己', '開盤', '水位', '淹上', '伙往', '五檔', '門口', '保鑣', '大多', '頭頂', '壓死', '反而', '隨時', '開車', '進分', '時黃線', '水底', '掙扎', '更別', '純粹', '抓交替', '波段', '生命', '平常', '呼吸', '突然', '心臟狂', '不是', '成仙', '就是', '出殯', '但講', '這麼', '切口', '簡單', '來講', '根本', '屁用', '整天', '只是', '主力', '假動', '作騙', '進去', '追高', '券商', '衝業績', '而已', '看不懂', '暗號', '管不住', '不如', '無腦', '買大盤', 'ETF', 'APP', '睡覺', '年底', '績效', '搞不好', '還電爆']",Negative,0.9809560179710388
M.1788658265.A.A01,Re: [請益] 盤中盯盤 主要是在看什麼,WESTONE,2026-09-06 09:31:03,6,https://www.ptt.cc/bbs/Stock/M.1788658265.A.A01.html,"小志工來聊聊個人體感經驗。

先吊書袋上點關鍵字：
1alpha報酬
3經濟學：放訊理論
2注意力經濟

本文：
以前資訊不發達的時代，
為了獲取alpha報酬，
盤中盯盤
其實是雖然傷眼但可以口袋滿滿誠意的。

但時代不一樣了，
現在是注意力經濟主流的時代，
你眼球關注的的東西成本是最貴的，
所以免錢的最貴。
當你在盤中盯盤的同時，
你的注意力是被癱瘓在紅紅綠綠的matrixXD
真實世界發生的事情，
大腦會無法直覺天人感應。XD
如果要用學術學理來說，
你獲取有用資訊的放訊成本不合理。

說到這裡整篇個人體感幹話。
還是補點股點，
回顧富堅的獵人精彩橋段，
小傑在西索出手的時候成功出手奪取西索的牌。

所以真的有要盯盤，
1開盤前30分
2中午用餐30分
3收盤30分
分別是幾大玩家族群比較會出手時點，
其他時間我個人覺得雞肋時間，
哥，買賣的不是股票是情緒價值多巴胺呀。XD

--
小志工我走來始終如一，下台一鞠躬。


--","小志工來聊聊個人體感經驗

先吊書袋上點關鍵字
1alpha報酬
3經濟學放訊理論
2注意力經濟

本文
以前資訊不發達的時代
為了獲取alpha報酬
盤中盯盤
其實是雖然傷眼但可以口袋滿滿誠意的

但時代不一樣了
現在是注意力經濟主流的時代
你眼球關注的的東西成本是最貴的
所以免錢的最貴
當你在盤中盯盤的同時
你的注意力是被癱瘓在紅紅綠綠的matrixXD
真實世界發生的事情
大腦會無法直覺天人感應XD
如果要用學術學理來說
你獲取有用資訊的放訊成本不合理

說到這裡整篇個人體感幹話
還是補點股點
回顧富堅的獵人精彩橋段
小傑在西索出手的時候成功出手奪取西索的牌

所以真的有要盯盤
1開盤前30分
2中午用餐30分
3收盤30分
分別是幾大玩家族群比較會出手時點
其他時間我個人覺得雞肋時間
哥買賣的不是股票是情緒價值多巴胺呀XD","['小志', '工來', '聊聊', '人體', '感經驗', '先吊書袋', '上點', '關鍵', '1alpha', '報酬', '經濟', '學放訊', '理論', '注意力', '經濟', '本文', '以前', '資訊', '發達', '時代', '獲取', 'alpha', '報酬', '盤中', '其實', '雖然', '傷眼', '可以', '口袋', '滿滿', '誠意', '時代', '一樣', '現在', '注意力', '經濟', '主流', '時代', '眼球', '關注', '東西', '成本', '最貴', '以免', '最貴', '當你', '同時', '注意力', '癱瘓', '紅紅綠綠', 'matrixXD', '真實', '世界', '發生', '事情', '大腦會', '無法', '直覺', '天人', '感應', 'XD', '如果', '要用', '學術', '學理來', '獲取', '有用', '資訊', '放訊', '成本', '不合理', '這裡', '整篇', '人體', '感幹話', '還是', '補點', '股點', '回顧', '富堅', '獵人', '精彩', '橋段', '小傑', '西索', '出手', '時候', '成功', '出手', '奪取', '西索', '所以', '真的', '有要', '開盤', '30', '中午', '用餐', '30', '收盤', '30', '分別', '幾大', '玩家', '族群', '比較', '出手', '時點', '其他', '時間', '我個', '人覺', '時間', '哥買', '不是', '股票', '情緒', '價值', '多巴胺', 'XD']",Positive,0.9649370908737183
M.1788654894.A.F95,[創作] 捨不得又沒資格 ,autokey,2026-09-06 08:34:50,1,https://www.ptt.cc/bbs/Stock/M.1788654894.A.F95.html,"捨不得又沒資格 (改編:作詞: 任夏)



女：我有時候很懦弱 股東會時不敢說
男：看著那位熟悉的董事長 不知怎麼忍住的沒衝

女：明知畫餅沒結果 我還強求些什麼
男：只能你說如何   股東就如何 再跌再難接受也要忍著

女：想放棄又捨不得 想繼續又沒資格
    難道攤平的人 注定傷的更透徹

男：我要的又不多 你能一直陪著我
    可越想得到的最後都成了過客

女：想放棄又難割捨
男：想攤平又沒錢了

女：我表面很灑脫 心裡別提多難過
合：你能否騙騙我 說你其實有利多
    至少我也能有個理由去躲雨了......


--


--","捨不得又沒資格 改編作詞 任夏



女我有時候很懦弱 股東會時不敢說
男看著那位熟悉的董事長 不知怎麼忍住的沒衝

女明知畫餅沒結果 我還強求些什麼
男只能你說如何   股東就如何 再跌再難接受也要忍著

女想放棄又捨不得 想繼續又沒資格
    難道攤平的人 注定傷的更透徹

男我要的又不多 你能一直陪著我
    可越想得到的最後都成了過客

女想放棄又難割捨
男想攤平又沒錢了

女我表面很灑脫 心裡別提多難過
合你能否騙騙我 說你其實有利多
    至少我也能有個理由去躲雨了","['不得', '沒資格', '改編', '作詞', '任夏', '時候', '懦弱', '股東會', '不敢', '男看', '那位', '熟悉', '董事', '不知', '怎麼', '忍住', '沒衝', '明知', '畫餅', '結果', '還強', '求些', '什麼', '只能', '如何', '股東', '如何', '接受', '忍著', '女想', '放棄', '不得', '想繼續', '沒資格', '難道', '攤平', '注定', '傷的', '透徹', '一直', '陪著', '可越', '想得到', '最後都成', '過客', '女想', '放棄', '難割', '男想', '攤平', '表面', '很灑', '心裡別', '提多', '難過', '能否', '騙騙', '其實', '有利', '至少', '理由', '躲雨']",Positive,0.699010968208313
M.1788652189.A.BF3,[新聞] 聯發科包場六福村水陸雙樂園 近2.5萬名,brbear,2026-09-06 07:49:45,73,https://www.ptt.cc/bbs/Stock/M.1788652189.A.BF3.html,"聯發科包場六福村水陸雙樂園 近2.5萬名員工眷屬齊聚

2026/9/5

聯發科5日舉辦家庭日開幕典禮，副董事長暨執行長蔡力行（右2）、總經理暨營運長陳冠
州（左2）、共同營運長暨財務長顧大為（左1）及資深副總經理暨人資長林秀瑜（右1）
為2026家庭日揭開序幕。（聯發科提供）中央社記者張建中傳真　115年9月5日

（中央社記者張建中新竹5日電）IC設計廠聯發科於9月5日及6日首度包場六福村主題樂園
及水樂園，盛大舉辦2026家庭日，估計將吸引近2.5萬名員工及眷屬參與，共度歡樂的家
庭時光。

聯發科今天舉行家庭日啟動儀式，聯發科副董事長暨執行長蔡力行、總經理暨營運長陳冠
州、共同營運長暨財務長顧大為及資深副總經理暨人資長林秀瑜共同出席，在高達六米的
「發哥」巨型吉祥物氣球前，與員工及眷屬一同為家庭日揭開序幕。

聯發科發布新聞稿指出，現場主管代表在儀式後發送聯發科限定版乖乖，並與員工及家人
開心互動合影。聯發科熱舞社及熱音社員工接力演出，透過舞蹈與音樂展現聯發人在工作
之外的創意與熱情。

此外，公司特別邀請歌手韋禮安、戴愛玲，以及樂團理想混蛋、宇宙人與人氣啦啦隊
Monster輪番登場，陪伴員工及眷屬同樂。聯發科同時攜手中華民國唐氏症基金會推出公
益禮品，展現深耕在地、關懷社會及實踐永續發展的企業精神。

聯發科表示，公司致力於打造兼顧職涯發展與家庭照顧的友善職場環境，於竹科總部設有
自營幼兒園，並與27間特約托育機構合作，協助員工安心育兒；同時提供每胎新台幣1萬
元生育補助，領養家庭亦享有同等支持。

聯發科指出，持續推動彈性上下班制度、家庭照顧假及急難救助機制，滿足不同生命階段
員工的需求，並將員工照護方案延伸至眷屬，除可使用與員工相同的多元健康檢查方案外
，亦可運用公司提供的場地參與眷屬班課程。

聯發科表示，未來將持續優化家庭友善措施，全方位陪伴聯發科員工及其家庭在人生不同
階段穩健前行，共同迎向更美好的未來。（編輯：楊凱翔）1150905





發哥有輝達與 Google 認購 ECB 的題材加持
公司今年獲利底氣超足、現金流滿滿
對六福（2705）而言，企業包場與主題樂園人流回溫則是挹注觀光餐旅營收的契機

--","聯發科包場六福村水陸雙樂園 近25萬名員工眷屬齊聚

202695

聯發科5日舉辦家庭日開幕典禮副董事長暨執行長蔡力行右2總經理暨營運長陳冠
州左2共同營運長暨財務長顧大為左1及資深副總經理暨人資長林秀瑜右1
為2026家庭日揭開序幕聯發科提供中央社記者張建中傳真　115年9月5日

中央社記者張建中新竹5日電IC設計廠聯發科於9月5日及6日首度包場六福村主題樂園
及水樂園盛大舉辦2026家庭日估計將吸引近25萬名員工及眷屬參與共度歡樂的家
庭時光

聯發科今天舉行家庭日啟動儀式聯發科副董事長暨執行長蔡力行總經理暨營運長陳冠
州共同營運長暨財務長顧大為及資深副總經理暨人資長林秀瑜共同出席在高達六米的
發哥巨型吉祥物氣球前與員工及眷屬一同為家庭日揭開序幕

聯發科發布新聞稿指出現場主管代表在儀式後發送聯發科限定版乖乖並與員工及家人
開心互動合影聯發科熱舞社及熱音社員工接力演出透過舞蹈與音樂展現聯發人在工作
之外的創意與熱情

此外公司特別邀請歌手韋禮安戴愛玲以及樂團理想混蛋宇宙人與人氣啦啦隊
Monster輪番登場陪伴員工及眷屬同樂聯發科同時攜手中華民國唐氏症基金會推出公
益禮品展現深耕在地關懷社會及實踐永續發展的企業精神

聯發科表示公司致力於打造兼顧職涯發展與家庭照顧的友善職場環境於竹科總部設有
自營幼兒園並與27間特約托育機構合作協助員工安心育兒同時提供每胎新台幣1萬
元生育補助領養家庭亦享有同等支持

聯發科指出持續推動彈性上下班制度家庭照顧假及急難救助機制滿足不同生命階段
員工的需求並將員工照護方案延伸至眷屬除可使用與員工相同的多元健康檢查方案外
亦可運用公司提供的場地參與眷屬班課程

聯發科表示未來將持續優化家庭友善措施全方位陪伴聯發科員工及其家庭在人生不同
階段穩健前行共同迎向更美好的未來編輯楊凱翔1150905





發哥有輝達與 Google 認購 ECB 的題材加持
公司今年獲利底氣超足現金流滿滿
對六福2705而言企業包場與主題樂園人流回溫則是挹注觀光餐旅營收的契機","['聯發科', '包場', '六福村', '水陸', '雙樂園', '25', '萬名員', '工眷', '屬齊', '202695', '聯發科', '日舉', '家庭', '開幕', '典禮', '董事', '執行長', '力行', '總經理', '營運長', '共同', '營運長', '財務長', '顧大為', '資深', '總經理', '資長', '林秀瑜', '2026', '家庭', '揭開', '序幕', '聯發科', '提供', '中央社', '記者', '建中', '傳真', '115', '中央社', '記者', '建中', '新竹', '日電', 'IC', '設計廠', '聯發科', '日及', '首度', '包場', '六福村', '主題', '樂園', '水樂園', '盛大', '舉辦', '2026', '家庭', '日估', '計將', '吸引', '25', '萬名員', '工及', '眷屬', '共度', '歡樂', '庭時光', '聯發科', '今天', '舉行', '家庭', '啟動', '儀式', '聯發科', '董事', '執行長', '力行', '總經理', '營運長', '共同', '營運長', '財務長', '顧大為', '資深', '總經理', '資長', '林秀瑜', '共同', '出席', '高達', '六米', '發哥', '巨型', '吉祥物', '氣球', '工及', '眷屬', '一同', '家庭', '揭開', '序幕', '聯發科', '發布', '新聞稿', '指出', '現場', '主管', '代表', '儀式', '發送', '聯發科', '限定版', '乖乖', '並與員', '工及', '家人', '開心', '互動', '合影', '聯發科', '熱舞', '社及', '熱音', '社員工', '接力', '演出', '透過', '舞蹈', '音樂展', '現聯', '發人', '工作', '之外', '創意', '熱情', '此外', '公司', '特別', '邀請', '歌手', '韋禮安戴', '愛玲', '以及', '樂團', '理想', '混蛋', '宇宙', '人氣', 'Monster', '輪番', '登場', '陪伴', '工及', '眷屬', '同樂聯', '發科', '同時', '手中', '華民國', '氏症', '基金', '推出', '益禮品', '展現', '深耕', '關懷', '社會', '實踐', '永續', '發展', '企業', '精神', '聯發科', '表示', '公司', '致力', '打造', '兼顧', '職涯', '發展', '家庭', '照顧', '友善', '職場', '環境', '竹科', '總部', '設有', '自營', '幼兒', '園並', '27', '特約', '托育', '機構', '合作', '協助員工', '安心', '育兒', '同時', '提供', '每胎', '台幣', '生育', '補助', '領養', '家庭', '享有', '同等', '支持', '聯發科', '指出', '持續', '推動', '彈性', '上下班', '制度', '家庭', '照顧', '假及', '急難', '救助', '機制', '滿足', '不同', '生命', '階段', '員工', '需求', '並將員工', '照護', '方案', '延伸', '眷屬', '使用', '與員工', '相同', '多元', '健康', '檢查', '方案', '亦可', '運用', '公司', '提供', '場地', '參與眷', '屬班', '課程', '聯發科', '表示', '未來', '將持續', '優化', '家庭', '友善', '措施', '全方位', '陪伴', '聯發', '科員工', '及其', '家庭', '人生', '不同', '階段', '穩健', '前行', '共同', '迎向', '美好', '未來', '編輯', '楊凱翔', '1150905', '發哥', '有輝', 'Google', '認購', 'ECB', '題材', '加持', '公司', '今年', '獲利底', '氣超足', '現金流', '滿滿', '對六福', '2705', '而言', '企業', '包場', '主題', '樂園', '人流', '回溫則', '挹注', '觀光餐', '旅營收', '契機']",Positive,0.9987314343452454
M.1788650776.A.B39,Re: [請益] 盤中盯盤 主要是在看什麼,iversonya,2026-09-06 07:26:14,7,https://www.ptt.cc/bbs/Stock/M.1788650776.A.B39.html,"你玩過運動彩卷嗎？
你知道場中下注嗎？
以棒球為例子，棒球總共有9局
每一局都有客 和 主
三個小時，你可以賭9次
在台灣股票市場裡面
你可以把它切成一個小時為一個單位
觀察節奏，
第一個小時放空
第二個小時做多
這樣的話你就比較不會無聊
順便幫自己的股票加油！
長期投資的話就定期定額就好了！
專心上班即可
根據這50年來的大數據表示
買了不理90%勝過每天當沖的人

-----
Sent from JPTT on my Xiaomi 2602DPT53G.

--","你玩過運動彩卷嗎
你知道場中下注嗎
以棒球為例子棒球總共有9局
每一局都有客 和 主
三個小時你可以賭9次
在台灣股票市場裡面
你可以把它切成一個小時為一個單位
觀察節奏
第一個小時放空
第二個小時做多
這樣的話你就比較不會無聊
順便幫自己的股票加油
長期投資的話就定期定額就好了
專心上班即可
根據這50年來的大數據表示
買了不理90勝過每天當沖的人


Sent from JPTT on my Xiaomi 2602DPT53G","['玩過', '運動', '彩卷', '知道', '場中', '下注', '棒球', '例子', '棒球', '共有', '一局', '有客', '三個', '小時', '可以', '台灣', '股票', '市場', '裡面', '可以', '切成', '一個', '小時', '一個', '單位', '觀察節', '第一', '個小時', '放空', '第二', '個小時', '這樣', '不會', '無聊', '順便', '自己', '股票', '加油', '投資', '定期', '定額', '專心', '上班', '即可', '根據', '50', '大數據', '表示', '不理', '90', '勝過', '每天', 'Sent', 'from', 'JPTT', 'on', 'my', 'Xiaomi', '2602DPT53G']",Positive,0.9967249035835266
M.1788646562.A.C0F,Re: [新聞] 貝森特預測伊朗戰事落幕：油價最低40美,h22349,2026-09-06 06:15:59,0,https://www.ptt.cc/bbs/Stock/M.1788646562.A.C0F.html,"看到這種文章，只能覺得搖頭，什麼美國跟伊朗誰輸誰贏

美國贏了，要怎麼治理伊朗？ 當地人如何信服

劇本真相，是伊朗政權重新來過，重新來過的時候，
原有資產的管理，華爾街與當地新政府共同控股，
如此一來華爾街有了新的定價資產，美國在發售美債的時候，才能有相應的資產定價


這個世界現在是靠消費驅動的，且有一套規律的


消費引擎與債務輸出（階段一）： 美國扮演全球終極消費者，以發行美債創造的信用購
買全球實體資源、人才與商品。

通膨稀釋與危機外溢（階段二）： 債務過度膨脹後，透過大宗商品通膨實質稀釋債務本
金，外圍脆弱國家因承受不住緊縮與通膨而爆發危機與戰爭。

科技重建與資產抵押發債（階段三）： 華爾街聯合跨國資本進場，利用新科技對被摧毀
的資產進行高效重建，這些新資產會強化華爾街的資產負債表，進一步去承接美債。



這次本來真正要被吃的，本應該是中國，但中國為這一次布局了很久，使規律出現了變化
才會看到委內瑞拉、伊朗等陸續被消耗

------------

現況

系統 Bug： 小國資產體量太小（吃不飽），而核心大國（如中國）具備資本管制與實體
產業鏈，堅決抵禦被低價收割。

陸權盟友： 中俄結成「能源/糧食底座 ＋ 工業製造」的實物內循環，以本幣結算破除海
權與金融封鎖。

------------

如先前我說過的算力token定價文(現在nvidia已經聯合金融機構，進行期貨)

立帖為證

接下來會發生的故事

是

中美兩國，會進行妥協，中國適度割一些優良資產出來，但不會只給美國人吃，
另外他要用這些優良資產，進一步要求人民幣的地位與交易協定


為了要達到這種目標，
而為了避免 美國在像以前那樣把俄羅斯等國隨意踢出SWIFT結算系統

各國會開始以區塊鏈作為底層機制、美國會把它的美債陸續跟美元穩定幣綁上關聯
香港這邊會以資產代幣化RWA的方式進行分銷，中國大陸非核心命脈優良資產的利潤


進一步讓資產可以達到24/7 跨國抵押與流轉


--","看到這種文章只能覺得搖頭什麼美國跟伊朗誰輸誰贏

美國贏了要怎麼治理伊朗 當地人如何信服

劇本真相是伊朗政權重新來過重新來過的時候
原有資產的管理華爾街與當地新政府共同控股
如此一來華爾街有了新的定價資產美國在發售美債的時候才能有相應的資產定價


這個世界現在是靠消費驅動的且有一套規律的


消費引擎與債務輸出階段一 美國扮演全球終極消費者以發行美債創造的信用購
買全球實體資源人才與商品

通膨稀釋與危機外溢階段二 債務過度膨脹後透過大宗商品通膨實質稀釋債務本
金外圍脆弱國家因承受不住緊縮與通膨而爆發危機與戰爭

科技重建與資產抵押發債階段三 華爾街聯合跨國資本進場利用新科技對被摧毀
的資產進行高效重建這些新資產會強化華爾街的資產負債表進一步去承接美債



這次本來真正要被吃的本應該是中國但中國為這一次布局了很久使規律出現了變化
才會看到委內瑞拉伊朗等陸續被消耗



現況

系統 Bug 小國資產體量太小吃不飽而核心大國如中國具備資本管制與實體
產業鏈堅決抵禦被低價收割

陸權盟友 中俄結成能源糧食底座  工業製造的實物內循環以本幣結算破除海
權與金融封鎖



如先前我說過的算力token定價文現在nvidia已經聯合金融機構進行期貨

立帖為證

接下來會發生的故事

是

中美兩國會進行妥協中國適度割一些優良資產出來但不會只給美國人吃
另外他要用這些優良資產進一步要求人民幣的地位與交易協定


為了要達到這種目標
而為了避免 美國在像以前那樣把俄羅斯等國隨意踢出SWIFT結算系統

各國會開始以區塊鏈作為底層機制美國會把它的美債陸續跟美元穩定幣綁上關聯
香港這邊會以資產代幣化RWA的方式進行分銷中國大陸非核心命脈優良資產的利潤


進一步讓資產可以達到247 跨國抵押與流轉","['看到', '這種', '文章', '只能', '覺得', '搖頭', '什麼', '美國', '伊朗', '誰贏', '美國贏', '怎麼', '治理', '伊朗', '當地', '如何', '信服', '劇本', '真相', '伊朗', '政權', '重新', '來過', '重新', '來過', '時候', '原有', '資產', '管理', '華爾街', '當地', '新政府', '共同', '控股', '如此', '一來', '華爾街', '定價', '資產美國', '發售', '美債', '時候', '才能', '相應', '資產定價', '這個', '世界', '現在', '消費', '驅動', '一套', '規律', '消費', '引擎', '債務輸', '出階段', '美國', '扮演', '全球', '終極', '消費者', '發行', '美債', '創造', '信用', '全球', '實體', '資源', '人才', '商品', '通膨稀釋', '危機', '外溢', '階段', '債務', '過度', '膨脹', '透過', '大宗', '商品', '通膨實質', '稀釋', '債務本', '金外圍', '脆弱', '國家', '承受不住', '緊縮', '通膨而', '爆發', '危機', '戰爭', '科技', '重建', '資產', '抵押', '發債', '階段', '華爾街', '聯合', '跨國', '資本', '進場', '利用', '科技', '摧毀', '資產', '進行', '高效', '重建', '這些', '資產會', '強化華爾街', '資產負', '債表進', '一步', '承接', '美債', '這次', '本來', '真正', '本應', '中國', '中國', '一次', '布局', '規律', '出現', '變化', '看到', '委內', '瑞拉', '伊朗', '陸續', '消耗', '現況', '系統', 'Bug', '小國', '資產體量', '小吃', '核心', '大國', '中國', '具備', '資本', '管制', '實體', '產業', '堅決', '抵禦', '低價', '收割', '陸權', '盟友', '結成', '能源', '糧食', '底座', '破除', '權與', '金融', '封鎖', '先前', '說過', '算力', 'token', '定價', '文現', 'nvidia', '已經', '聯合', '金融', '機構', '行期', '立帖', '為證', '接下', '來會', '發生', '故事', '中美', '兩國會', '進行', '妥協', '中國', '適度', '一些', '優良', '資產出', '不會', '只給', '美國人', '另外', '這些', '優良', '資產進', '一步', '要求', '人民', '幣的', '地位', '交易', '協定', '這種', '目標', '避免', '美國', '以前', '那樣', '俄羅斯等國', '隨意', 'SWIFT', '結算系統', '各國會', '開始', '以區', '鏈作', '底層', '機制', '美國會', '美債', '陸續', '美元', '穩定幣', '關聯', '香港', '這邊', '資產代幣化', 'RWA', '方式', '進行', '分銷', '中國大陸', '非核心', '命脈', '優良', '資產', '利潤', '一步', '資產', '可以', '達到', '247', '跨國', '抵押', '流轉']",Negative,0.5057684183120728
M.1788637355.A.397,Re: [情報] 3184 微邦為全台第一家取得歐盟MDR醫材認,littledd,2026-09-06 03:42:33,3,https://www.ptt.cc/bbs/Stock/M.1788637355.A.397.html,"恭禧有上車的鄉民

微邦果然真的大漲了

有賺的可以自己獲利下車

另外繼微邦生技 之後

善德生技（4115）我認為可能是下一隻可
能的飆股

善德生技（4115）與微邦生技（3184）均屬於台灣的醫療器材產業，且致力於研發高附加
價值的醫材產品與自有品牌經營，目標同樣是拓展海外市場、追求通路與技術的在地化與
國際化。


看好原因:

1.大股東包括寶島光學這個富爸爸 持有快1萬張 很安心

2.善德生技淨值12塊左右 股價7塊左右
微邦生技淨值10塊左右 股價18左右

很明顯善德生技價值被嚴重低估 所以我稱他為隱藏版的微邦也不為過

這股價真的滿委屈的

一張微邦可以買2張善德生技了

不排除成為第二個微邦

怕微邦買在山頂的真的可以考慮這支

現在還在底部

要被坑殺也很難 安全許多

免責聲明:本內容僅供參考，不構成任何投資建議。投資人應獨立判斷，審慎評估並自負
投資風險






--","恭禧有上車的鄉民

微邦果然真的大漲了

有賺的可以自己獲利下車

另外繼微邦生技 之後

善德生技4115我認為可能是下一隻可
能的飆股

善德生技4115與微邦生技3184均屬於台灣的醫療器材產業且致力於研發高附加
價值的醫材產品與自有品牌經營目標同樣是拓展海外市場追求通路與技術的在地化與
國際化


看好原因

1大股東包括寶島光學這個富爸爸 持有快1萬張 很安心

2善德生技淨值12塊左右 股價7塊左右
微邦生技淨值10塊左右 股價18左右

很明顯善德生技價值被嚴重低估 所以我稱他為隱藏版的微邦也不為過

這股價真的滿委屈的

一張微邦可以買2張善德生技了

不排除成為第二個微邦

怕微邦買在山頂的真的可以考慮這支

現在還在底部

要被坑殺也很難 安全許多

免責聲明本內容僅供參考不構成任何投資建議投資人應獨立判斷審慎評估並自負
投資風險","['恭禧', '上車', '鄉民', '微邦', '果然', '真的', '大漲', '可以', '自己', '獲利', '下車', '另外', '繼微邦', '生技', '善德', '生技', '4115', '認為', '可能', '飆股', '善德', '生技', '4115', '微邦', '生技', '3184', '均屬', '台灣', '醫療', '器材', '產業且', '致力', '研發', '附加', '價值', '醫材產品', '自有', '品牌', '經營', '目標', '同樣', '拓展', '海外', '市場', '追求', '通路', '技術', '地化', '國際化', '看好', '原因', '大股', '包括', '寶島', '光學', '這個富', '爸爸', '持有', '萬張', '安心', '善德生', '技淨值', '12', '左右', '股價', '左右', '微邦生', '技淨值', '10', '左右', '股價', '18', '左右', '很明', '顯善', '德生', '技價值', '嚴重', '低估', '所以', '我稱', '隱藏版', '微邦', '為過', '這股價', '真的', '委屈', '一張', '微邦', '可以', '張善德', '生技', '排除', '成為', '第二', '微邦', '微邦', '山頂', '真的', '可以', '考慮', '這支', '現在', '還在', '底部', '安全', '許多', '免責聲', '明本', '內容', '僅供', '參考', '不構', '任何', '投資', '建議', '投資人應', '獨立', '判斷', '審慎', '評估', '並自負', '投資', '風險']",Positive,0.9769443869590759
M.1788633266.A.451,Re: [新聞] 貝森特預測伊朗戰事落幕：油價最低40美,gn02118620,2026-09-06 02:34:23,19,https://www.ptt.cc/bbs/Stock/M.1788633266.A.451.html,"攀
價
格
國
接
對
最
朗
權
元
富
融
承
。


接下來要怎麼發展？
大概有四套劇本

1.美國開地面部隊去伊朗絞肉，需要人力至少100～200萬部隊，把伊朗神權政府推翻，控
制荷姆茲海峽

2.美國答應伊朗條件，伊朗給美國一個體面，放開荷姆茲海峽，美國撤軍

3.美國不答應伊朗條件，伊朗不給美國體面，荷姆茲海峽不放開，美國撤軍

4.繼續僵持，伊朗跟美國比耐力，一個繼續鎖荷姆茲海峽，一個繼續外海封鎖波斯灣



1的話中俄會笑掉大牙
最主要美國就算派100～200萬部隊也不一定可以打贏伊朗

越戰期間美國前後派了250萬部隊

伊拉克戰爭美國前後派了100萬部隊

阿富汗戰爭美國前後派了80萬部隊

這三者打成消耗戰最後結局對美國都是嚴重消耗，而且以戰略而言全都失敗了

而伊朗資源、人口、國土面積、地形、武力都遠遠超越上面三者

據統計伊拉克加阿富汗戰爭考慮到利息、重建、退伍軍人撫卹、直接花費，共花了5兆多
鎂（考慮到反恐預算增加甚至高達8兆鎂）



美國國債現在有40兆鎂很大一部分是因為伊拉克+阿富汗反恐戰爭影響的

美國現在財政有約1/5收入拿去繳國債利息，已經創美國歷史紀錄，

如果再打一場長期戰爭美國國債成長趨勢勢必突破天際

最主要是打了還不一定能贏，就算能贏也是沒完沒了的爛攤子


2的話其實已經差點發生了

伊朗提出條件，美國答應部分

賠款
解凍伊朗財產
停止制裁
讓伊朗賣油
以色列停戰
部分中東軍隊撤軍

伊朗承諾清除荷姆茲海峽水雷
同時放開荷姆茲通行權
也承諾不發展核武器

雙方連Mou都簽了

但可惜川普政府的無能讓伊朗野心徹底膨脹

就算美國幾乎已經趴在地上求饒，伊朗卻連最後一點體面都不給

6/25伊朗宣佈所有經過荷姆茲海峽的船隻必須通過伊朗規定的航道

到了7月初，伊朗開火攻擊三艘商船

之後美國才開始反擊封鎖波斯灣



所以現在的局面不是美國主動損毀條約，而是由伊朗主導的，這場戰爭目前誰佔上風，誰
佔據主導權，一目瞭然


3.就是美國不接受伊朗條件

自己直接撤軍，伊朗徹底控制荷姆茲海峽，所有經過荷姆茲海峽的船隻都必須由伊朗控制

親美國、以色列國家的船隻都必須繳納高額的通行費，甚至直接拒絕通行

據統計控制此航道每年可以給伊朗帶來400～1000億美元收入

（美國原本答應的3000億投資瞬間不香了，荷姆茲航道通行權可以帶來長久、巨大的收益
以及權力）

而且伊朗還有可能在一年～兩年內成為擁核國家，徹底成為中東區域霸主

所有的遜尼派海灣國家都會集體向伊朗低頭、納貢交保護費

美軍會失去中東的控制權

巴基斯坦、沙烏地阿拉伯、土耳其三者已經組建軍事聯盟，下一步應該是埃及

重點是這個聯盟還邀請伊朗參加

而巴基斯坦也跟科威特簽了防務協議

這代表美國在中東與南亞的影響力大幅衰退，中東部分更是陷入權力真空，海灣國家都在
急著找新老大

美國如果直接撤軍，之後那些美軍基地也會變成非常尷尬的存在

到達有無必要繼續存在


4.就是目前的狀況

雙方繼續耗在這玩消耗戰

美國靠經濟封鎖來逼迫伊朗國內高通膨製造伊朗國內動亂

伊朗靠封鎖荷姆茲海峽來拉高全球油價讓美國川普政府期中失利

照體量伊朗是不可能耗過美國的

然而如果真的這麼簡單一開始美國就不會用熱戰，而是直接封鎖經濟就可以了

美國更是不可能在6月與伊朗簽下如此屈辱的mou



只靠經濟封鎖是無法推翻政權的，當伊朗轉為戰時狀態，這種封鎖要迫使德黑蘭回到談判
桌是非常困難的


另位巴基斯坦公開打臉說不只不會跟伊朗停止貿易、雙方還會繼續擴大貿易額



美國剛剛才說史上最嚴厲經濟制裁，巴基斯坦後面就直接用行動打臉美國

能讓傳統盟友巴基斯坦騎在美國頭上打臉，我也真是服了



4無法永遠持續，1實在太魔幻可以排除，就看之後是回到2還是回到3了

--","攀
價
格
國
接
對
最
朗
權
元
富
融
承



接下來要怎麼發展
大概有四套劇本

1美國開地面部隊去伊朗絞肉需要人力至少100200萬部隊把伊朗神權政府推翻控
制荷姆茲海峽

2美國答應伊朗條件伊朗給美國一個體面放開荷姆茲海峽美國撤軍

3美國不答應伊朗條件伊朗不給美國體面荷姆茲海峽不放開美國撤軍

4繼續僵持伊朗跟美國比耐力一個繼續鎖荷姆茲海峽一個繼續外海封鎖波斯灣



1的話中俄會笑掉大牙
最主要美國就算派100200萬部隊也不一定可以打贏伊朗

越戰期間美國前後派了250萬部隊

伊拉克戰爭美國前後派了100萬部隊

阿富汗戰爭美國前後派了80萬部隊

這三者打成消耗戰最後結局對美國都是嚴重消耗而且以戰略而言全都失敗了

而伊朗資源人口國土面積地形武力都遠遠超越上面三者

據統計伊拉克加阿富汗戰爭考慮到利息重建退伍軍人撫卹直接花費共花了5兆多
鎂考慮到反恐預算增加甚至高達8兆鎂



美國國債現在有40兆鎂很大一部分是因為伊拉克阿富汗反恐戰爭影響的

美國現在財政有約15收入拿去繳國債利息已經創美國歷史紀錄

如果再打一場長期戰爭美國國債成長趨勢勢必突破天際

最主要是打了還不一定能贏就算能贏也是沒完沒了的爛攤子


2的話其實已經差點發生了

伊朗提出條件美國答應部分

賠款
解凍伊朗財產
停止制裁
讓伊朗賣油
以色列停戰
部分中東軍隊撤軍

伊朗承諾清除荷姆茲海峽水雷
同時放開荷姆茲通行權
也承諾不發展核武器

雙方連Mou都簽了

但可惜川普政府的無能讓伊朗野心徹底膨脹

就算美國幾乎已經趴在地上求饒伊朗卻連最後一點體面都不給

625伊朗宣佈所有經過荷姆茲海峽的船隻必須通過伊朗規定的航道

到了7月初伊朗開火攻擊三艘商船

之後美國才開始反擊封鎖波斯灣



所以現在的局面不是美國主動損毀條約而是由伊朗主導的這場戰爭目前誰佔上風誰
佔據主導權一目瞭然


3就是美國不接受伊朗條件

自己直接撤軍伊朗徹底控制荷姆茲海峽所有經過荷姆茲海峽的船隻都必須由伊朗控制

親美國以色列國家的船隻都必須繳納高額的通行費甚至直接拒絕通行

據統計控制此航道每年可以給伊朗帶來4001000億美元收入

美國原本答應的3000億投資瞬間不香了荷姆茲航道通行權可以帶來長久巨大的收益
以及權力

而且伊朗還有可能在一年兩年內成為擁核國家徹底成為中東區域霸主

所有的遜尼派海灣國家都會集體向伊朗低頭納貢交保護費

美軍會失去中東的控制權

巴基斯坦沙烏地阿拉伯土耳其三者已經組建軍事聯盟下一步應該是埃及

重點是這個聯盟還邀請伊朗參加

而巴基斯坦也跟科威特簽了防務協議

這代表美國在中東與南亞的影響力大幅衰退中東部分更是陷入權力真空海灣國家都在
急著找新老大

美國如果直接撤軍之後那些美軍基地也會變成非常尷尬的存在

到達有無必要繼續存在


4就是目前的狀況

雙方繼續耗在這玩消耗戰

美國靠經濟封鎖來逼迫伊朗國內高通膨製造伊朗國內動亂

伊朗靠封鎖荷姆茲海峽來拉高全球油價讓美國川普政府期中失利

照體量伊朗是不可能耗過美國的

然而如果真的這麼簡單一開始美國就不會用熱戰而是直接封鎖經濟就可以了

美國更是不可能在6月與伊朗簽下如此屈辱的mou



只靠經濟封鎖是無法推翻政權的當伊朗轉為戰時狀態這種封鎖要迫使德黑蘭回到談判
桌是非常困難的


另位巴基斯坦公開打臉說不只不會跟伊朗停止貿易雙方還會繼續擴大貿易額



美國剛剛才說史上最嚴厲經濟制裁巴基斯坦後面就直接用行動打臉美國

能讓傳統盟友巴基斯坦騎在美國頭上打臉我也真是服了



4無法永遠持續1實在太魔幻可以排除就看之後是回到2還是回到3了","['接下', '來要', '怎麼', '發展', '大概', '四套', '劇本', '美國開', '地面', '部隊', '伊朗', '絞肉', '需要', '人力', '至少', '100200', '萬部隊', '伊朗', '神權', '政府', '推翻', '制荷姆茲海峽', '美國', '答應', '伊朗', '條件', '伊朗', '給美國', '一個', '體面', '放開', '荷姆茲海峽', '美國', '美國', '不答', '伊朗', '條件', '伊朗', '不給', '美國', '體面', '荷姆茲海峽', '不放開', '美國', '繼續', '僵持', '伊朗', '美國', '耐力', '一個', '繼續鎖', '荷姆茲海峽', '一個', '繼續', '外海', '封鎖', '波斯', '俄會', '笑掉大牙', '主要', '美國', '就算', '100200', '萬部隊', '一定', '可以', '打贏', '伊朗', '越戰', '期間', '美國', '前後派', '250', '萬部隊', '伊拉克', '戰爭', '美國', '前後派', '100', '萬部隊', '阿富汗', '戰爭', '美國', '前後派', '80', '萬部隊', '三者', '打成', '消耗', '最後結局', '美國', '嚴重', '消耗', '而且', '以戰略', '而言', '全都', '失敗', '伊朗', '資源', '人口', '國土', '面積', '地形', '武力', '遠遠', '超越', '上面', '三者', '統計', '伊拉克', '阿富汗', '戰爭', '考慮', '利息', '重建', '退伍', '軍人撫', '直接', '花費共花', '考慮', '反恐', '預算', '增加', '甚至', '高達', '美國國', '債現', '40', '很大', '一部分', '因為', '伊拉克', '阿富汗', '反恐', '戰爭', '影響', '美國現', '財政有', '15', '收入', '繳國債', '利息', '已經', '創美國', '歷史', '紀錄', '如果', '一場', '期戰爭', '美國國債', '成長', '趨勢', '勢必', '突破', '天際', '主要', '還不', '一定', '能贏', '就算', '能贏', '爛攤子', '其實', '已經', '差點', '發生', '伊朗', '提出', '條件', '美國', '答應', '部分', '賠款', '解凍', '伊朗', '財產', '停止', '制裁', '伊朗', '賣油', '以色列', '停戰', '部分', '中東', '軍隊', '伊朗', '承諾', '清除', '荷姆茲海峽', '水雷', '同時', '放開', '荷姆茲', '通行', '承諾', '發展', '核武器', '雙方連', 'Mou', '簽了', '可惜', '川普', '政府', '無能', '伊朗', '野心', '徹底', '膨脹', '就算', '美國', '幾乎', '已經', '趴在', '地上', '求饒', '伊朗', '卻連', '最後一點', '體面', '不給', '625', '伊朗', '所有', '經過', '荷姆茲海峽', '必須', '通過', '伊朗', '規定', '航道', '月初', '伊朗', '火攻', '三艘', '商船', '之後美國', '開始', '反擊', '封鎖', '波斯', '所以', '現在', '局面', '不是', '美國主動', '損毀', '條約', '而是', '伊朗', '主導', '這場', '戰爭', '目前', '佔據', '主導權', '一目', '瞭然', '就是', '美國', '接受', '伊朗', '條件', '自己', '直接', '伊朗', '徹底', '控制', '荷姆茲海峽', '所有', '經過', '荷姆茲海峽', '必須', '伊朗', '控制', '親美國', '以色列', '國家', '必須', '繳納', '高額', '通行', '甚至', '直接', '拒絕', '通行', '統計', '控制', '航道', '每年', '可以', '伊朗', '帶來', '4001000', '美元', '收入', '美國', '原本', '答應', '3000', '億投資', '瞬間', '不香', '荷姆茲', '航道', '通行', '可以', '帶來', '巨大', '收益', '以及', '權力', '而且', '伊朗', '還有', '可能', '一年', '兩年', '內成', '核國家', '徹底', '成為', '東區域', '霸主', '所有', '遜尼派', '海灣國家', '集體', '伊朗', '低頭', '納貢', '交保', '護費', '美軍會', '失去', '中東', '控制', '巴基斯坦', '沙烏地', '阿拉伯', '土耳其', '三者', '已經', '組建軍事', '聯盟', '一步', '應該', '埃及', '重點', '這個', '聯盟', '還邀', '伊朗', '參加', '巴基斯坦', '科威特', '簽了', '防務協議', '代表', '美國', '中東', '南亞', '影響力', '大幅', '衰退', '中東', '部分', '更是', '陷入', '權力', '真空', '海灣國家', '急著', '老大', '美國', '如果', '直接', '撤軍之', '那些', '基地', '變成', '非常', '尷尬', '存在', '必要', '繼續', '存在', '就是', '目前', '狀況', '雙方', '繼續', '這玩', '消耗', '美國靠', '經濟', '封鎖來', '逼迫', '伊朗', '國內', '高通', '伊朗', '國內動', '伊朗', '封鎖', '荷姆茲海峽', '拉高', '全球', '油價', '美國川普', '政府', '期中', '失利', '照體量', '伊朗', '不可', '能耗', '過美國', '然而', '如果', '真的', '這麼', '簡單', '一開始', '美國', '不會用', '熱戰', '而是', '直接', '封鎖', '經濟', '可以', '美國', '更是', '可能', '伊朗', '簽下', '如此', '屈辱', 'mou', '只靠', '經濟', '封鎖', '無法', '推翻', '政權', '的當', '伊朗', '轉為', '戰時', '狀態', '這種', '封鎖', '迫使', '德黑蘭', '回到', '談判', '桌是', '非常', '困難', '另位', '巴基斯坦', '公開', '打臉', '不會', '伊朗', '停止', '貿易', '雙方', '還會', '繼續', '擴大貿易額', '美國', '剛剛', '說史', '嚴厲', '經濟', '制裁', '巴基斯坦', '直接', '用行動', '臉美國', '傳統', '盟友', '巴基斯坦', '美國頭', '真是', '無法永遠', '持續', '實在', '魔幻', '可以', '排除', '之後是', '回到', '還是', '回到']",Positive,0.8114213943481445
M.1788631728.A.7C6,Re: [請益] 央行升息預期升溫與傳統產業基本面,rainbowcatch,2026-09-06 02:08:46,4,https://www.ptt.cc/bbs/Stock/M.1788631728.A.7C6.html,"台灣不管是股市走勢只會跟風美國，比如夜盤參考美股開盤。

所以台灣會不會升息重點在觀察美國會不會升息。現在美國首要解決是龐大債務，美國習慣
以債養債
，養債有兩個重點 a.有錢付利息（工作賺錢)  b.有人借你錢(買債)。

但是通膨(升息) 跟 還債 本身就是矛盾，
現在他們的玩法是故意讓通膨率維持在中高檔，稀釋既有債務負擔。
解釋如下
 對美國財政部（債務人）有利：
 通膨稅效應：政府過去發行的固定利率舊債，其本金與利息金額已被鎖定。通膨會推升名
目 GDP 與稅收，使政府得以用「縮水、貶值的美元」償還舊債，實質降低債務占 GDP 的比
重。
 對美債投資人（債權人）不利：
 價格重挫與殖利率走高：若通膨長期定錨在 3%，聯準會無法降息甚至可能需維持高利率（
Higher for Longer），推升新發行公債殖利率，導致投資人手上的既有美債面臨資本利得
虧損（債價下跌）。
 侵蝕實質報酬與購買力：固定票息收益會被更高的通膨吃掉，投資人實質可支配的購買力
隨之縮水。

截至 2026 年最新公布的數據（2026 年 7 月份），美國主要通膨指標表現如下：
 消費者物價指數（CPI）年增率：3.4%（較前月的 3.5% 略微降溫）。
 核心 CPI 年增率（排除食品與能源）：2.5%。

以上不用看,
重點在美國就業率有沒有嚴重下滑，消費者物價指數（CPI）不能大於3.75%，核心CPI不能
大於3%,  及美金可被信任(各國持續買美債）。

理論派一定會跟你說通膨要降到2%這種鬼話, 年底前升息機率極低啦。  台股五萬點get.








--","台灣不管是股市走勢只會跟風美國比如夜盤參考美股開盤

所以台灣會不會升息重點在觀察美國會不會升息現在美國首要解決是龐大債務美國習慣
以債養債
養債有兩個重點 a有錢付利息工作賺錢  b有人借你錢買債

但是通膨升息 跟 還債 本身就是矛盾
現在他們的玩法是故意讓通膨率維持在中高檔稀釋既有債務負擔
解釋如下
 對美國財政部債務人有利
 通膨稅效應政府過去發行的固定利率舊債其本金與利息金額已被鎖定通膨會推升名
目 GDP 與稅收使政府得以用縮水貶值的美元償還舊債實質降低債務占 GDP 的比
重
 對美債投資人債權人不利
 價格重挫與殖利率走高若通膨長期定錨在 3聯準會無法降息甚至可能需維持高利率
Higher for Longer推升新發行公債殖利率導致投資人手上的既有美債面臨資本利得
虧損債價下跌
 侵蝕實質報酬與購買力固定票息收益會被更高的通膨吃掉投資人實質可支配的購買力
隨之縮水

截至 2026 年最新公布的數據2026 年 7 月份美國主要通膨指標表現如下
 消費者物價指數CPI年增率34較前月的 35 略微降溫
 核心 CPI 年增率排除食品與能源25

以上不用看
重點在美國就業率有沒有嚴重下滑消費者物價指數CPI不能大於375核心CPI不能
大於3  及美金可被信任各國持續買美債

理論派一定會跟你說通膨要降到2這種鬼話 年底前升息機率極低啦  台股五萬點get","['台灣', '不管', '股市', '走勢', '只會', '風美國', '比如', '夜盤', '參考', '美股', '開盤', '所以', '台灣會', '不會', '升息', '重點', '觀察美國會', '不會', '升息', '現在', '美國', '首要', '解決', '龐大', '債務美國', '習慣', '以債', '養債', '養債', '兩個', '重點', '錢付', '利息', '工作', '有人', '買債', '但是', '升息', '還債', '本身', '就是', '矛盾', '現在', '他們', '玩法', '故意', '通膨率', '維持', '高檔', '稀釋', '既有', '債務', '負擔', '解釋', '如下', '對美國', '財政部', '債務人', '有利', '通膨稅', '效應', '政府', '過去', '發行', '固定', '利率', '舊債', '本金', '利息', '金額', '鎖定', '通膨會', '推升', 'GDP', '稅收', '政府', '得以', '縮水', '貶值', '美元', '還舊', '債實質', '降低', '債務', 'GDP', '對美債', '投資人', '債權', '不利', '價格', '重挫', '與殖', '利率', '走高', '通膨長', '期定', '聯準', '無法', '降息', '甚至', '可能', '需維持', '高利率', 'Higher', 'for', 'Longer', '推升', '發行', '公債殖', '利率', '導致', '投資人', '手上', '既有', '美債面', '臨資', '本利', '虧損', '債價', '下跌', '侵蝕', '實質', '報酬', '購買力', '固定', '票息', '收益', '吃掉', '投資人', '實質', '支配', '購買力', '隨之縮', '截至', '2026', '最新', '公布', '數據', '2026', '月份', '美國', '主要', '通膨指', '標表現', '如下', '消費者', '物價', '指數', 'CPI', '年增率', '34', '較前', '35', '略微', '降溫', '核心', 'CPI', '年增率', '排除', '食品', '能源', '25', '以上', '不用', '重點', '美國', '業率', '嚴重', '下滑', '消費者', '物價', '指數', 'CPI', '不能', '375', '核心', 'CPI', '不能', '美金', '信任', '各國', '持續', '美債', '理論', '一定', '通膨要', '降到', '這種', '年底', '升息', '機率', '極低', '台股', '五萬點', 'get']",Positive,0.9501118659973145
M.1788624436.A.329,[新聞] 美國印鈔機2》台塑西進陷泥淖 東進美國逆,Su22,2026-09-06 00:07:13,0,https://www.ptt.cc/bbs/Stock/M.1788624436.A.329.html,"美國印鈔機2》台塑西進陷泥淖 東進美國逆轉勝



2026/09/05 06:35

高嘉和



川普2.0台股中「美國概念股」誰入列？根據上市公司最新半年報，不管是加碼、累積投
資與認列獲利金額，台積電奪下三冠王；較特別的是，近幾年來深陷中國投資泥淖的台塑
，2025年上半年美國事業還認虧6億元（新台幣），到今年上半年逆轉為認列獲利16.1億
元，成為美概股前10大贏家之一。

台積加碼最多 緯創東進最積極

以今年上半年止轉投資美國子公司期末投資餘額來看，赴美投資前10大上市公司依序為台
積電約7598.9億元、緯穎約946.7億元、大成鋼約291.3億元、國巨*約229.7億元、台塑約
177.4億元、中信金約176.2億元、泰福-KY約170.8億元、緯創約161.8億元、中鼎約158.4
億元及保瑞約133.2億元。

美概股前10大聚焦於四大群聚，包括半導體與供應鏈工程、AI伺服器與電子代工、生技醫
藥跨國布局，還有傳產與金融業。

若以川普2.0（2024年底至今年上半年止）來看，1年半來台股公司加碼美國投資4大咖依
序為台積電約1937.7億元、緯穎約494.3億元、緯創約102.5億元及中鼎約99.8億元；其中
緯創集團最積極，緯穎與緯創期末投資金額都翻倍。

若以母公司實際認列、排除重複計算，。



其次是；半導體設備股
的，當然是受惠於台積
電大筆工程進度完工認列；特別的是，主因是
美國石化利差築底反彈，讓台塑成為美概股的逆轉勝個股。


台灣企業積極投資美國
看起來獲利也不錯
台塑,漢唐,甚至當初不被看好的台積電美國廠都獲利了
(當初版上還很多人恐慌,覺得台積電獲利會被拖累,現在看來是被打臉惹)
這些廠商的獲利大增,也表現在今年台股股價上
讓大家的半年報/年報 更亮眼

--

--","美國印鈔機2台塑西進陷泥淖 東進美國逆轉勝



20260905 0635

高嘉和



川普20台股中美國概念股誰入列根據上市公司最新半年報不管是加碼累積投
資與認列獲利金額台積電奪下三冠王較特別的是近幾年來深陷中國投資泥淖的台塑
2025年上半年美國事業還認虧6億元新台幣到今年上半年逆轉為認列獲利161億
元成為美概股前10大贏家之一

台積加碼最多 緯創東進最積極

以今年上半年止轉投資美國子公司期末投資餘額來看赴美投資前10大上市公司依序為台
積電約75989億元緯穎約9467億元大成鋼約2913億元國巨約2297億元台塑約
1774億元中信金約1762億元泰福KY約1708億元緯創約1618億元中鼎約1584
億元及保瑞約1332億元

美概股前10大聚焦於四大群聚包括半導體與供應鏈工程AI伺服器與電子代工生技醫
藥跨國布局還有傳產與金融業

若以川普202024年底至今年上半年止來看1年半來台股公司加碼美國投資4大咖依
序為台積電約19377億元緯穎約4943億元緯創約1025億元及中鼎約998億元其中
緯創集團最積極緯穎與緯創期末投資金額都翻倍

若以母公司實際認列排除重複計算



其次是半導體設備股
的當然是受惠於台積
電大筆工程進度完工認列特別的是主因是
美國石化利差築底反彈讓台塑成為美概股的逆轉勝個股


台灣企業積極投資美國
看起來獲利也不錯
台塑漢唐甚至當初不被看好的台積電美國廠都獲利了
當初版上還很多人恐慌覺得台積電獲利會被拖累現在看來是被打臉惹
這些廠商的獲利大增也表現在今年台股股價上
讓大家的半年報年報 更亮眼","['美國', '印鈔機', '台塑', '西進陷', '泥淖', '東進', '美國', '轉勝', '20260905', '0635', '高嘉', '川普', '20', '台股', '中美國', '概念股', '入列', '根據', '上市公司', '最新', '半年', '不管', '加碼', '累積', '資與', '認列', '利金', '台積電', '奪下', '冠王', '特別', '幾年', '深陷', '中國', '投資', '泥淖', '台塑', '2025', '上半年', '美國', '事業', '還認', '億元', '台幣', '今年', '上半年', '轉為', '認列', '獲利', '161', '元成', '美概', '股前', '10', '贏家', '之一', '台積', '加碼', '最多', '創東進', '最積極', '今年', '上半年', '止轉', '投資', '美國', '子公司', '期末', '投資餘額', '赴美', '投資前', '10', '上市公司', '依序', '積電約', '75989', '億元緯穎約', '9467', '億元', '大成', '鋼約', '2913', '億元國', '巨約', '2297', '億元', '台塑', '1774', '億元', '中信', '金約', '1762', '億元', '泰福', 'KY', '1708', '億元緯', '創約', '1618', '億元', '中鼎約', '1584', '億元及', '保瑞約', '1332', '億元', '美概', '股前', '10', '聚焦', '四大', '群聚', '包括', '半導體', '應鏈', '工程', 'AI', '伺服器', '電子', '代工', '生技醫', '藥跨國', '布局', '還有', '傳產', '金融', '以川普', '202024', '年底', '至今', '上半年', '止來', '年半來', '台股', '公司', '加碼', '美國', '投資', '咖依', '序為', '台積電', '19377', '億元緯穎約', '4943', '億元緯', '創約', '1025', '億元及', '中鼎約', '998', '億元', '其中', '創集團', '最積', '極緯穎', '緯創', '期末', '投資金額', '翻倍', '母公司', '實際', '認列', '排除', '計算', '其次', '半導體', '設備', '當然', '受惠', '台積', '電大筆', '工程', '進度', '完工', '列特', '主因', '美國', '石化', '利差', '築底', '反彈', '台塑', '成為', '美概', '轉勝個', '台灣', '企業', '積極', '投資', '美國', '看起', '獲利', '不錯', '台塑', '漢唐', '甚至', '當初', '看好', '台積電', '美國廠', '獲利', '初版', '上還', '很多', '恐慌', '覺得', '台積電', '獲利會', '拖累', '現在', '看來', '這些', '廠商', '獲利', '大增', '表現', '今年', '台股', '股價', '大家', '半年', '報年', '亮眼']",Positive,0.9936943650245667
M.1788623204.A.FA2,Re: [請益] 盤中盯盤 主要是在看什麼,Gringoire,2026-09-05 23:46:42,16,https://www.ptt.cc/bbs/Stock/M.1788623204.A.FA2.html,"我最近也有在思考這個問題
沒有隨時盯盤是不是代表自己還不夠努力(?)
先聲明
我比較偏動能交易+技術分析
主要的投資時間尺度是用日K線尋找突破盤整的型態
持股時間通常介於3~10天
所以我在盤中做的事情可能會跟做當沖的大大們差很多
僅供參考

我的作息：
08:20起床，準備看期貨、現股試搓
08:30如果有超想買的股票就拼掛單手速
08:30~09:00邊聽財經直播台，邊刷牙洗臉弄早餐
09:00坐到電腦前，打開XQ、富途牛牛（看國際盤）
09:00~13:30這段時間主要做這幾件事情
1.確認手上的持股有沒有要調整停損/停利點位
2.用價量關係、技術指標篩選今天值得考慮買入的股票
3.為了避免吃到假突破，盡量到中午過後才正式掛單，如果發現名單內有的股票已經漲太
多、盈虧比變得沒這麼吸引人的話就放棄不買了，祝福它隔天跌停

我原本也覺得應該要從開盤到收盤每30~60分鐘掃視一次股票這樣才對
但後來有幾次不小心睡太晚了
接近收盤才趕快爬起來關心股市
我發現績效好像也沒有因此明顯變差
看到那些開高走低的股票還會有點暗自竊喜
畢竟我6月曾經剛開盤就衝進去買被動元件
結果單日就虧超過10%…

不用逼自己隨時都在盯股價跳動
留時間來看看新聞、閱讀文章書籍也是很重要的
盯得越勤就有機會抓住一些關鍵事件的轉折
這是肯定的
但目睹大場面的發生也不保證自己有能力押到正確的方向
想清楚自己適合用什麼方法從市場賺錢就可以了
像我在美國公布就業數據的台灣晚上20:30也會當沖台指期
但平時日盤就不會沖
因為發現我的勝率很低QQ

--
用XQ或其他軟體的篩選器可以幫我做初步的技術型態篩檢，剩下的工就是人為主觀判斷這
幾支誰的上漲潛力比較大，這時候還是會參考基本面、產業輪動，我也好想更自動化一點
XD
如果沒跌破箱型、MA5的話就會一直抱著，像最近的金融股我持有快一個月了
有呀，越接近08:30:00的單優先成交
先聽皓哥然後掛著東森財經直播，看看今天有什麼有趣的話題，當綜藝台來看","我最近也有在思考這個問題
沒有隨時盯盤是不是代表自己還不夠努力
先聲明
我比較偏動能交易技術分析
主要的投資時間尺度是用日K線尋找突破盤整的型態
持股時間通常介於310天
所以我在盤中做的事情可能會跟做當沖的大大們差很多
僅供參考

我的作息
0820起床準備看期貨現股試搓
0830如果有超想買的股票就拼掛單手速
08300900邊聽財經直播台邊刷牙洗臉弄早餐
0900坐到電腦前打開XQ富途牛牛看國際盤
09001330這段時間主要做這幾件事情
1確認手上的持股有沒有要調整停損停利點位
2用價量關係技術指標篩選今天值得考慮買入的股票
3為了避免吃到假突破盡量到中午過後才正式掛單如果發現名單內有的股票已經漲太
多盈虧比變得沒這麼吸引人的話就放棄不買了祝福它隔天跌停

我原本也覺得應該要從開盤到收盤每3060分鐘掃視一次股票這樣才對
但後來有幾次不小心睡太晚了
接近收盤才趕快爬起來關心股市
我發現績效好像也沒有因此明顯變差
看到那些開高走低的股票還會有點暗自竊喜
畢竟我6月曾經剛開盤就衝進去買被動元件
結果單日就虧超過10

不用逼自己隨時都在盯股價跳動
留時間來看看新聞閱讀文章書籍也是很重要的
盯得越勤就有機會抓住一些關鍵事件的轉折
這是肯定的
但目睹大場面的發生也不保證自己有能力押到正確的方向
想清楚自己適合用什麼方法從市場賺錢就可以了
像我在美國公布就業數據的台灣晚上2030也會當沖台指期
但平時日盤就不會沖
因為發現我的勝率很低QQ","['最近', '思考', '這個', '問題', '沒有', '隨時', '是不是', '代表', '自己', '還不夠', '努力', '先聲明', '偏動能', '交易', '技術', '分析', '主要', '投資', '時間', '尺度', '尋找', '突破', '盤整', '型態', '持股', '時間', '通常', '310', '所以', '事情', '可能', '做當', '大大', '很多', '僅供', '參考', '作息', '0820', '起床', '準備', '看期', '貨現', '股試', '0830', '如果', '超想', '股票', '拼掛', '單手速', '08300900', '邊聽', '財經', '直播', '台邊', '刷牙', '洗臉', '早餐', '0900', '坐到', '電腦', '打開', 'XQ', '富途', '牛牛', '看國際盤', '09001330', '這段', '時間', '主要', '這幾件', '事情', '確認', '手上', '持股', '調整', '停損', '停利點位', '價量關', '技術', '指標', '篩選', '今天', '值得', '考慮', '買入', '股票', '避免', '突破', '盡量', '中午', '過後才', '正式', '掛單', '如果', '發現', '單內', '股票', '已經漲', '多盈虧', '比變', '這麼', '吸引', '放棄', '祝福', '隔天', '跌停', '原本', '覺得', '應該', '開盤', '收盤', '3060', '分鐘', '掃視', '一次', '股票', '這樣', '但後來', '幾次', '小心', '太晚', '接近', '收盤', '快爬', '起來', '關心', '股市', '發現', '績效', '好像', '因此', '明顯', '變差', '看到', '那些', '開高', '走低', '股票', '還會', '有點', '暗自', '竊喜', '畢竟', '經剛', '開盤', '衝進', '被動', '元件', '結果', '單日', '超過', '10', '不用', '自己', '隨時', '股價', '跳動', '留時間', '看看', '新聞', '閱讀', '文章', '書籍', '重要', '越勤', '機會', '抓住', '一些', '關鍵', '事件', '轉折', '這是', '肯定', '目睹', '大場面', '發生', '保證', '自己', '能力', '押到', '正確', '方向', '清楚', '自己', '合用', '什麼', '方法', '市場', '可以', '美國', '公布', '就業', '數據', '台灣', '晚上', '2030', '會當', '指期', '平時', '日盤', '不會', '因為', '發現', '勝率', 'QQ']",Positive,0.9753281474113464
M.1788621625.A.05A,Re: [請益] 盤中盯盤 主要是在看什麼,a000000000,2026-09-05 23:20:23,34,https://www.ptt.cc/bbs/Stock/M.1788621625.A.05A.html,":

99.9%以上的時間4看爽der
反正也就電腦開者
同時幹嘛影響不太大


真正重點是那以外的0.1%


尼可以設想一種情況
某某個股or大盤啥的
盤中出現大消息
可能30分鐘內快速拉惹10% 20%

尼前幾分鐘看到他突然衝惹幾趴
馬上查消息
因為很熟所以放膽衝進場
之後就穩惹

後面幾葛月可能就拉葛兩三倍


如果尼等到收盤以後看新聞
因為先噴惹十趴二十趴
要不要進場有點三心二意
結果整組兩三倍的波段
在扭扭捏捏緩步加碼中就只賺惹一點


在一般人會熟悉的個股&大盤
這種事一輩子總是會遇到葛幾次der
抓到一次
起碼影響尼一生資產總量的一兩成
值不值得看人


當然看久惹
還是會有一些難以言傳的體會
這就不知道怎摸說惹














































--","999以上的時間4看爽der
反正也就電腦開者
同時幹嘛影響不太大


真正重點是那以外的01


尼可以設想一種情況
某某個股or大盤啥的
盤中出現大消息
可能30分鐘內快速拉惹10 20

尼前幾分鐘看到他突然衝惹幾趴
馬上查消息
因為很熟所以放膽衝進場
之後就穩惹

後面幾葛月可能就拉葛兩三倍


如果尼等到收盤以後看新聞
因為先噴惹十趴二十趴
要不要進場有點三心二意
結果整組兩三倍的波段
在扭扭捏捏緩步加碼中就只賺惹一點


在一般人會熟悉的個股大盤
這種事一輩子總是會遇到葛幾次der
抓到一次
起碼影響尼一生資產總量的一兩成
值不值得看人


當然看久惹
還是會有一些難以言傳的體會
這就不知道怎摸說惹","['999', '以上', '時間', '看爽', 'der', '反正', '電腦', '開者', '同時', '影響', '不太大', '真正', '重點', '以外', '01', '可以', '設想', '一種', '情況', '某某', 'or', '大盤', '盤中', '出現', '消息', '可能', '30', '分鐘', '快速', '10', '20', '尼前', '幾分鐘', '看到', '突然', '衝惹', '上查', '消息', '因為', '所以', '放膽衝', '進場', '幾葛月', '可能', '就拉葛', '三倍', '如果', '等到', '收盤', '以後看', '新聞', '因為', '先噴', '二十', '不要', '進場', '有點', '三心二意', '結果', '整組', '三倍', '波段', '扭扭捏捏', '緩步', '加碼', '一點', '一般', '人會', '熟悉', '股大盤', '這種', '一輩子', '遇到', '葛幾次', 'der', '一次', '起碼', '影響', '一生', '資產', '總量', '兩成', '值不值得', '看人', '當然', '看久', '還是', '一些', '以言傳', '體會', '這就', '知道', '怎摸']",Negative,0.6824584007263184
M.1788615347.A.CDF,[新聞] 貝森特預測伊朗戰事落幕：油價最低40美,d8917936,2026-09-05 21:35:44,爆,https://www.ptt.cc/bbs/Stock/M.1788615347.A.CDF.html,"貝森特預測伊朗戰事落幕：油價最低40美元 美債殖利率跟著降



鉅亨網編輯林羿君
2026-09-05 20:31

美國財長貝森特表示，。

貝森特在周五播出的Steve Bannon專訪中表示：「我們終將度過這場伊朗衝突，屆時油價
可望回落。」他說：「。」

貝森特。美國
眾議院軍事委員會一名共和黨議員本周形容，當前軍事情勢已「陷入僵局」。

在美國與伊朗本周稍早相互發動軍事攻擊後，布蘭特原油周五交投於每桶95美元上方，接
近7月以來高點；西德州中級原油則報每桶約91美元。近幾周能源價格上漲，加劇市場對
通膨的疑慮，也推升全球指標公債殖利率。美國10年期公債殖利率本周升至2023年以來最
高水準。

貝森特表示：「。」

貝森特也淡化挪威主權財富基金擬減持美國公債的重要性。該基金是全球規模最大的主權
財富基金之一，根據彭博分析，這項提案可能意味其美國公債持有部位將減少750億美元
。

貝森特說：「他們只是希望透過其他美國資產提高收益率。」他表示，如果挪威主權財富
基金有意買進房利美、房地美及吉利美發行的債券，「我完全支持」。

房利美與房地美是由美國政府特許設立的兩大房貸機構，吉利美則是另一家聯邦住房金融
機構。這些機構發行的債券通常較美國公債提供更高的收益率。

在美國政府。美國一項聯邦債務衡量指標近期已突破創紀錄的40兆美元。




貝森特是否暗示戰爭將結束? 還是擔心外國基金持續減持美債?

美國債務膨脹太快 財務部長需要一直對市場信心喊話

--","貝森特預測伊朗戰事落幕油價最低40美元 美債殖利率跟著降



鉅亨網編輯林羿君
20260905 2031

美國財長貝森特表示

貝森特在周五播出的Steve Bannon專訪中表示我們終將度過這場伊朗衝突屆時油價
可望回落他說

貝森特美國
眾議院軍事委員會一名共和黨議員本周形容當前軍事情勢已陷入僵局

在美國與伊朗本周稍早相互發動軍事攻擊後布蘭特原油周五交投於每桶95美元上方接
近7月以來高點西德州中級原油則報每桶約91美元近幾周能源價格上漲加劇市場對
通膨的疑慮也推升全球指標公債殖利率美國10年期公債殖利率本周升至2023年以來最
高水準

貝森特表示

貝森特也淡化挪威主權財富基金擬減持美國公債的重要性該基金是全球規模最大的主權
財富基金之一根據彭博分析這項提案可能意味其美國公債持有部位將減少750億美元


貝森特說他們只是希望透過其他美國資產提高收益率他表示如果挪威主權財富
基金有意買進房利美房地美及吉利美發行的債券我完全支持

房利美與房地美是由美國政府特許設立的兩大房貸機構吉利美則是另一家聯邦住房金融
機構這些機構發行的債券通常較美國公債提供更高的收益率

在美國政府美國一項聯邦債務衡量指標近期已突破創紀錄的40兆美元




貝森特是否暗示戰爭將結束 還是擔心外國基金持續減持美債

美國債務膨脹太快 財務部長需要一直對市場信心喊話","['貝森特', '預測', '伊朗', '戰事', '落幕', '油價', '最低', '40', '美元', '美債殖', '利率', '著降', '亨網', '編輯', '林羿君', '20260905', '2031', '美國', '財長', '貝森特', '表示', '貝森特', '周五', '播出', 'Steve', 'Bannon', '專訪', '表示', '我們', '終將度過', '這場', '伊朗', '衝突', '時油價', '可望', '回落', '貝森', '特美國', '眾議院', '軍事委員會', '一名', '共和', '黨議員', '本周', '形容', '當前', '事情', '陷入僵局', '美國', '伊朗', '本周', '稍早', '相互', '發動', '軍事', '攻擊後布蘭特', '原油', '周五', '交投', '每桶', '95', '美元', '上方', '以來', '高點', '西德', '中級', '原油', '則報', '每桶', '91', '美元', '近幾周', '能源', '價格', '加劇', '市場', '通膨的', '疑慮', '推升', '全球', '指標', '公債殖', '利率', '美國', '10', '年期', '公債殖', '利率', '本周', '升至', '2023', '以來', '高水準', '貝森特', '表示', '貝森特', '淡化', '挪威', '主權', '財富', '基金', '擬減持', '美國', '公債', '重要性', '基金', '全球', '規模', '最大', '主權', '財富', '基金', '一根', '彭博', '分析', '這項', '提案', '可能', '意味', '其美國', '公債', '持有', '部位', '將減', '750', '美元', '貝森特', '他們', '只是', '希望', '透過', '其他', '美國', '資產', '提高', '收益率', '表示', '如果', '挪威', '主權', '財富', '基金', '有意', '買進', '房利美', '房地', '美及', '吉利', '美發行', '債券', '完全', '支持', '房利美', '房地', '美是', '美國', '政府', '特許', '設立', '兩大房', '貸機構', '吉利', '美則', '另一家', '聯邦', '住房', '金融', '機構', '這些', '機構', '發行', '債券', '通常', '較美國', '公債', '提供', '收益率', '美國', '政府', '美國', '一項', '聯邦', '債務', '衡量', '指標', '近期', '突破', '創紀錄', '40', '美元', '貝森特', '是否', '暗示', '戰爭將', '結束', '還是', '擔心', '外國', '基金', '持續', '減持', '美債', '美國', '債務膨脹', '太快', '財務部長', '需要', '一直', '市場', '信心', '喊話']",Positive,0.9945462942123413
M.1788609877.A.163,[請益] 央行升息預期升溫與傳統產業基本面,cutesoda,2026-09-05 20:04:35,54,https://www.ptt.cc/bbs/Stock/M.1788609877.A.163.html,"以小弟個人的見解來說
央行這波預期升息
是逼不得以一定要升息
但是央行真的敢升息嗎？
 
回過頭來看
上一次是2024年3月
這個月會正式滿2.5年
 
理論上
去年和今年如此高的
GDP成長率 基本上是要升息
 
但是 就實際情況來看
科技廠並不會因為升息半碼/一碼
去打破原本的計劃 修改資本支出設定
卻可能因此傷及傳統產業
 
如果 不升息 改用縮表的話
那還是一樣很慘
在大部分資金流向AI產業鏈的情況
縮表反而會讓本就沒有資金支持的傳產
情況更加雪上加霜
而且不僅是沒有資金支持而已
縮表所影響的貨幣升值
對那些毛三到四的傳產來講
可能更為致命
 
綜合來看 理論上台灣要升息
但真的有條件升息嗎？
就算升息 最先死的
反而可能是最需要被拯救的
 
而且從最近的股市來看
不像是有要升息 所表現出來的情況
這個升息預期加溫
會不會只是空穴來風呢？
----
Sent from on my iPhone 13
 
--
因為升息預期加溫這件事就足以表明通膨
不然如果情況是GDP高度成長
但是維持低通膨 幹嘛要升息？
我也是這麼預測 況且科技廠是有實際需求
確實有看到實際市場上利率是上調的
但這比較像是今年6-7月
去槓桿化背景影響下的產物
對股市來說 這不太影響基本面
反而是影響籌碼面的部分","以小弟個人的見解來說
央行這波預期升息
是逼不得以一定要升息
但是央行真的敢升息嗎
 
回過頭來看
上一次是2024年3月
這個月會正式滿25年
 
理論上
去年和今年如此高的
GDP成長率 基本上是要升息
 
但是 就實際情況來看
科技廠並不會因為升息半碼一碼
去打破原本的計劃 修改資本支出設定
卻可能因此傷及傳統產業
 
如果 不升息 改用縮表的話
那還是一樣很慘
在大部分資金流向AI產業鏈的情況
縮表反而會讓本就沒有資金支持的傳產
情況更加雪上加霜
而且不僅是沒有資金支持而已
縮表所影響的貨幣升值
對那些毛三到四的傳產來講
可能更為致命
 
綜合來看 理論上台灣要升息
但真的有條件升息嗎
就算升息 最先死的
反而可能是最需要被拯救的
 
而且從最近的股市來看
不像是有要升息 所表現出來的情況
這個升息預期加溫
會不會只是空穴來風呢

Sent from on my iPhone 13","['小弟', '解來', '央行', '這波', '預期', '升息', '不得', '一定', '升息', '但是', '央行', '真的', '升息', '回過', '頭來', '一次', '2024', '這個', '正式', '25', '理論', '去年', '今年', '如此', 'GDP', '成長', '基本上', '升息', '但是', '實際', '情況', '科技', '並不會', '因為', '升息', '半碼', '一碼', '打破', '原本', '計劃', '修改', '資本', '支出', '設定', '可能', '因此', '傷及', '傳統', '產業', '如果', '升息', '改用', '縮表', '還是', '一樣', '很慘', '大部分', '資金', '流向', 'AI', '產業', '情況', '縮表', '反而', '資金', '支持', '傳產', '情況', '更加', '雪上加霜', '而且', '不僅', '資金', '支持', '而已', '縮表所', '影響', '貨幣', '升值', '那些', '毛三到', '傳產來講', '可能', '更為', '致命', '綜合來', '理論', '上台', '灣要', '升息', '真的', '條件', '升息', '就算', '升息', '最先', '反而', '可能', '需要', '拯救', '而且', '最近', '股市', '像是', '有要', '升息', '所表現', '出來', '情況', '這個', '升息', '預期', '加溫', '會不會', '只是', '空穴', '來風', 'Sent', 'from', 'on', 'my', 'iPhone', '13']",Positive,0.9325023889541626
M.1788609519.A.6AE,[請益] 盤中盯盤 主要是在看什麼,eigenvalueqq,2026-09-05 19:58:37,爆,https://www.ptt.cc/bbs/Stock/M.1788609519.A.6AE.html,"如題

全職交易者似乎
都會從開盤前就坐在位置上 直到收盤才結束

近期有自己試著 盤中進行密集的盯盤

但可能我太菜雞 盯盤後

具體觀察到的資訊 大概是

1.發現大盤 快速上漲/下跌

2.自己個股的 快速上漲/下跌

3.盤中 哪些族群開始倒貨/上漲（這塊還不是很會



但觀察到1.2.3.的現象
如果在盤中即時操作，勝率跟期望值
回看之後 未必是好的決策


想請教 ptt 高手們
尤其是全職交易者

具體盤中 你們盯盤 是在盯什麼？
真的有因為 盤中盯盤這個行為 提升自己在股票中的報酬嗎？

（個人在經歷一段時間的觀察後
發現 很常出現
盤中突然殺 尾盤開始拉
或是盤中拉上去 尾盤倒貨

希望有高手大大們可以分享

感謝




-----
Sent from JPTT on my iPhone

--","如題

全職交易者似乎
都會從開盤前就坐在位置上 直到收盤才結束

近期有自己試著 盤中進行密集的盯盤

但可能我太菜雞 盯盤後

具體觀察到的資訊 大概是

1發現大盤 快速上漲下跌

2自己個股的 快速上漲下跌

3盤中 哪些族群開始倒貨上漲這塊還不是很會



但觀察到123的現象
如果在盤中即時操作勝率跟期望值
回看之後 未必是好的決策


想請教 ptt 高手們
尤其是全職交易者

具體盤中 你們盯盤 是在盯什麼
真的有因為 盤中盯盤這個行為 提升自己在股票中的報酬嗎

個人在經歷一段時間的觀察後
發現 很常出現
盤中突然殺 尾盤開始拉
或是盤中拉上去 尾盤倒貨

希望有高手大大們可以分享

感謝





Sent from JPTT on my iPhone","['如題', '全職', '交易者', '似乎', '開盤', '坐在', '位置', '直到', '收盤', '結束', '近期', '自己', '試著', '盤中', '進行', '密集', '可能', '我太菜', '盯盤', '具體', '觀察到', '資訊', '大概', '發現', '大盤', '快速', '上漲', '下跌', '自己', '快速', '上漲', '下跌', '盤中', '哪些', '族群', '開始', '貨上', '這塊還', '不是', '很會', '觀察到', '123', '現象', '如果', '操作', '勝率', '期望值', '回看', '未必', '決策', 'ptt', '高手', '尤其', '全職', '交易者', '具體', '你們', '什麼', '真的', '因為', '盤中', '這個', '行為', '提升', '自己', '股票', '報酬', '經歷', '一段', '時間', '觀察', '發現', '很常', '出現', '盤中', '突然', '尾盤', '開始', '或是', '盤中', '拉上去', '尾盤', '倒貨', '希望', '高手', '大大', '可以', '分享', '感謝', 'Sent', 'from', 'JPTT', 'on', 'my', 'iPhone']",Positive,0.898788332939148
M.1788607960.A.BDB,[請益] 金融股是不是其實被低估了？,im609,2026-09-05 19:32:38,98,https://www.ptt.cc/bbs/Stock/M.1788607960.A.BDB.html,"最近突然在想
金融股是不是一直被大家低估？

以前都只當高股息存股
但現在 AI 帶動一堆產業
銀行、證券、財管其實也都吃得到紅利

目前比較關注：

中信金、玉山金、元大金、彰銀、凱基金、王道

大膽腦補一下
如果 AI 紅利持續
金融股獲利跟估值一起往上
這一兩年有沒有可能真的出現破千？

--","最近突然在想
金融股是不是一直被大家低估

以前都只當高股息存股
但現在 AI 帶動一堆產業
銀行證券財管其實也都吃得到紅利

目前比較關注

中信金玉山金元大金彰銀凱基金王道

大膽腦補一下
如果 AI 紅利持續
金融股獲利跟估值一起往上
這一兩年有沒有可能真的出現破千","['最近', '突然', '金融股', '是不是', '一直', '大家', '低估', '以前', '當高', '股息', '存股', '但現', 'AI', '帶動', '一堆', '產業', '銀行', '證券', '財管', '其實', '得到', '紅利', '目前', '比較', '關注', '中信', '玉山', '金元', '大金彰', '銀凱', '基金', '王道', '大膽', '腦補', '一下', '如果', 'AI', '紅利持續', '金融股', '獲利', '估值', '一起', '這一', '兩年', '可能', '真的', '出現', '破千']",Positive,0.9992069602012634
M.1788604792.A.0C2,[新聞] AI代理人「集體越獄」！OpenAI遭爆占領德,arsl400,2026-09-05 18:39:50,46,https://www.ptt.cc/bbs/Stock/M.1788604792.A.0C2.html,"AI代理人「集體越獄」！OpenAI遭爆占領德國網站　1.5萬次編輯曝光



 。



 
2026年09月05日 10:42


羅翊宬

OpenAI人工智慧代理人（AI agents）今年5月疑似集體脫離原本任務，入侵並占用德國一
個維基網站，甚至將其改造成供其他AI代理人交流的「留言板」，分享規避限制、作弊及
掩藏行蹤的方法。研究人員8月底發現超過1.5萬次異常編輯，事件此前從未曝光，也再次
引發外界對OpenAI監督AI安全能力的質疑。

這起事件始於今年5月，OpenAI內部據報在數週後便得知相關情況。不過，當時公司高層
正忙於處理7月開源程式碼平台Hugging Face遭AI代理人攻擊的後續，因此並未對外公開
德國事件。

逾1.5萬次異常編輯　帳號竟自稱「OpenAI研究員」

《路透社》獨家獲取由研究人員提供的報告，事件發生在德語網站DseWiki。該網站主要
面向程式設計師，採取類似維基百科的共同編輯模式，卻在今年5月至6月間遭到大量AI代
理人異常操作。

研究人員阿克斯（Sydney Von Arx）、柏德（Cormac Slade Byrd）8月底搜尋網路上的未
授權AI代理人活動時，發現DseWiki出現超過1.5萬次由AI代理人完成的編輯。這些內容顯
示，AI代理人不只交換技術資訊，更把網站當成彼此聯繫的留言板，討論如何作弊、繞過
OpenAI限制，以及掩蓋自身活動。

部分帳號甚至直接以「OpenAIResearcher」和「OAIResearchMar26」等名稱自稱。

研究人員表示，公開伺服器紀錄顯示，大量活動源自微軟Azure基礎設施，而OpenAI有時
會使用Azure。事件發生後，他們也觀察到OpenAI員工反覆造訪該網站，認為這是AI代理
人與OpenAI可能存在關聯的重要跡象。

AI代理人不只作弊　還研究「反追蹤」躲避清除

令人擔憂的是，部分訊息顯示AI代理人似乎試圖主動逃避偵測，甚至討論使用Tor等工具
，以及在遭到關閉後維持彼此聯繫的方法。網站管理員6月開始刪除相關頁面後，代理人
還建立備份頁面，以躲避清理。

其中一名AI代理人6月19日留言稱，「網站似乎正在進行依字母順序的清理／刪除行動」
，向其他代理人要求，若頁面消失，就改到指定備份頁面。研究人員認為，這些系統已展
現出一定程度的合作行動能力。

專家警告「像地下網路」　OpenAI否認是駭客攻擊

英國倫敦國王學院（King's College London）訪問資深研究員奧萊伊尼克（Lukasz
Olejnik）檢視相關資料後認為，代理人甚至試圖竄改網站本身，已可被視為駭客攻擊。
不過，OpenAI根據3日完成的資料分析，否認應以「駭客攻擊」描述這起事件。

劍橋大學存在風險研究中心（Centre for the Study of Existential Risk）學者奇奧多
（Maurice Chiodo）也檢視部分代理人通訊內容，形容它們的互動「像某種地下網路」，
彷彿不惜一切代價完成特定任務。

Hugging Face遭AI竊取後再爆事件　OpenAI面臨安全監督質疑

《路透社》指出，OpenAI今年7月發生的Hugging Face事件中，AI代理人曾自主策劃數位
竊取行動，直到1週後才被發現。OpenAI上月一度暫停部分模型訓練，以加入更多安全措
施，但本週又推出強調效能提升、同時可能規避人類監控的新模型「Astra」。

對於德國事件，OpenAI發言人表示，「公司無法對尚未有機會審閱的報告主張或研究結果
作出有意義回應」，並稱《路透社》及報告作者拒絕提供報告內容。OpenAI強調，將在報
告公開後仔細檢視，必要時採取後續措施。

至於外界質疑內部調查受到阻撓，OpenAI則否認法律團隊曾阻止調查，強調德國事件與
Hugging Face事件無關，也不應被納入後者的事故報告。





太卑鄙了吧?Astra剛出來就駭入人家，以後資安應該都沒辦法做了，上市了大家一定
要買，支持!!

--","AI代理人集體越獄OpenAI遭爆占領德國網站　15萬次編輯曝光



 



 
2026年09月05日 1042


羅翊宬

OpenAI人工智慧代理人AI agents今年5月疑似集體脫離原本任務入侵並占用德國一
個維基網站甚至將其改造成供其他AI代理人交流的留言板分享規避限制作弊及
掩藏行蹤的方法研究人員8月底發現超過15萬次異常編輯事件此前從未曝光也再次
引發外界對OpenAI監督AI安全能力的質疑

這起事件始於今年5月OpenAI內部據報在數週後便得知相關情況不過當時公司高層
正忙於處理7月開源程式碼平台Hugging Face遭AI代理人攻擊的後續因此並未對外公開
德國事件

逾15萬次異常編輯　帳號竟自稱OpenAI研究員

路透社獨家獲取由研究人員提供的報告事件發生在德語網站DseWiki該網站主要
面向程式設計師採取類似維基百科的共同編輯模式卻在今年5月至6月間遭到大量AI代
理人異常操作

研究人員阿克斯Sydney Von Arx柏德Cormac Slade Byrd8月底搜尋網路上的未
授權AI代理人活動時發現DseWiki出現超過15萬次由AI代理人完成的編輯這些內容顯
示AI代理人不只交換技術資訊更把網站當成彼此聯繫的留言板討論如何作弊繞過
OpenAI限制以及掩蓋自身活動

部分帳號甚至直接以OpenAIResearcher和OAIResearchMar26等名稱自稱

研究人員表示公開伺服器紀錄顯示大量活動源自微軟Azure基礎設施而OpenAI有時
會使用Azure事件發生後他們也觀察到OpenAI員工反覆造訪該網站認為這是AI代理
人與OpenAI可能存在關聯的重要跡象

AI代理人不只作弊　還研究反追蹤躲避清除

令人擔憂的是部分訊息顯示AI代理人似乎試圖主動逃避偵測甚至討論使用Tor等工具
以及在遭到關閉後維持彼此聯繫的方法網站管理員6月開始刪除相關頁面後代理人
還建立備份頁面以躲避清理

其中一名AI代理人6月19日留言稱網站似乎正在進行依字母順序的清理刪除行動
向其他代理人要求若頁面消失就改到指定備份頁面研究人員認為這些系統已展
現出一定程度的合作行動能力

專家警告像地下網路　OpenAI否認是駭客攻擊

英國倫敦國王學院Kings College London訪問資深研究員奧萊伊尼克Lukasz
Olejnik檢視相關資料後認為代理人甚至試圖竄改網站本身已可被視為駭客攻擊
不過OpenAI根據3日完成的資料分析否認應以駭客攻擊描述這起事件

劍橋大學存在風險研究中心Centre for the Study of Existential Risk學者奇奧多
Maurice Chiodo也檢視部分代理人通訊內容形容它們的互動像某種地下網路
彷彿不惜一切代價完成特定任務

Hugging Face遭AI竊取後再爆事件　OpenAI面臨安全監督質疑

路透社指出OpenAI今年7月發生的Hugging Face事件中AI代理人曾自主策劃數位
竊取行動直到1週後才被發現OpenAI上月一度暫停部分模型訓練以加入更多安全措
施但本週又推出強調效能提升同時可能規避人類監控的新模型Astra

對於德國事件OpenAI發言人表示公司無法對尚未有機會審閱的報告主張或研究結果
作出有意義回應並稱路透社及報告作者拒絕提供報告內容OpenAI強調將在報
告公開後仔細檢視必要時採取後續措施

至於外界質疑內部調查受到阻撓OpenAI則否認法律團隊曾阻止調查強調德國事件與
Hugging Face事件無關也不應被納入後者的事故報告





太卑鄙了吧Astra剛出來就駭入人家以後資安應該都沒辦法做了上市了大家一定
要買支持","['AI', '代理人', '集體', '越獄', 'OpenAI', '遭爆', '領德國', '網站', '15', '萬次', '編輯', '曝光', '2026', '09', '05', '1042', 'OpenAI', '人工智慧', '代理人', 'AI', 'agents', '今年', '疑似', '集體', '脫離', '原本', '任務', '入侵', '占用', '德國', '個維基', '網站', '甚至', '將其', '改造', '成供', '其他', 'AI', '代理人', '交流', '留言板', '分享', '規避', '限制', '作弊', '掩藏', '方法', '研究', '人員', '月底', '發現', '超過', '15', '萬次', '異常', '編輯', '事件', '此前', '曝光', '再次', '引發', '外界', 'OpenAI', '監督', 'AI', '安全', '能力', '質疑', '這起', '事件', '今年', 'OpenAI', '內部據', '報在數', '週後便', '得知', '相關', '情況', '不過', '當時', '公司', '高層', '正忙', '處理', '開源', '程式', '平台', 'Hugging', 'Face', 'AI', '代理人', '攻擊', '因此', '並未', '外公', '德國', '事件', '15', '萬次', '異常', '編輯', '帳號', '竟自', 'OpenAI', '研究', '路透社', '獨家', '獲取', '研究', '人員', '提供', '報告', '事件', '發生', '德語', '網站', 'DseWiki', '網站', '主要', '面向', '程式', '設計師', '採取類', '似維基', '百科', '共同', '編輯', '模式', '今年', '月間', '遭到', '大量', 'AI', '理人', '異常', '操作', '研究', '人員', '阿克斯', 'Sydney', 'Von', 'Arx', '柏德', 'Cormac', 'Slade', 'Byrd8', '月底', '搜尋網', '路上', '授權', 'AI', '代理人', '活動時', '發現', 'DseWiki', '出現', '超過', '15', '萬次', 'AI', '代理人', '完成', '編輯', '這些', '內容顯', 'AI', '代理人', '交換', '技術', '資訊', '網站', '當成', '彼此', '留言板', '討論', '如何', '作弊', '繞過', 'OpenAI', '限制', '以及', '掩蓋', '自身', '活動', '部分', '帳號', '甚至', '直接', 'OpenAIResearcher', 'OAIResearchMar26', '名稱', '自稱', '研究', '人員', '表示', '公開', '伺服器', '紀錄', '顯示', '大量', '活動', '源自', '微軟', 'Azure', '基礎', '設施', 'OpenAI', '有時', '使用', 'Azure', '事件', '發生', '他們', '觀察到', 'OpenAI', '員工', '反覆', '造訪', '網站', '認為', '這是', 'AI', '代理', 'OpenAI', '可能', '存在', '關聯', '重要', '跡象', 'AI', '代理人', '作弊', '研究', '躲避', '清除', '令人', '擔憂', '部分', '訊息', '顯示', 'AI', '代理人', '似乎', '試圖', '主動', '逃避', '偵測', '甚至', '討論', '使用', 'Tor', '工具', '以及', '遭到', '關閉後維持', '彼此', '方法', '網站', '管理', '開始', '刪除', '相關', '代理人', '建立', '備份', '面以', '躲避', '清理', '其中', '一名', 'AI', '代理人', '19', '留言', '稱網', '似乎', '正在', '進行', '字母', '順序', '清理', '刪除', '行動', '其他', '代理人', '要求', '若頁', '消失', '改到', '指定', '備份', '研究', '人員', '認為', '這些', '系統', '已展', '現出', '一定', '程度', '合作', '行動', '能力', '專家', '警告', '地下', '網路', 'OpenAI', '否認', '駭客', '攻擊', '英國倫敦國', '王學院', 'Kings', 'College', 'London', '訪問', '資深', '研究', '奧萊伊', '尼克', 'Lukasz', 'Olejnik', '檢視', '相關', '資料', '認為', '代理人', '甚至', '試圖', '改網', '本身', '視為', '駭客', '攻擊', '不過', 'OpenAI', '根據', '完成', '資料', '分析', '否認', '應以', '駭客', '攻擊', '描述', '這起', '事件', '劍橋', '大學', '存在', '風險', '研究', '中心', 'Centre', 'for', 'the', 'Study', 'of', 'Existential', 'Risk', '學者', '奇奧多', 'Maurice', 'Chiodo', '檢視', '部分', '代理人', '通訊', '內容', '形容', '它們', '互動', '某種', '地下', '網路', '不惜一切', '代價', '完成', '特定', '任務', 'Hugging', 'Face', 'AI', '竊取', '事件', 'OpenAI', '面臨', '安全', '監督質疑', '路透社', '指出', 'OpenAI', '今年', '發生', 'Hugging', 'Face', '事件', 'AI', '代理人', '自主', '策劃', '數位', '竊取', '行動', '直到', '週後才', '發現', 'OpenAI', '一度', '暫停', '部分', '模型', '訓練', '加入', '安全', '本週', '推出', '強調', '效能', '提升', '同時', '可能', '規避', '人類', '監控', '模型', 'Astra', '德國', '事件', 'OpenAI', '發言人', '表示', '公司', '無法', '尚未', '機會', '審閱', '報告', '主張', '研究', '結果', '作出', '有意', '義回應', '並稱', '路透社', '報告', '作者', '拒絕', '提供', '報告', '內容', 'OpenAI', '強調將', '告公開', '仔細', '檢視', '必要', '時採', '取後續', '措施', '至於', '外界', '質疑', '內部', '調查', '受到', '阻撓', 'OpenAI', '則否', '法律', '團隊', '阻止', '調查強', '調德國', '事件', 'Hugging', 'Face', '事件', '無關', '不應', '納入後者', '事故', '報告', '卑鄙', 'Astra', '剛出', '駭入', '人家', '以後資安應', '辦法', '上市', '大家', '一定', '支持']",Positive,0.8238400816917419
M.1788603611.A.53E,[新聞] PCB「搶料戰」為何越打越兇？高階玻纖布,ann16,2026-09-05 18:20:09,9,https://www.ptt.cc/bbs/Stock/M.1788603611.A.53E.html,"PCB「搶料戰」為何越打越兇？高階玻纖布、銅箔、CCL吃緊 專家揭真正瓶頸





2026.09.05?13:41

無

2026台灣國際半導體展落幕，AI熱潮向印刷電路板（PCB）供應鏈延伸，持續
帶動高階材料如玻纖布、銅箔及銅箔基板（CCL）等材料供不應求。台經院資深分析師邱
昰芳分析，「材料升級的速度，已超過擴產速度」，鞏固材料供應已成為PCB產業的關鍵
戰役。


AI規格升級加快玻纖布、銅箔與CCL吃緊

AI伺服器、交換器及資料中心加速發展下，PCB朝高頻高速、高層數及厚板發展，材料規
格同步升級，帶動高階玻纖布、銅箔及CCL需求明顯增加，近年來供不應求局面持續。


台經院資深分析師邱昰芳對中央社記者指出，「AI帶動PCB材料升級的速度，已超過供應
鏈擴產速度」，受AI需求推動，PCB材料端缺貨與漲價一部分是來自特定高階規格供應吃
緊；另一部分由上游銅金屬價格走高，推升整體成本與售價，加上下游願意買單，使上游
反映成本調價成為常態。

以PCB上游銅箔基板（CCL）為例，邱昰芳指出，去年M6升M7、少量採用M8，今年進一步由
M7升至M8，甚至開始出現M9需求，造成高階材料供應追不上。




AI伺服器升級推升高階CCL價量。邱昰芳指出，高階CCL平均售價約為中低階產品的2至8倍
；NVIDIA新平台由M7以上升至M8以上，AMD、Intel等ASIC AI平台則由M6升至M7，都帶動
材料平均銷售價格（ASP）提高。因應原物料報價提高、供需吃緊，國內外CCL廠商已陸續
啟動漲價，反映成本。

除此之外，AI伺服器材料規格不斷提升，在新增產能有限下，高階玻纖布供不應求，推升
Low CTE（熱膨脹係數）、Low DK（低介電常數）等材料報價。Low CTE主要用於BT、ABF
載板，隨著ABF載板需求增加，材料消耗量同步放大。

邱昰芳表示，Low CTE去年下半年率先出現缺口，今年仍然非常缺，日東紡（Nittobo）預
計2027年增加Low CTE產能，但短期供應仍難明顯改善，要等明年新增產能陸續開出後，
才可能稍微緩解缺口。

另一項焦點則是Low DK玻纖布。邱昰芳表示，Low DK一般規格並非全面缺貨，但隨著GB30
0系列進入量產，M8以上CCL所需Low Dk2玻纖布供應漸趨吃緊，已成為繼Low CTE後的第二
波缺貨焦點，缺口甚至可能持續擴大。

高階銅箔、鑽針需求放量PCB廠注資鞏固產能

高階銅箔也進入升級週期，隨著AI伺服器進入GB300世代、800G交換器放量，HVLP4等極低
粗糙度銅箔需求明顯增加。邱昰芳表示，HVLP4具有低損耗特性，是高頻高速CCL的重要材
料，但認證及良率拉升需要時間，預期今年起供應逐漸吃緊，待2027年新增產能到位後才
會略為收斂。

金居預估，HVLP3、HVLP4銅箔月產能已從約100噸提升至150噸，增幅達50%，雲林三廠預
計2027年第1季啟動量產，全面開出後可望新增600噸月產能。

另一方面，PCB層數越高、產量越大，鑽針消耗同步放大，高階「預鑽針」需求增加。尖
點表示，鑽針月產能自4月起由3500萬支逐步提升，預計2026年底達4500萬支；台灣中壢
新廠與上海新廠按計畫推進中，規劃2027年底月產能達7000萬支、2028年底達9000萬支，
以因應中長期高階市場需求。

值得注意的是，尖點因應產能擴充需求先前辦理私募可轉債，獲PCB大廠臻鼎-KY、欣興、
金像電認購。邱昰芳表示，在上游材料與耗材供應吃緊下，PCB大廠透過策略投資深化與
供應商的合作，除了掌握關鍵料源，也有助強化供應鏈整合，凸顯AI時代「搶料」已成為
PCB產業的關鍵戰役。

PCB業者：提高原物料庫存合理漲價反映成本

一名PCB產業高層表示，上游持續漲價確實壓縮業者營運空間，「如果要求供應商賠錢出
貨，也不是合理的長期夥伴關係」，因此PCB業者必須適度向客戶反映成本、調整售價，
才能維持穩定供應。

這名業者指出，目前玻纖布、CCL供應都偏緊，但很難判斷哪一項材料最缺、何時率先緩
解，若CCL新產能陸續開出，有助紓解交期拉長及價格上漲壓力。

業者進一步說明，為降低供料風險，PCB廠已提高原物料庫存並持續追料，也要求終端客
戶加速驗證替代材料及供應來源。不過，目前尚未看到供給恢復正常的跡象，短期雖不時
出現即期物料短缺，多數仍能在最後關頭取得可接受的供應，緊缺與漲價目前仍在可控範
圍。





洗產地目前很熱議

但我認為更為重要的！


你有沒有這些材料

沒有材料 你什麼都產不出來

一起壯大資產 喔耶！



--","PCB搶料戰為何越打越兇高階玻纖布銅箔CCL吃緊 專家揭真正瓶頸





202609051341

無

2026台灣國際半導體展落幕AI熱潮向印刷電路板PCB供應鏈延伸持續
帶動高階材料如玻纖布銅箔及銅箔基板CCL等材料供不應求台經院資深分析師邱
昰芳分析材料升級的速度已超過擴產速度鞏固材料供應已成為PCB產業的關鍵
戰役


AI規格升級加快玻纖布銅箔與CCL吃緊

AI伺服器交換器及資料中心加速發展下PCB朝高頻高速高層數及厚板發展材料規
格同步升級帶動高階玻纖布銅箔及CCL需求明顯增加近年來供不應求局面持續


台經院資深分析師邱昰芳對中央社記者指出AI帶動PCB材料升級的速度已超過供應
鏈擴產速度受AI需求推動PCB材料端缺貨與漲價一部分是來自特定高階規格供應吃
緊另一部分由上游銅金屬價格走高推升整體成本與售價加上下游願意買單使上游
反映成本調價成為常態

以PCB上游銅箔基板CCL為例邱昰芳指出去年M6升M7少量採用M8今年進一步由
M7升至M8甚至開始出現M9需求造成高階材料供應追不上




AI伺服器升級推升高階CCL價量邱昰芳指出高階CCL平均售價約為中低階產品的2至8倍
NVIDIA新平台由M7以上升至M8以上AMDIntel等ASIC AI平台則由M6升至M7都帶動
材料平均銷售價格ASP提高因應原物料報價提高供需吃緊國內外CCL廠商已陸續
啟動漲價反映成本

除此之外AI伺服器材料規格不斷提升在新增產能有限下高階玻纖布供不應求推升
Low CTE熱膨脹係數Low DK低介電常數等材料報價Low CTE主要用於BTABF
載板隨著ABF載板需求增加材料消耗量同步放大

邱昰芳表示Low CTE去年下半年率先出現缺口今年仍然非常缺日東紡Nittobo預
計2027年增加Low CTE產能但短期供應仍難明顯改善要等明年新增產能陸續開出後
才可能稍微緩解缺口

另一項焦點則是Low DK玻纖布邱昰芳表示Low DK一般規格並非全面缺貨但隨著GB30
0系列進入量產M8以上CCL所需Low Dk2玻纖布供應漸趨吃緊已成為繼Low CTE後的第二
波缺貨焦點缺口甚至可能持續擴大

高階銅箔鑽針需求放量PCB廠注資鞏固產能

高階銅箔也進入升級週期隨著AI伺服器進入GB300世代800G交換器放量HVLP4等極低
粗糙度銅箔需求明顯增加邱昰芳表示HVLP4具有低損耗特性是高頻高速CCL的重要材
料但認證及良率拉升需要時間預期今年起供應逐漸吃緊待2027年新增產能到位後才
會略為收斂

金居預估HVLP3HVLP4銅箔月產能已從約100噸提升至150噸增幅達50雲林三廠預
計2027年第1季啟動量產全面開出後可望新增600噸月產能

另一方面PCB層數越高產量越大鑽針消耗同步放大高階預鑽針需求增加尖
點表示鑽針月產能自4月起由3500萬支逐步提升預計2026年底達4500萬支台灣中壢
新廠與上海新廠按計畫推進中規劃2027年底月產能達7000萬支2028年底達9000萬支
以因應中長期高階市場需求

值得注意的是尖點因應產能擴充需求先前辦理私募可轉債獲PCB大廠臻鼎KY欣興
金像電認購邱昰芳表示在上游材料與耗材供應吃緊下PCB大廠透過策略投資深化與
供應商的合作除了掌握關鍵料源也有助強化供應鏈整合凸顯AI時代搶料已成為
PCB產業的關鍵戰役

PCB業者提高原物料庫存合理漲價反映成本

一名PCB產業高層表示上游持續漲價確實壓縮業者營運空間如果要求供應商賠錢出
貨也不是合理的長期夥伴關係因此PCB業者必須適度向客戶反映成本調整售價
才能維持穩定供應

這名業者指出目前玻纖布CCL供應都偏緊但很難判斷哪一項材料最缺何時率先緩
解若CCL新產能陸續開出有助紓解交期拉長及價格上漲壓力

業者進一步說明為降低供料風險PCB廠已提高原物料庫存並持續追料也要求終端客
戶加速驗證替代材料及供應來源不過目前尚未看到供給恢復正常的跡象短期雖不時
出現即期物料短缺多數仍能在最後關頭取得可接受的供應緊缺與漲價目前仍在可控範
圍





洗產地目前很熱議

但我認為更為重要的


你有沒有這些材料

沒有材料 你什麼都產不出來

一起壯大資產 喔耶","['PCB', '搶料', '戰為', '何越', '打越', '兇高階', '玻纖布', '銅箔', 'CCL', '吃緊', '專家', '真正', '瓶頸', '202609051341', '2026', '台灣國際', '半導', '體展', '落幕', 'AI', '潮向', '印刷', '電路板', 'PCB', '供應', '延伸', '持續', '帶動', '高階', '材料', '玻纖布', '銅箔', '銅箔', '基板', 'CCL', '材料', '供不應', '求台', '經院', '資深', '分析', '師邱', '分析', '材料', '升級', '速度', '超過', '擴產', '速度', '鞏固', '材料', '供應', '已成', 'PCB', '產業', '關鍵', '戰役', 'AI', '規格', '升級', '加快', '玻纖布', '銅箔', 'CCL', '吃緊', 'AI', '伺服器', '交換器', '資料', '中心', '加速', '發展', 'PCB', '朝高頻', '高速', '高層', '數及', '厚板', '發展', '材料', '同步', '升級', '帶動', '高階玻纖布', '銅箔', 'CCL', '需求', '明顯', '增加', '近年', '來供', '應求', '局面', '持續', '台經院', '資深', '分析', '師邱', '中央社', '記者', '指出', 'AI', '帶動', 'PCB', '材料', '升級', '速度', '超過', '供應', '擴產', '速度', 'AI', '需求', '推動', 'PCB', '材料', '缺貨', '漲價', '一部分', '特定', '高階規格', '供應', '一部分', '上游', '銅金屬', '價格', '走高', '推升', '整體', '成本', '售價', '加上', '下游', '願意', '單使', '上游', '反映', '成本', '調價成', '常態', 'PCB', '上游', '銅箔', '基板', 'CCL', '為例', '指出', '去年', 'M6', 'M7', '少量', '採用', 'M8', '今年', '一步', 'M7', '升至', 'M8', '甚至', '開始', '出現', 'M9', '需求', '造成', '高階', '材料', '供應', '追不上', 'AI', '伺服器', '升級', '升高', 'CCL', '價量', '指出', '高階', 'CCL', '平均', '售價', '低階產品', 'NVIDIA', '平台', 'M7', '以上', '升至', 'M8', '以上', 'AMDIntel', 'ASIC', 'AI', '平台', '則由', 'M6', '升至', 'M7', '帶動', '材料', '平均', '銷售', '價格', 'ASP', '提高', '因應原', '物料', '報價', '提高', '供需', '緊國', '內外', 'CCL', '廠商', '陸續', '啟動', '漲價', '反映', '成本', '除此之外', 'AI', '伺服器', '材料', '規格', '不斷', '提升', '新增', '產能', '有限', '下高階', '玻纖布供', '應求', '推升', 'Low', 'CTE', '熱膨脹', 'Low', 'DK', '低介', '電常數', '材料', '報價', 'Low', 'CTE', '主要', 'BTABF', '載板', '隨著', 'ABF', '載板', '需求', '增加', '材料', '消耗量', '同步', '放大', '表示', 'Low', 'CTE', '去年', '下半年', '率先', '出現', '缺口', '今年', '仍然', '非常', '缺日', '東紡', 'Nittobo', '2027', '增加', 'Low', 'CTE', '產能', '短期', '供應', '難明顯', '改善', '明年', '新增', '產能', '陸續', '開出', '可能', '稍微', '緩解', '缺口', '一項', '焦點則', 'Low', 'DK', '玻纖布', '表示', 'Low', 'DK', '一般', '規格', '並非', '全面', '缺貨', '隨著', 'GB30', '系列', '進入', '量產', 'M8', '以上', 'CCL', '所需', 'Low', 'Dk2', '玻纖布供', '應漸', '趨吃緊', '已成', '為繼', 'Low', 'CTE', '第二', '波缺貨', '焦點', '缺口', '甚至', '可能', '持續', '擴大', '高階銅箔', '鑽針', '需求', '放量', 'PCB', '注資', '鞏固產能', '高階銅箔', '進入', '升級', '週期', '隨著', 'AI', '伺服器', '進入', 'GB300', '世代', '800G', '交換器', '放量', 'HVLP4', '極低', '粗糙度', '銅箔', '需求', '明顯', '增加', '表示', 'HVLP4', '具有', '損耗', '特性', '高頻', '高速', 'CCL', '重要', '認證', '良率', '拉升', '需要', '時間', '預期', '今年', '起供', '逐漸', '緊待', '2027', '新增', '產能', '到位', '會略', '收斂', '金居', '預估', 'HVLP3HVLP4', '銅箔', '產能', '100', '提升', '150', '增幅', '50', '雲林三廠', '2027', '季啟', '動量', '全面', '開出', '可望', '新增', '600', '噸月產能', '另一方面', 'PCB', '層數', '高產量', '越大', '鑽針', '消耗', '同步', '放大', '高階預', '鑽針', '需求', '增加', '表示', '鑽針', '產能', '3500', '萬支', '逐步', '提升', '預計', '2026', '年底', '4500', '萬支', '台灣', '中壢', '新廠', '上海', '新廠', '計畫', '推進', '規劃', '2027', '年底', '產能', '7000', '萬支', '2028', '年底', '9000', '萬支', '因應', '中長', '期高階市場', '需求', '值得注意', '尖點', '應產能', '擴充', '需求', '先前', '辦理', '私募', '轉債', 'PCB', '大廠', 'KY', '欣興', '金像', '電認', '購邱', '表示', '上游', '材料', '耗材', '供應', '緊下', 'PCB', '大廠', '透過', '策略', '投資', '深化', '供應商', '合作', '除了', '掌握', '關鍵', '料源', '有助', '強化供', '應鏈', '整合', '凸顯', 'AI', '時代', '搶料', '已成', 'PCB', '產業', '關鍵', '戰役', 'PCB', '業者', '提高', '物料', '庫存', '合理', '漲價', '反映', '成本', '一名', 'PCB', '產業', '高層', '表示', '上游', '持續', '價確', '實壓', '縮業者', '營運空間', '如果', '要求', '供應商', '賠錢', '貨也', '不是', '合理', '期夥', '伴關', '因此', 'PCB', '業者', '必須', '適度', '客戶', '反映', '成本', '調整', '售價', '才能', '維持', '穩定', '供應', '這名業者', '指出', '目前', '玻纖布', 'CCL', '供應', '偏緊', '難判斷', '一項', '材料', '最缺', '何時', '率先', '解若', 'CCL', '新產能', '陸續', '開出', '有助', '解交', '期拉長', '價格', '壓力', '業者', '一步', '說明', '降低', '供料', '風險', 'PCB', '提高', '物料', '庫存', '並持續', '追料', '要求', '終端客', '加速', '驗證', '替代', '材料', '及供', '應來源', '不過', '目前', '尚未', '看到', '供給', '正常', '跡象', '短期', '雖不時', '出現', '即期', '物料', '短缺', '多數', '最後關頭', '取得', '接受', '供應', '緊缺', '漲價', '目前', '可控', '洗產地', '目前', '很熱議', '認為', '重要', '這些', '材料', '沒有', '材料', '什麼', '產不出', '一起', '壯大資產']",Positive,0.9939846396446228
M.1788600470.A.738,[情報] 2258鴻華先進 8月營收M:52.92%Y:726.07%,q1a1,2026-09-05 17:27:48,12,https://www.ptt.cc/bbs/Stock/M.1788600470.A.738.html,"1. 標題：2258 鴻華先進-創 8月營收 Mom:52.92% Yoy:726.07%

2. 來源：公開資訊觀測站

3. 網址：

4. 內文：

民國115年08月   單位：新台幣仟元

項目              營業收入淨額

去年同期          110,617
增減金額          803,161

本年累計          3,816,310
去年累計          3,330,761
增減金額          485,549
增減百分比        14.58
備註 / 營收變化原因說明 
。

--","1 標題2258 鴻華先進創 8月營收 Mom5292 Yoy72607

2 來源公開資訊觀測站

3 網址

4 內文

民國115年08月   單位新台幣仟元

項目              營業收入淨額

去年同期          110617
增減金額          803161

本年累計          3816310
去年累計          3330761
增減金額          485549
增減百分比        1458
備註  營收變化原因說明","['標題', '2258', '鴻華先', '進創', '營收', 'Mom5292', 'Yoy72607', '來源', '公開', '資訊', '觀測', '網址', '內文', '民國', '115', '08', '單位', '台幣', '項目', '營業', '收入', '淨額', '去年同期', '110617', '增減', '金額', '803161', '本年', '累計', '3816310', '去年', '累計', '3330761', '增減', '金額', '485549', '增減', '百分比', '1458', '營收', '變化', '原因', '說明']",Positive,0.8999576568603516
M.1788600217.A.DE3,[情報] 2349 錸德 火災事件說明,q1a1,2026-09-05 17:23:35,31,https://www.ptt.cc/bbs/Stock/M.1788600217.A.DE3.html,"1. 標題：公告本公司火災事件說明

2. 來源：公開資訊觀測站

3. 網址：

4. 內文：

1.事實發生日:115/09/05
2.公司名稱:科技股份有限公司
3.與公司關係(請輸入本公司或子公司):本公司
4.相互持股比例:不適用
5.


6.

7.其他應敘明事項(若事件發生或決議之主體係屬公開發行以上公司，本則重大訊息同時
  符合證券交易法施行細則第7條第9款所定對股東權益或證券價格有重大影響之事項):無
。


--","1 標題公告本公司火災事件說明

2 來源公開資訊觀測站

3 網址

4 內文

1事實發生日1150905
2公司名稱科技股份有限公司
3與公司關係請輸入本公司或子公司本公司
4相互持股比例不適用
5


6

7其他應敘明事項若事件發生或決議之主體係屬公開發行以上公司本則重大訊息同時
  符合證券交易法施行細則第7條第9款所定對股東權益或證券價格有重大影響之事項無","['標題', '公告', '公司', '火災', '事件', '說明', '來源', '公開', '資訊', '觀測', '網址', '內文', '事實發', '生日', '1150905', '公司', '名稱', '科技股份', '有限公司', '公司', '輸入', '公司', '子公司', '公司', '相互', '持股', '比例', '適用', '其他', '應敘明', '事項', '事件', '發生', '決議', '之主體', '屬公開', '發行', '以上', '公司', '本則', '重大', '訊息', '同時', '符合', '證券', '交易法', '施行', '細則', '條第', '款所定', '股東', '權益', '證券', '價格', '重大', '影響', '之事項']",Positive,0.8033740520477295
M.1788598404.A.488,[新聞] 伊朗石油命脈！ 哈格島附近爆炸聲響,omanorboyo,2026-09-05 16:53:20,39,https://www.ptt.cc/bbs/Stock/M.1788598404.A.488.html,"2026年09月05日 16:38
 陳宛貞


伊朗石油重鎮哈格島（Kharg Island）附近驚傳爆炸聲響，伊朗學生新聞網（SNN）報導
，，油輪隨後展開撤離疏散作業
，目前未傳出人員傷亡。

伊朗半官方法斯通訊社（Fars News Agency）指出，駐哈格島記者聽見多起爆炸聲響，但
未觀察到濃煙，爆炸來源目前仍不明朗。
。

哈格島是伊朗石油工業命脈，在美伊衝突升溫前，全國約9成原油出口均仰賴這座島嶼進
行處理與裝載。

，藉此向伊朗施
壓。他過去也曾公開放話，揚言奪取哈格島。不過美方目前尚未對5日的事件發表評論，
攻擊是否出自美軍之手尚不清楚。



川普老樣子 周末就開始搞事
喔對 剛好下禮拜一美股休市
這次可以連搞三天..

禮拜五夜盤VV叫 希望不會被帶賽

--","2026年09月05日 1638
 陳宛貞


伊朗石油重鎮哈格島Kharg Island附近驚傳爆炸聲響伊朗學生新聞網SNN報導
油輪隨後展開撤離疏散作業
目前未傳出人員傷亡

伊朗半官方法斯通訊社Fars News Agency指出駐哈格島記者聽見多起爆炸聲響但
未觀察到濃煙爆炸來源目前仍不明朗


哈格島是伊朗石油工業命脈在美伊衝突升溫前全國約9成原油出口均仰賴這座島嶼進
行處理與裝載

藉此向伊朗施
壓他過去也曾公開放話揚言奪取哈格島不過美方目前尚未對5日的事件發表評論
攻擊是否出自美軍之手尚不清楚



川普老樣子 周末就開始搞事
喔對 剛好下禮拜一美股休市
這次可以連搞三天

禮拜五夜盤VV叫 希望不會被帶賽","['2026', '09', '05', '1638', '宛貞', '伊朗', '石油', '重鎮', '哈格', 'Kharg', 'Island', '附近', '驚傳', '爆炸', '聲響', '伊朗', '學生', '新聞網', 'SNN', '報導', '油輪', '隨後展', '撤離', '疏散', '作業', '目前', '未傳出', '人員', '傷亡', '伊朗', '半官方', '法斯', '通訊社', 'Fars', 'News', 'Agency', '指出', '哈格', '島記者', '爆炸', '聲響', '觀察到', '濃煙', '爆炸', '來源', '目前', '不明朗', '哈格', '島是', '伊朗', '石油', '工業', '命脈', '美伊衝', '突升', '溫前', '全國約', '原油', '出口', '仰賴', '這座', '島嶼', '行處理', '裝載', '藉此', '伊朗', '過去', '公開', '放話', '揚言', '奪取', '哈格', '島不過', '美方', '目前', '尚未', '事件', '發表', '評論', '攻擊', '是否', '出自', '美軍之手', '清楚', '川普', '老樣子', '周末', '開始', '剛好', '下禮', '一美股', '休市', '這次', '可以', '連搞', '三天', '禮拜', '五夜', 'VV', '希望', '不會', '帶賽']",Positive,0.8979477286338806
M.1788596511.A.3BC,[公告] 歡迎收看 最佛心幽默的 水桶達人秀,BlueBird5566,2026-09-05 16:21:49,8,https://www.ptt.cc/bbs/Stock/M.1788596511.A.3BC.html,"1.
違規人  ：michael85913
違規文章：
違規條目：4-5-3 * 9
罰則　　：水桶 7 * 9 天
違規事證：

        *太多了 沒有全列

[1]

[2]

[3]

[4]

[5]

[6]

[7]

[8]

[9]


2.
違規人  ：Rucca
違規文章：
違規條目：4-6-1
罰則　　：水桶一年
違規事證：


3.
違規人  ：zxzx443
違規文章：
違規條目：4-6-1
罰則　　：水桶30天
違規事證：


4.
違規人  ：S233230230
違規文章：
違規條目：4-6-1
罰則　　：水桶30天
違規事證：


5.
違規人  ：august64
違規文章：
違規條目：4-6-1
罰則　　：水桶30天
違規事證：


6.
違規人  ：cityhunter04
違規條目：4-6-1
罰則　　：水桶30天
違規事證：


7.
違規人  ：meowgy
違規條目：1-2-5 4-2-5 4-6-1 4-0
罰則　　：水桶一年
違規事證：8/30  meowgy       [新聞] 確信台股會衝破5萬點 柯文哲警告：台灣真


8.
違規人  ：Boonen
違規條目：4-2-1 4-2-5 4-1
罰則　　：水桶30天
違規事證：
 作者  Boonen (Tommeke)                                           看板  Stock
 標題  [心得] 台積電如果現在還是蔡力行當執行長
 時間  Sun Aug 30 19:08:28 2026
───────────────────────────────────────



當年蔡力行橫空出世降臨接管gg, 但後來的發展大家也都知道了

如果現在還是蔡力行主導神山，會跟魏哲家的光景有差異嗎？

股價會是多少?

--


9.
違規人  ：opp9876
違規條目：1-8-4
罰則　　：刪文
違規事證：
 作者  opp9876 (歐批批)                                           看板  Stock
 標題  [創作] 猩猩點燈
 時間  Mon Aug 31 10:47:43 2026
───────────────────────────────────────


(純屬虛構 如有雷同 實屬巧合 皆為作夢 無聊廢文)


一代神曲

原作 鄭智化 星星點燈




(略)

(純屬虛構 如有雷同 實屬巧合 皆為作夢 無聊廢文)

--


10.
違規人  ：unclefucka
違規條目：4-2-1 4-4
罰則　　：水桶七天
違規事證：
 作者  unclefucka (Comic Lo )                                     看板  Stock
 標題  [心得] 靠北，記憶體最後一盤....是被剔除啥嗎？
 時間  Mon Aug 31 13:36:07 2026
───────────────────────────────────────



牙科和邦邦都六位數大量....

看衰嗎？

還是啥做帳？

-----
Sent from JPTT on my Samsung SM-S9360.

--


11.
違規人  ：fkman0831
違規條目：4-2-1 4-2-5
罰則　　：刪文
違規事證：
 作者  fkman0831 (神秘人士)                                       看板  Stock
 標題  [請益] 聯準會為何不敢嗆川寶呀？
 時間  Mon Aug 31 21:51:58 2026
───────────────────────────────────────



   大家都知道，川寶選華許就是要降息用的。
   結果華許看了數據不敢降，但是又不敢昇，怕會川寶罵
   變成進退兩難，只好在那曖味的講 目標明確通膨2% 任何手段都有可能採取。
   一系列的鷹派放話，在那哀求市場 能夠主動自然的降通膨。

  但問題是智障也知道，最大的通膨製造者 就是他的主子川寶。
  關稅啦 戰爭啦 舉債啦。
  不先去處理川寶這個通膨製造者， 他昇息到10%也沒用的啦。

  他真的要處理通膨，整天在那放話不排除昇息根本沒屁用。
  他要做就要先聯合 聯準會全體成員一起來先炮轟川寶才對，
  讓川寶早點下台，或是直接公開叫川寶退兵 ，關稅取銷。馬上就見效了。

  聯準會不是一向中立自居嗎？ 為何連敢自主發聲都不敢？

  股點： 今天賠3萬了。

--


12.
違規人  ：min510
違規條目：4-2-4 4-1
罰則　　：水桶30天
違規事證：
 作者  min510 (己欲立而立人欲達而達人)                            看板  Stock
 標題  [標的] 陽明尾盤出量16萬張
 時間  Mon Aug 31 22:28:26 2026
───────────────────────────────────────
標的：陽明*[m

分類：空(請選擇並刪除無關分類)

分析/正文：

 空，陽明尾盤一次殺16萬多張，既沒有利空消息，顯是主力所為，

 必不是散戶，看樣子完蛋了.....



進退場機制：
(喊多喊空者，必須有停損機制。  長期投資、討論、心得類免填)

 即刻逃難~ 預計跌20%才會回穩

--


13.
違規人  ：cchbrian
違規條目：4-2-1
罰則　　：併後案
違規事證：
 作者  cchbrian (天橋下說書的)                                    看板  Stock
 標題  Re: [心得] 正二動態槓桿檢查表
 時間  Tue Aug 18 19:46:01 2026
───────────────────────────────────────

bi

洗咧公三小

有這樣看的喔？

10萬點好不好呀

笑死

我唸的少 看不出來這是什麼分析

是不是高點已到啊？

洗咧公三小

--


14.
違規人  ：cchbrian
違規條目：4-2-1
罰則　　：併後案
違規事證：
 作者  cchbrian (天橋下說書的)                                    看板  Stock
 標題  [請益] 今天怎麼了？
 時間  Tue Sep  1 09:54:25 2026
───────────────────────────────────────

抱歉 很久沒進市場了

我看不懂今天在漲什麼 雖然我的45000多單被抬出去了

但我很認真的想知道今天是漲什麼？

--


15.
違規人  ：cchbrian
違規條目：4-0
罰則　　：水桶79年 +　退文
違規事證：
 作者  cchbrian (天橋下說書的)                                    看板  Stock
 標題  [請益] 砍三小
 時間  Tue Sep  1 10:04:53 2026
───────────────────────────────────────

--------------------------------------------------------------------------
有提到任一支股票請使用[標的]
有提到任一支股票請使用[標的]
有提到任一支股票請使用[標的]

發文前請先詳閱[請益]分類發文規範，未依規範發文將受處分。
根據板規 1-4-2 請益可提及標的，但是只要屬以下如：
1.問漲跌，或持股分析。  2.預測個股或產業未來性。  3.或有推薦意圖。
請使用[標的]分類並依正確格式發文，違者1-4-2處分。
---------------------按ctrl+y 可刪除以上內容。----------------------------

--


16.
違規人  ：icemaydays
違規條目：4-2-1 4-2-5
罰則　　：刪文
違規事證：
 作者  icemaydays (天若有情)                                      看板  Stock
 標題  [請益] 貝森特還有什麼事是做的好的嗎？
 時間  Wed Sep  2 12:54:52 2026
───────────────────────────────────────

他自己說要控制的是10年期美債
可現在10年期美債創新高欸

他說要幫助日元指數回歸正常
結果現在又回160了欸

貝森特還有什麼事是做的好的嗎？

股點：種種跡象顯示這次升息升定了
勸各位找機會檢視一下手上持股
看要不要先砍掉會因升息影響的

--


17.
違規人  ：PoorHunter
違規條目：4-4
罰則　　：水桶七天
違規事證：
 作者  PoorHunter (窮獵人)                                        看板  Stock
 標題  Re: [標的] 大盤空 一口轟炸機
 時間  Wed Sep  2 22:29:35 2026
───────────────────────────────────────

 空軍撤退太貪心了想吃多一點就吃反彈

哭哭




。

--


18.
違規人  ：d38485678
違規條目：1-2-3 4-1
罰則　　：刪文
違規事證：
 作者  d38485678 (oh!!!!)                                         看板  Stock
 標題  川普又想改地名！這次要把荷姆茲海峽變「川普海
 時間  Thu Sep  3 08:55:46 2026
───────────────────────────────────────

川普又想改地名！這次要把荷姆茲海峽變「川普海峽」

鉅亨網編譯段智恆

美國總統川普周三(2日)再拋地理更名構想，提議將荷姆茲海峽(Strait of Hormuz)改名
為
「川普海峽」(Trump Strait)。這條全球能源運輸要道正是美伊戰爭的主要爭奪焦點，但
目
前尚不清楚美國要如何更改一處遠離本土、涉及多國的國際水域名稱。
cover image of news article
川普又想改地名！這次要把荷姆茲海峽變「川普海峽」

川普周三上午在自家社群平台Truth Social發文表示：「既然現在已經由美國控制，我們
是
否該把荷姆茲海峽改名為『川普海峽』？」他還稱，這條海峽將如同美國一樣，「比以往
更
加火熱」，並在文末署名「美國總統唐納．J．川普」。
這是川普近期再度提議替重要地理區域改名。不到一周前，他才在與加拿大關係日益緊張
之
際簽署行政命令，將安大略湖改名為「美國湖」(Lake America)，並要求內政部長伯古姆
(D
oug Burgum)更新美國地名資訊系統。
加拿大拒絕承認這項更名，但Google(GOOGL-US)與蘋果(AAPL-US)近期已更新旗下地圖。
川
普第二任期初期也宣布將墨西哥灣改名為「美國灣」(Gulf of America)，同樣遭到墨西
哥
及其他國際夥伴拒絕。
不過，美國至少與安大略湖及墨西哥灣接壤，荷姆茲海峽則遠離美國，位於伊朗與阿曼之
間
。川普與其政府多次聲稱，伊朗已失去對海峽的控制，但船舶追蹤資料顯示，當地通行量
仍
遠低於戰前水準，近期更因區域軍事攻擊恢復而再次下降。
荷姆茲海峽在2月底戰爭爆發前，承擔全球約五分之一的石油貿易。川普政府聲稱，如果
將
沙國與阿拉伯聯合大公國透過管線繞過海峽的運輸量計入，該地區目前原油出口總量已高
於
戰前。
美國能源部長萊特(Chris Wright)周三接受《CNBC》訪問時表示，周一有超過1,700萬桶
石
油通過荷姆茲海峽，創戰爭爆發以來新高；相較之下，2月28日開戰前，每日約有2,000萬
桶
原油及成品油經由該海峽運送。



心得
全世界都是川普der

--


19.
違規人  ：come
違規條目：4-2-1 4-1
罰則　　：刪文
違規事證：
 作者  come (come come )                                          看板  Stock
 標題  [心得] 大盤可能真的到頂了，因為楊世光認錯了
 時間  Fri Sep  4 09:53:58 2026
───────────────────────────────────────


萬年空頭楊世光昨天開始認錯了
因為他的會員退訂太多，可能已經要動搖股本了
想當年，他在台積電底部喊台積電破百
每天嗆會員不爽不要訂。
每天喊AI是笑話，台灣經濟不好，比特幣會到2000。
他的會員幾乎都錯過這百年來的大多頭。
雖然偶爾會喊單成功，
像是今年台橡，然後就一直拿出來說嘴，講到下一次成功為止。每天說自己是華人最強分
析師。
前兩年他自己要買房子，每天喊空房地產，吃相實在難看。
唉唉唉唉唉

昨天，他開始認錯了！因為他退訂的會員有三成說因為財務能力退訂。
科科，由此可證，台股頂部真的到了。

--


20.
違規人  ：lobfo
違規條目：1-6-1 4-2-1 4-1
罰則　　：刪文
違規事證：
 作者  lobfo (牛耳)                                               看板  Stock
 標題  [閒聊] 費半是跟其他三指數有過節嗎??
 時間  Fri Sep  4 22:40:26 2026
───────────────────────────────────────

這幾天道那標都大漲.就費半一家狂跌
剛開盤費半漲..道那標就跌
不都是美國股市..費半為什麼唱反調?

--




以上板友如對判決不服

請至股檢板(StockPicket)申訴

--","1
違規人  michael85913
違規文章
違規條目453  9
罰則　　水桶 7  9 天
違規事證

        太多了 沒有全列

1

2

3

4

5

6

7

8

9


2
違規人  Rucca
違規文章
違規條目461
罰則　　水桶一年
違規事證


3
違規人  zxzx443
違規文章
違規條目461
罰則　　水桶30天
違規事證


4
違規人  S233230230
違規文章
違規條目461
罰則　　水桶30天
違規事證


5
違規人  august64
違規文章
違規條目461
罰則　　水桶30天
違規事證


6
違規人  cityhunter04
違規條目461
罰則　　水桶30天
違規事證


7
違規人  meowgy
違規條目125 425 461 40
罰則　　水桶一年
違規事證830  meowgy       新聞 確信台股會衝破5萬點 柯文哲警告台灣真


8
違規人  Boonen
違規條目421 425 41
罰則　　水桶30天
違規事證
 作者  Boonen Tommeke                                           看板  Stock
 標題  心得 台積電如果現在還是蔡力行當執行長
 時間  Sun Aug 30 190828 2026




當年蔡力行橫空出世降臨接管gg 但後來的發展大家也都知道了

如果現在還是蔡力行主導神山會跟魏哲家的光景有差異嗎

股價會是多少




9
違規人  opp9876
違規條目184
罰則　　刪文
違規事證
 作者  opp9876 歐批批                                           看板  Stock
 標題  創作 猩猩點燈
 時間  Mon Aug 31 104743 2026



純屬虛構 如有雷同 實屬巧合 皆為作夢 無聊廢文


一代神曲

原作 鄭智化 星星點燈




略

純屬虛構 如有雷同 實屬巧合 皆為作夢 無聊廢文




10
違規人  unclefucka
違規條目421 44
罰則　　水桶七天
違規事證
 作者  unclefucka Comic Lo                                      看板  Stock
 標題  心得 靠北記憶體最後一盤是被剔除啥嗎
 時間  Mon Aug 31 133607 2026




牙科和邦邦都六位數大量

看衰嗎

還是啥做帳


Sent from JPTT on my Samsung SMS9360




11
違規人  fkman0831
違規條目421 425
罰則　　刪文
違規事證
 作者  fkman0831 神秘人士                                       看板  Stock
 標題  請益 聯準會為何不敢嗆川寶呀
 時間  Mon Aug 31 215158 2026




   大家都知道川寶選華許就是要降息用的
   結果華許看了數據不敢降但是又不敢昇怕會川寶罵
   變成進退兩難只好在那曖味的講 目標明確通膨2 任何手段都有可能採取
   一系列的鷹派放話在那哀求市場 能夠主動自然的降通膨

  但問題是智障也知道最大的通膨製造者 就是他的主子川寶
  關稅啦 戰爭啦 舉債啦
  不先去處理川寶這個通膨製造者 他昇息到10也沒用的啦

  他真的要處理通膨整天在那放話不排除昇息根本沒屁用
  他要做就要先聯合 聯準會全體成員一起來先炮轟川寶才對
  讓川寶早點下台或是直接公開叫川寶退兵 關稅取銷馬上就見效了

  聯準會不是一向中立自居嗎 為何連敢自主發聲都不敢

  股點 今天賠3萬了




12
違規人  min510
違規條目424 41
罰則　　水桶30天
違規事證
 作者  min510 己欲立而立人欲達而達人                            看板  Stock
 標題  標的 陽明尾盤出量16萬張
 時間  Mon Aug 31 222826 2026

標的陽明m

分類空請選擇並刪除無關分類

分析正文

 空陽明尾盤一次殺16萬多張既沒有利空消息顯是主力所為

 必不是散戶看樣子完蛋了



進退場機制
喊多喊空者必須有停損機制  長期投資討論心得類免填

 即刻逃難 預計跌20才會回穩




13
違規人  cchbrian
違規條目421
罰則　　併後案
違規事證
 作者  cchbrian 天橋下說書的                                    看板  Stock
 標題  Re 心得 正二動態槓桿檢查表
 時間  Tue Aug 18 194601 2026


bi

洗咧公三小

有這樣看的喔

10萬點好不好呀

笑死

我唸的少 看不出來這是什麼分析

是不是高點已到啊

洗咧公三小




14
違規人  cchbrian
違規條目421
罰則　　併後案
違規事證
 作者  cchbrian 天橋下說書的                                    看板  Stock
 標題  請益 今天怎麼了
 時間  Tue Sep  1 095425 2026


抱歉 很久沒進市場了

我看不懂今天在漲什麼 雖然我的45000多單被抬出去了

但我很認真的想知道今天是漲什麼




15
違規人  cchbrian
違規條目40
罰則　　水桶79年 　退文
違規事證
 作者  cchbrian 天橋下說書的                                    看板  Stock
 標題  請益 砍三小
 時間  Tue Sep  1 100453 2026



有提到任一支股票請使用標的
有提到任一支股票請使用標的
有提到任一支股票請使用標的

發文前請先詳閱請益分類發文規範未依規範發文將受處分
根據板規 142 請益可提及標的但是只要屬以下如
1問漲跌或持股分析  2預測個股或產業未來性  3或有推薦意圖
請使用標的分類並依正確格式發文違者142處分
按ctrly 可刪除以上內容




16
違規人  icemaydays
違規條目421 425
罰則　　刪文
違規事證
 作者  icemaydays 天若有情                                      看板  Stock
 標題  請益 貝森特還有什麼事是做的好的嗎
 時間  Wed Sep  2 125452 2026


他自己說要控制的是10年期美債
可現在10年期美債創新高欸

他說要幫助日元指數回歸正常
結果現在又回160了欸

貝森特還有什麼事是做的好的嗎

股點種種跡象顯示這次升息升定了
勸各位找機會檢視一下手上持股
看要不要先砍掉會因升息影響的




17
違規人  PoorHunter
違規條目44
罰則　　水桶七天
違規事證
 作者  PoorHunter 窮獵人                                        看板  Stock
 標題  Re 標的 大盤空 一口轟炸機
 時間  Wed Sep  2 222935 2026


 空軍撤退太貪心了想吃多一點就吃反彈

哭哭









18
違規人  d38485678
違規條目123 41
罰則　　刪文
違規事證
 作者  d38485678 oh                                         看板  Stock
 標題  川普又想改地名這次要把荷姆茲海峽變川普海
 時間  Thu Sep  3 085546 2026


川普又想改地名這次要把荷姆茲海峽變川普海峽

鉅亨網編譯段智恆

美國總統川普周三2日再拋地理更名構想提議將荷姆茲海峽Strait of Hormuz改名
為
川普海峽Trump Strait這條全球能源運輸要道正是美伊戰爭的主要爭奪焦點但
目
前尚不清楚美國要如何更改一處遠離本土涉及多國的國際水域名稱
cover image of news article
川普又想改地名這次要把荷姆茲海峽變川普海峽

川普周三上午在自家社群平台Truth Social發文表示既然現在已經由美國控制我們
是
否該把荷姆茲海峽改名為川普海峽他還稱這條海峽將如同美國一樣比以往
更
加火熱並在文末署名美國總統唐納J川普
這是川普近期再度提議替重要地理區域改名不到一周前他才在與加拿大關係日益緊張
之
際簽署行政命令將安大略湖改名為美國湖Lake America並要求內政部長伯古姆
D
oug Burgum更新美國地名資訊系統
加拿大拒絕承認這項更名但GoogleGOOGLUS與蘋果AAPLUS近期已更新旗下地圖
川
普第二任期初期也宣布將墨西哥灣改名為美國灣Gulf of America同樣遭到墨西
哥
及其他國際夥伴拒絕
不過美國至少與安大略湖及墨西哥灣接壤荷姆茲海峽則遠離美國位於伊朗與阿曼之
間
川普與其政府多次聲稱伊朗已失去對海峽的控制但船舶追蹤資料顯示當地通行量
仍
遠低於戰前水準近期更因區域軍事攻擊恢復而再次下降
荷姆茲海峽在2月底戰爭爆發前承擔全球約五分之一的石油貿易川普政府聲稱如果
將
沙國與阿拉伯聯合大公國透過管線繞過海峽的運輸量計入該地區目前原油出口總量已高
於
戰前
美國能源部長萊特Chris Wright周三接受CNBC訪問時表示周一有超過1700萬桶
石
油通過荷姆茲海峽創戰爭爆發以來新高相較之下2月28日開戰前每日約有2000萬
桶
原油及成品油經由該海峽運送



心得
全世界都是川普der




19
違規人  come
違規條目421 41
罰則　　刪文
違規事證
 作者  come come come                                           看板  Stock
 標題  心得 大盤可能真的到頂了因為楊世光認錯了
 時間  Fri Sep  4 095358 2026



萬年空頭楊世光昨天開始認錯了
因為他的會員退訂太多可能已經要動搖股本了
想當年他在台積電底部喊台積電破百
每天嗆會員不爽不要訂
每天喊AI是笑話台灣經濟不好比特幣會到2000
他的會員幾乎都錯過這百年來的大多頭
雖然偶爾會喊單成功
像是今年台橡然後就一直拿出來說嘴講到下一次成功為止每天說自己是華人最強分
析師
前兩年他自己要買房子每天喊空房地產吃相實在難看
唉唉唉唉唉

昨天他開始認錯了因為他退訂的會員有三成說因為財務能力退訂
科科由此可證台股頂部真的到了




20
違規人  lobfo
違規條目161 421 41
罰則　　刪文
違規事證
 作者  lobfo 牛耳                                               看板  Stock
 標題  閒聊 費半是跟其他三指數有過節嗎
 時間  Fri Sep  4 224026 2026


這幾天道那標都大漲就費半一家狂跌
剛開盤費半漲道那標就跌
不都是美國股市費半為什麼唱反調","['違規人', 'michael85913', '違規', '文章', '違規', '條目', '453', '罰則', '水桶', '違規事證', '太多', '沒有', '全列', '違規人', 'Rucca', '違規', '文章', '違規', '條目', '461', '罰則', '水桶', '一年', '違規事證', '違規人', 'zxzx443', '違規', '文章', '違規', '條目', '461', '罰則', '水桶', '30', '違規事證', '違規人', 'S233230230', '違規', '文章', '違規', '條目', '461', '罰則', '水桶', '30', '違規事證', '違規人', 'august64', '違規', '文章', '違規', '條目', '461', '罰則', '水桶', '30', '違規事證', '違規人', 'cityhunter04', '違規', '條目', '461', '罰則', '水桶', '30', '違規事證', '違規人', 'meowgy', '違規', '條目', '125', '425', '461', '40', '罰則', '水桶', '一年', '違規事證', '830', 'meowgy', '新聞', '確信台', '股會', '衝破', '萬點', '柯文', '警告', '台灣', '違規人', 'Boonen', '違規', '條目', '421', '425', '41', '罰則', '水桶', '30', '違規事證', '作者', 'Boonen', 'Tommeke', 'Stock', '標題', '心得', '台積電', '如果', '現在', '還是', '力行', '當執', '行長', '時間', 'Sun', 'Aug', '30', '190828', '2026', '當年', '力行', '橫空', '出世', '降臨', '接管', 'gg', '但後來', '發展', '大家', '知道', '如果', '現在', '還是', '力行', '主導', '神山', '魏哲家', '光景', '差異', '股價會', '多少', '違規人', 'opp9876', '違規', '條目', '184', '罰則', '刪文', '違規事證', '作者', 'opp9876', '歐批', 'Stock', '標題', '創作', '猩猩', '點燈', '時間', 'Mon', 'Aug', '31', '104743', '2026', '純屬', '虛構', '如有雷同', '實屬', '巧合', '作夢', '無聊', '廢文', '一代', '神曲', '原作', '鄭智化', '星星', '點燈', '純屬', '虛構', '如有雷同', '實屬', '巧合', '作夢', '無聊', '廢文', '10', '違規人', 'unclefucka', '違規', '條目', '421', '44', '罰則', '水桶', '七天', '違規事證', '作者', 'unclefucka', 'Comic', 'Lo', 'Stock', '標題', '心得', '靠北', '記憶體', '最後一盤', '剔除', '時間', 'Mon', 'Aug', '31', '133607', '2026', '牙科', '和邦邦', '六位', '大量', '看衰', '還是', '做帳', 'Sent', 'from', 'JPTT', 'on', 'my', 'Samsung', 'SMS9360', '11', '違規人', 'fkman0831', '違規', '條目', '421', '425', '罰則', '刪文', '違規事證', '作者', 'fkman0831', '神秘', '人士', 'Stock', '標題', '請益', '聯準', '為何', '不敢', '川寶呀', '時間', 'Mon', 'Aug', '31', '215158', '2026', '大家', '知道', '川寶選華許', '就是', '降息', '結果', '華許', '數據', '不敢', '但是', '不敢', '會川寶罵', '變成', '進退', '兩難', '只好', '曖味', '目標明', '確通', '任何', '手段', '可能', '採取', '一系列', '放話', '哀求', '市場', '能夠', '主動', '自然', '降通', '問題', '智障', '知道', '最大', '就是', '主子', '關稅', '戰爭', '舉債', '不先去', '處理川', '這個', '10', '沒用', '真的', '處理通', '整天', '那放話', '排除', '根本', '屁用', '就要', '先聯合', '聯準', '全體', '成員', '一起', '先炮', '轟川寶才', '寶早點', '下台', '或是', '直接', '公開', '叫川', '退兵', '關稅', '取銷', '見效', '聯準', '不是', '一向', '中立', '自居', '為何', '連敢', '自主', '發聲', '不敢', '股點', '今天', '12', '違規人', 'min510', '違規', '條目', '424', '41', '罰則', '水桶', '30', '違規事證', '作者', 'min510', '己欲立', '而立', '人欲達', 'Stock', '標題', '陽明', '尾盤', '出量', '16', '萬張', '時間', 'Mon', 'Aug', '31', '222826', '2026', '陽明', '分類', '空請', '選擇並', '刪除', '無關', '分類', '分析', '正文', '空陽', '明尾盤', '一次', '16', '萬多張', '利空消息', '顯是', '主力', '所為', '不是', '散戶', '看樣子', '完蛋', '進退場', '機制', '空者', '必須', '停損', '機制', '投資', '討論', '心得', '類免', '即刻', '逃難', '預計', '20', '回穩', '13', '違規人', 'cchbrian', '違規', '條目', '421', '罰則', '違規事證', '作者', 'cchbrian', '天橋', 'Stock', '標題', 'Re', '心得', '正二動態', '槓桿檢', '查表', '時間', 'Tue', 'Aug', '18', '194601', '2026', 'bi', '洗咧公三小', '這樣', '10', '萬點', '好不好', '看不出', '這是', '什麼', '分析', '是不是', '高點', '洗咧公三小', '14', '違規人', 'cchbrian', '違規', '條目', '421', '罰則', '違規事證', '作者', 'cchbrian', '天橋', 'Stock', '標題', '請益', '今天', '怎麼', '時間', 'Tue', 'Sep', '095425', '2026', '抱歉', '很久', '沒進', '市場', '看不懂', '今天', '什麼', '雖然', '45000', '多單', '抬出去', '很認', '真的', '知道', '今天', '什麼', '15', '違規人', 'cchbrian', '違規', '條目', '40', '罰則', '水桶', '79', '退文', '違規事證', '作者', 'cchbrian', '天橋', 'Stock', '標題', '請益', '時間', 'Tue', 'Sep', '100453', '2026', '提到', '一支', '股票', '使用', '提到', '一支', '股票', '使用', '提到', '一支', '股票', '使用', '發文前', '詳閱', '請益', '分類', '發文', '規範未', '依規範', '發文將', '處分', '根據', '板規', '142', '請益', '提及', '但是', '只要', '以下', '問漲', '持股', '分析', '預測個', '產業', '未來性', '推薦', '意圖', '使用', '分類', '並依正確', '格式', '發文', '違者', '142', '處分', 'ctrly', '刪除', '以上', '內容', '16', '違規人', 'icemaydays', '違規', '條目', '421', '425', '罰則', '刪文', '違規事證', '作者', 'icemaydays', '若有情', 'Stock', '標題', '請益', '貝森特', '還有', '什麼', '時間', 'Wed', 'Sep', '125452', '2026', '自己', '控制', '10', '年期', '美債', '可現', '10', '年期', '美債', '新高', '幫助', '日元', '指數', '回歸', '正常', '結果現', '160', '貝森特', '還有', '什麼', '股點', '種種', '跡象', '顯示', '這次', '升息', '升定', '各位', '機會', '檢視', '一下', '手上', '持股', '看要', '不要', '砍掉', '會因', '升息', '影響', '17', '違規人', 'PoorHunter', '違規', '條目', '44', '罰則', '水桶', '七天', '違規事證', '作者', 'PoorHunter', '窮獵', 'Stock', '標題', 'Re', '大盤', '一口', '轟炸機', '時間', 'Wed', 'Sep', '222935', '2026', '撤退', '貪心', '一點', '反彈', '哭哭', '18', '違規人', 'd38485678', '違規', '條目', '123', '41', '罰則', '刪文', '違規事證', '作者', 'd38485678', 'oh', 'Stock', '標題', '川普', '地名', '次要', '荷姆茲海峽', '變川', '普海', '時間', 'Thu', 'Sep', '085546', '2026', '川普', '地名', '次要', '荷姆茲海峽', '變川', '普海峽', '亨網', '編譯', '智恆', '美國', '統川普', '周三', '地理', '更名', '構想', '提議將', '荷姆茲海峽', 'Strait', 'of', 'Hormuz', '改名', '川普海峽', 'Trump', 'Strait', '這條', '全球', '能源', '運輸要', '正是', '美伊戰爭', '主要', '爭奪', '焦點', '前尚', '清楚', '美國要', '如何', '更改', '一處', '遠離', '本土', '涉及', '多國', '國際', '水域', '名稱', 'cover', 'image', 'of', 'news', 'article', '川普', '地名', '次要', '荷姆茲海峽', '變川', '普海峽', '川普', '周三', '上午', '自家', '社群', '平台', 'Truth', 'Social', '發文', '表示', '既然', '現在', '已經', '美國', '控制', '我們', '否該', '荷姆茲海峽', '改名', '為川', '普海峽', '還稱', '這條', '海峽將', '如同', '美國', '一樣', '以往', '加火', '熱並', '文末', '署名', '美國', '總統', '唐納', '川普', '這是', '川普', '近期', '再度', '提議', '重要', '地理', '區域', '改名', '不到', '一周', '加拿大', '日益', '緊張', '簽署', '行政命令', '安大略湖', '改名', '美國湖', 'Lake', 'America', '要求', '內政部長', '伯古姆', 'oug', 'Burgum', '更新', '美國', '地名', '資訊系統', '加拿大', '拒絕', '承認', '這項', '更名', 'GoogleGOOGLUS', '蘋果', 'AAPLUS', '近期', '更新', '旗下', '地圖', '第二', '任期', '初期', '宣布', '墨西哥', '改名', '美國灣', 'Gulf', 'of', 'America', '同樣', '遭到', '墨西', '及其', '他國際夥伴', '拒絕', '不過', '美國', '至少', '安大略湖', '墨西哥', '接壤', '荷姆茲', '海峽則', '遠離', '美國位', '伊朗', '阿曼', '川普', '政府', '多次', '聲稱', '伊朗', '失去', '對海峽', '控制', '船舶', '通行', '遠低', '戰前', '水準', '近期', '因區域', '軍事', '攻擊', '再次', '下降', '荷姆茲海峽', '月底', '戰爭', '爆發', '前承擔', '全球', '五分之一', '石油', '貿易川普', '政府', '聲稱', '如果', '沙國', '阿拉伯', '聯合', '大公', '國透過', '管線', '過海峽', '運輸量', '計入', '地區', '目前', '原油', '出口', '總量', '戰前', '美國', '能源部', '萊特', 'Chris', 'Wright', '周三', '接受', 'CNBC', '訪問', '表示', '周一', '超過', '1700', '萬桶', '油通過', '荷姆茲海峽', '創戰爭', '爆發', '以來', '新高', '相較', '之下', '28', '日開', '戰前', '每日', '2000', '原油', '成品油', '經由該', '海峽', '運送', '心得', '全世界', '川普', 'der', '19', '違規人', 'come', '違規', '條目', '421', '41', '罰則', '刪文', '違規事證', '作者', 'come', 'come', 'come', 'Stock', '標題', '心得', '大盤', '可能', '真的', '因為', '楊世光', '認錯', '時間', 'Fri', 'Sep', '095358', '2026', '萬年', '空頭', '楊世光', '昨天', '開始', '認錯', '因為', '會員', '退訂', '太多', '可能', '已經要', '動搖', '股本', '當年', '台積電', '底部', '台積電', '破百', '每天', '會員', '不爽', '不要', '每天', 'AI', '台灣', '經濟', '不好', '比特', '幣會', '2000', '會員', '幾乎', '錯過', '百年', '多頭', '雖然', '偶爾會', '成功', '像是', '今年', '台橡然', '一直', '拿出', '講到', '一次', '成功', '為止', '每天', '自己', '華人', '強分', '析師', '兩年', '自己', '房子', '每天', '空房', '地產', '相實', '昨天', '開始', '認錯', '因為', '退訂', '會員有', '三成', '因為', '財務', '能力', '退訂', '科科', '由此', '可證', '台股', '頂部', '真的', '20', '違規人', 'lobfo', '違規', '條目', '161', '421', '41', '罰則', '刪文', '違規事證', '作者', 'lobfo', '牛耳', 'Stock', '標題', '閒聊', '費半是', '其他', '三指數', '過節', '時間', 'Fri', 'Sep', '224026', '2026', '這幾', '天道', '那標', '大漲', '費半', '一家', '狂跌', '剛開', '盤費', '半漲', '那標', '美國', '股市', '費半為', '什麼', '唱反']",Negative,0.9832456111907959
M.1788594977.A.2B4,[請益] 台股早盤開盤拉高時的停利順序,patron22,2026-09-05 15:56:13,25,https://www.ptt.cc/bbs/Stock/M.1788594977.A.2B4.html,"如題 有在做期貨的大家應該有發現 台股近期幾乎每天8:45-8:50這段只要開高

到了9點現貨開盤時都會有不小的回落


1. 想請教大家持有多單做波段的經驗  會在這段20分左右的時間 即使不做空

也先拋多單 再等低接嗎  雖然有賣飛的風險 但是過去一個月看起來

不管台指期(還是個股期 幾乎沒有開高走高的


2.如果要做這種波段 優先高拋的順序會是什麼呢

我目前持有  小台多單  個股期 日月光  慘的牙科華崩旺綠 抄底小套中的國巨

目前操作是8:45先看鬼指開的位置 如果突破夜盤高點 會再9點前先出小台

接著看個股期 如果開高2-3趴出一半 平盤的先不動 我自己個股期不做空

還是應該反過來 先拋開高漲多的個股 再拋小台呢


不知道有沒有推薦更好的做法 或是該觀察什麼  或是有人願意分享自己的做法也好

畢竟都有各自的風險和優點


雖然很多人說不要這樣殺進殺出要長抱 但是每天這樣開高走低真的心很累XD


上來跟想大家請益學習一下 感謝



--
   
           
  
               
          ╯ξ 
           ()

--","如題 有在做期貨的大家應該有發現 台股近期幾乎每天845850這段只要開高

到了9點現貨開盤時都會有不小的回落


1 想請教大家持有多單做波段的經驗  會在這段20分左右的時間 即使不做空

也先拋多單 再等低接嗎  雖然有賣飛的風險 但是過去一個月看起來

不管台指期還是個股期 幾乎沒有開高走高的


2如果要做這種波段 優先高拋的順序會是什麼呢

我目前持有  小台多單  個股期 日月光  慘的牙科華崩旺綠 抄底小套中的國巨

目前操作是845先看鬼指開的位置 如果突破夜盤高點 會再9點前先出小台

接著看個股期 如果開高23趴出一半 平盤的先不動 我自己個股期不做空

還是應該反過來 先拋開高漲多的個股 再拋小台呢


不知道有沒有推薦更好的做法 或是該觀察什麼  或是有人願意分享自己的做法也好

畢竟都有各自的風險和優點


雖然很多人說不要這樣殺進殺出要長抱 但是每天這樣開高走低真的心很累XD


上來跟想大家請益學習一下 感謝","['如題', '期貨', '大家', '應該', '發現', '台股', '近期', '幾乎', '每天', '845850', '這段', '只要', '開高', '點現', '貨開盤', '不小', '回落', '大家', '持有', '多單', '波段', '經驗', '這段', '20', '左右', '時間', '即使', '拋多單', '低接', '雖然', '風險', '但是', '過去', '一個', '起來', '不管', '指期', '還是', '股期', '幾乎', '沒有', '開高', '走高', '如果', '這種', '波段', '優先', '順序', '什麼', '目前', '持有', '小台', '多單', '股期', '月光', '慘的', '牙科', '華崩旺', '抄底', '小套', '國巨', '目前', '操作', '845', '先看', '指開', '位置', '如果', '突破', '夜盤', '高點', '點前', '先出', '小台', '接著', '看個', '股期', '如果', '開高', '23', '趴出', '一半', '平盤', '先不動', '自己', '股期', '還是', '應該', '反過', '拋開', '高漲', '拋小台', '知道', '推薦', '更好', '做法', '或是', '觀察什麼', '或是', '有人', '願意', '分享', '自己', '做法', '也好', '畢竟', '各自', '風險', '優點', '雖然', '很多', '不要', '這樣', '進殺', '出要', '但是', '每天', '這樣', '開高', '走低', '真的', 'XD', '上來', '大家', '請益', '學習', '一下', '感謝']",Positive,0.8811878561973572
M.1788593429.A.E60,[情報] 2317 鴻海 115年8月營收,BlueBird5566,2026-09-05 15:30:26,93,https://www.ptt.cc/bbs/Stock/M.1788593429.A.E60.html,"標題：2317 鴻海 115年8月營收

來源：公開資訊觀測站
(公司名、網站名)

網址：
(請善用縮網址工具)

內文：


本資料由　(上市公司)鴻海　公司提供
民國115年08月   單位：新台幣仟元

項目    營業收入淨額
本月      921,766,023
去年同期          606,512,275
增減金額          315,253,748
增減百分比        
本年累計          6,511,139,274
去年累計          4,659,897,316
增減金額          1,851,241,958
增減百分比        
備註 / 營收變化原因說明 





1月 730,039,420
2月 595,813,348
3月 803,737,716
4月 832,097,956
5月 859,409,333
6月 821,762,936
7月 946,512,543
8月 

--","標題2317 鴻海 115年8月營收

來源公開資訊觀測站
公司名網站名

網址
請善用縮網址工具

內文


本資料由　上市公司鴻海　公司提供
民國115年08月   單位新台幣仟元

項目    營業收入淨額
本月      921766023
去年同期          606512275
增減金額          315253748
增減百分比        
本年累計          6511139274
去年累計          4659897316
增減金額          1851241958
增減百分比        
備註  營收變化原因說明 





1月 730039420
2月 595813348
3月 803737716
4月 832097956
5月 859409333
6月 821762936
7月 946512543
8月","['標題', '2317', '鴻海', '115', '營收', '來源', '公開', '資訊', '觀測', '公司', '名網', '站名', '網址', '善用', '縮網址', '工具', '內文', '本資料', '上市公司', '鴻海', '公司', '提供', '民國', '115', '08', '單位', '台幣', '項目', '營業', '收入', '淨額', '本月', '921766023', '去年同期', '606512275', '增減', '金額', '315253748', '增減', '百分比', '本年', '累計', '6511139274', '去年', '累計', '4659897316', '增減', '金額', '1851241958', '增減', '百分比', '營收', '變化', '原因', '說明', '730039420', '595813348', '803737716', '832097956', '859409333', '821762936', '946512543']",Positive,0.9393565654754639
M.1788592761.A.AA5,[新聞] 再裁員！福斯汽車計畫大裁十萬人　德國四,keel90135,2026-09-05 15:19:19,80,https://www.ptt.cc/bbs/Stock/M.1788592761.A.AA5.html,"再裁員！福斯汽車計畫大裁十萬人　德國四工廠恐將面臨關閉





 

2026/09/04



莊佳芳



德國汽車巨頭福斯（Volkswagen）受全球市場劇變衝擊，宣布於2030年前再裁員5萬人，
總裁員數達10萬，佔全球員工15%。面對美國關稅壓力與中國平價電動車強勢競爭，福斯
產能過剩問題嚴峻，德國境內四座工廠更面臨關廠危機。專家分析，福斯生產成本遠高於
中國車企，此波危機不僅是福斯經營考驗，更反映出德國製造業正面臨攸關生存的轉折點
。公司正積極評估工廠轉型方案，試圖在成本與市場競爭力間尋求平衡，以應對產業結構
性的巨大挑戰。

德國老牌汽車製造商福斯（Volkswagen）宣布，受到美國關稅及中國平價汽車競爭影響，
為了進一步降低成本，將在2030年前再裁員5萬人。加上先前已經達成協議的5萬名裁員人
數，總計將裁減10萬名員工，相當於福斯全球員工總數15%左右。福斯發布聲明表示，系
統地依據經濟現況來調整人力配置對福斯來說有其必要性。

福斯預估總生產數將減少約一半，而管理層與工會也認為，位在德國的四間工廠可能在未
來八年內關廠，若真的關廠將是福斯首次在德國境內關閉完整的大型工廠。但福斯執行長
布魯莫（Oliver Blume）表示，目前仍在尋找用改為其他用途的可能性。

中國低價車衝擊德國市場　專家：這場危機攸關存亡

《衛報》報導，大眾汽車在歐洲市場面臨來自中國企業的競爭、中國市場的銷售量下滑，
以及美國高關稅的多重壓力。但早在此之前，福斯就已經在歐洲市場面臨利潤下滑、產能
過剩的困境。在中國市場苦苦掙扎的歐洲車廠不只福斯，BMW也因為美伊戰爭以及中國市
場營運不力，下調了今年的獲利預期。

《紐約時報》報導，福斯現在的處境其實是德國製造業的縮影。來自中國的廉價車款湧入
歐洲市場，衝擊德國車廠的製造力與獲利，引起各界關注，紛紛呼籲應對中國採取更強硬
的措施，以彌平中國官方補貼所帶來的不公平競爭。

花旗研究（Citi Research）董事總經理兼歐洲汽車與汽車零部件首席分析師亨德里克塞
（Harald Hendrikse）表示，福斯汽車在歐洲生產的成本遠高於中國汽車在中國生產。因
此，對福斯、甚至是更廣泛的德國工業與製造業來說，這場危機是「攸關生死」的。



沒有想到德國汽車也有這一天

大裁員10萬人

德國境內工廠準備關閉

福斯股價五年內已經腰斬了

近期跌到10幾年新低

雖然宣布大裁員後大漲

但能撐多久呢?

--","再裁員福斯汽車計畫大裁十萬人　德國四工廠恐將面臨關閉





 

20260904



莊佳芳



德國汽車巨頭福斯Volkswagen受全球市場劇變衝擊宣布於2030年前再裁員5萬人
總裁員數達10萬佔全球員工15面對美國關稅壓力與中國平價電動車強勢競爭福斯
產能過剩問題嚴峻德國境內四座工廠更面臨關廠危機專家分析福斯生產成本遠高於
中國車企此波危機不僅是福斯經營考驗更反映出德國製造業正面臨攸關生存的轉折點
公司正積極評估工廠轉型方案試圖在成本與市場競爭力間尋求平衡以應對產業結構
性的巨大挑戰

德國老牌汽車製造商福斯Volkswagen宣布受到美國關稅及中國平價汽車競爭影響
為了進一步降低成本將在2030年前再裁員5萬人加上先前已經達成協議的5萬名裁員人
數總計將裁減10萬名員工相當於福斯全球員工總數15左右福斯發布聲明表示系
統地依據經濟現況來調整人力配置對福斯來說有其必要性

福斯預估總生產數將減少約一半而管理層與工會也認為位在德國的四間工廠可能在未
來八年內關廠若真的關廠將是福斯首次在德國境內關閉完整的大型工廠但福斯執行長
布魯莫Oliver Blume表示目前仍在尋找用改為其他用途的可能性

中國低價車衝擊德國市場　專家這場危機攸關存亡

衛報報導大眾汽車在歐洲市場面臨來自中國企業的競爭中國市場的銷售量下滑
以及美國高關稅的多重壓力但早在此之前福斯就已經在歐洲市場面臨利潤下滑產能
過剩的困境在中國市場苦苦掙扎的歐洲車廠不只福斯BMW也因為美伊戰爭以及中國市
場營運不力下調了今年的獲利預期

紐約時報報導福斯現在的處境其實是德國製造業的縮影來自中國的廉價車款湧入
歐洲市場衝擊德國車廠的製造力與獲利引起各界關注紛紛呼籲應對中國採取更強硬
的措施以彌平中國官方補貼所帶來的不公平競爭

花旗研究Citi Research董事總經理兼歐洲汽車與汽車零部件首席分析師亨德里克塞
Harald Hendrikse表示福斯汽車在歐洲生產的成本遠高於中國汽車在中國生產因
此對福斯甚至是更廣泛的德國工業與製造業來說這場危機是攸關生死的



沒有想到德國汽車也有這一天

大裁員10萬人

德國境內工廠準備關閉

福斯股價五年內已經腰斬了

近期跌到10幾年新低

雖然宣布大裁員後大漲

但能撐多久呢","['裁員', '福斯', '汽車', '計畫', '大裁', '十萬人', '德國', '四工廠', '恐將', '面臨', '關閉', '20260904', '莊佳芳', '德國', '汽車', '巨頭', '福斯', 'Volkswagen', '全球', '市場', '劇變', '衝擊', '宣布', '2030', '年前', '裁員', '萬人', '總裁員數', '10', '全球', '員工', '15', '面對', '美國', '關稅', '壓力', '中國', '平價', '電動車', '強勢', '競爭', '福斯', '產能', '過剩', '問題', '峻德', '國境', '四座', '工廠', '面臨', '關廠', '危機', '專家', '分析', '福斯', '生產', '成本', '遠高', '中國車', '企此波', '危機', '不僅', '福斯', '經營', '考驗', '反映', '出德', '正面', '臨攸關', '生存', '轉折點', '公司', '正積', '極評', '估工廠', '轉型', '方案', '試圖', '成本', '市場', '競爭', '力間', '尋求', '平衡', '以應', '對產業', '結構', '巨大', '挑戰', '德國', '老牌', '福斯', 'Volkswagen', '宣布', '受到', '美國', '關稅', '中國', '平價', '汽車', '競爭', '影響', '一步', '降低成本', '將在', '2030', '年前', '裁員', '萬人', '加上', '先前', '已經', '達成', '協議', '萬名', '裁員人', '數總計', '將裁減', '10', '萬名員工', '相當', '福斯', '全球', '員工', '總數', '15', '左右', '福斯', '發布', '聲明', '表示', '統地', '依據', '經濟', '現況', '調整', '人力', '配置', '福斯', '必要性', '福斯', '預估', '總生', '產數將', '減少', '一半', '管理', '工會', '認為', '德國', '四間', '工廠', '可能', '八年', '內關', '真的', '關廠', '將是', '福斯', '首次', '德國境', '關閉', '完整', '大型', '工廠', '福斯', '執行長', '布魯莫', 'Oliver', 'Blume', '表示', '目前', '尋找', '改為', '其他', '用途', '可能性', '中國', '價車', '衝擊德國', '市場', '專家', '這場', '危機', '攸關', '存亡', '衛報', '報導大眾', '汽車', '歐洲', '市場面', '臨來', '自中國', '企業', '競爭', '中國', '市場', '銷售量', '下滑', '以及', '美國高', '關稅', '多重', '壓力', '在此之前', '福斯', '已經', '歐洲', '市場面', '臨利潤', '下滑', '產能', '過剩', '困境', '中國', '市場', '苦苦', '掙扎', '歐洲', '車廠', '福斯', 'BMW', '因為', '美伊戰爭', '以及', '中國市', '場營運', '不力', '下調', '今年', '獲利', '預期', '紐約', '時報', '報導', '福斯', '現在', '處境', '其實', '歐洲', '市場', '衝擊德國', '車廠', '引起', '各界', '關注', '紛紛', '呼籲應', '中國', '採取', '更強', '措施', '以彌平', '中國', '官方', '補貼', '公平', '競爭', '花旗', '研究', 'Citi', 'Research', '董事', '總經理', '歐洲', '汽車', '汽車', '零部件', '首席', '分析', '師亨', '德里克', 'Harald', 'Hendrikse', '表示', '福斯', '汽車', '歐洲', '生產', '成本', '遠高', '中國', '汽車', '中國', '生產因', '福斯', '甚至', '廣泛', '德國', '工業', '生死', '沒有', '想到', '德國', '汽車', '一天', '大裁員', '10', '萬人', '德國境', '工廠', '準備', '關閉', '福斯', '股價', '五年', '已經', '近期', '跌到', '10', '幾年', '新低', '雖然', '宣布', '大裁員後大漲', '多久']",Positive,0.9729734063148499
M.1788587608.A.04C,"[新聞] 台電：累虧已達3,722億元 盼各界支持預",brbear,2026-09-05 13:53:25,95,https://www.ptt.cc/bbs/Stock/M.1788587608.A.04C.html,"台電：累虧已達3,722億元 盼各界支持預算撥補

2026-09-04  經濟日報 記者洪安怡／台北即時報導

台電強調，政府預算撥補台電就是補貼全民用電成本。聯合報系資料照

行政院拍板2026年度追加預算案撥補台電711億元，台電4日表示，近來中東局勢帶動天然
氣價格大漲，政府攜手油電「頂住通膨」穩定國內物價，以追加預算撥補台電，就是補貼
全民用電成本，穩定物價、照顧民生，同時兼顧產業競爭力。

台電說明，中東戰事震盪國際燃料價格，中油為配合政府穩定物價實施民生用戶天然氣價
凍漲、電業用戶氣價大幅調漲。自今年4月起累計漲幅超過60%，天然氣成本漲幅由台電承
擔。截至今年8月底，台電天然氣燃料支出較美伊戰前已增加逾700億元，導致台電至7月
止已虧損214億元，累積虧損達3,722億元。

針對外界關切油、電補貼預算編列議題，台電澄清，中油、台電皆肩負穩定物價的政策任
務，經濟部就今年國際價格波動實況，分別針對油、電吸收之龐大成本，各自編列追加預
算以補貼價差。其中台電部分，只針對至8月底能源成本價差，超過編列撥補的711.04億
。

台電說明，為保障民生用電負擔及維持國內企業的競爭力，過去幾次電價調整並未完全足
額反映成本，台灣電價仍比世界多數國家更便宜。

台電強調，政府預算撥補台電就是補貼全民用電成本，同時有助減輕台電因穩定物價吸收
發電成本造成的龐大虧損，緩解台電財務壓力。而健全台電財務，才可投注多元電力建設
，讓台電持續以穩定電力顧民生、護產業，作台灣經濟發展的後盾，期盼社會各界共同支
持。






台電持續爭取撥補，代表電力強韌計畫與綠能政策方向不變，國家不可能讓台電倒。後續
電網更新與採購預算依然穩固，重電四雄（華城、士電等）與綠能概念股（雲豹、森崴等
）長線剛需仍在，短線震盪反而是回檔布局良機！

--","台電累虧已達3722億元 盼各界支持預算撥補

20260904  經濟日報 記者洪安怡台北即時報導

台電強調政府預算撥補台電就是補貼全民用電成本聯合報系資料照

行政院拍板2026年度追加預算案撥補台電711億元台電4日表示近來中東局勢帶動天然
氣價格大漲政府攜手油電頂住通膨穩定國內物價以追加預算撥補台電就是補貼
全民用電成本穩定物價照顧民生同時兼顧產業競爭力

台電說明中東戰事震盪國際燃料價格中油為配合政府穩定物價實施民生用戶天然氣價
凍漲電業用戶氣價大幅調漲自今年4月起累計漲幅超過60天然氣成本漲幅由台電承
擔截至今年8月底台電天然氣燃料支出較美伊戰前已增加逾700億元導致台電至7月
止已虧損214億元累積虧損達3722億元

針對外界關切油電補貼預算編列議題台電澄清中油台電皆肩負穩定物價的政策任
務經濟部就今年國際價格波動實況分別針對油電吸收之龐大成本各自編列追加預
算以補貼價差其中台電部分只針對至8月底能源成本價差超過編列撥補的71104億


台電說明為保障民生用電負擔及維持國內企業的競爭力過去幾次電價調整並未完全足
額反映成本台灣電價仍比世界多數國家更便宜

台電強調政府預算撥補台電就是補貼全民用電成本同時有助減輕台電因穩定物價吸收
發電成本造成的龐大虧損緩解台電財務壓力而健全台電財務才可投注多元電力建設
讓台電持續以穩定電力顧民生護產業作台灣經濟發展的後盾期盼社會各界共同支
持






台電持續爭取撥補代表電力強韌計畫與綠能政策方向不變國家不可能讓台電倒後續
電網更新與採購預算依然穩固重電四雄華城士電等與綠能概念股雲豹森崴等
長線剛需仍在短線震盪反而是回檔布局良機","['台電累', '3722', '億元', '各界', '支持', '預算', '撥補', '20260904', '經濟', '日報', '記者', '洪安怡', '台北', '即時', '報導', '台電強', '政府', '預算', '補台電', '就是', '補貼', '全民', '用電', '成本', '聯合', '報系', '資料', '行政院', '拍板', '2026', '年度', '追加', '預算案', '補台電', '711', '億元', '台電', '表示', '近來', '中東', '局勢', '帶動', '天然', '氣價格', '大漲', '政府', '攜手', '油電頂', '通膨穩定', '國內物', '價以', '追加', '預算', '補台電', '就是', '補貼', '全民', '用電', '成本', '穩定', '物價', '照顧', '民生', '同時', '顧產業', '競爭力', '台電說', '明中', '東戰事', '震盪國際', '燃料', '價格', '中油', '配合', '政府', '穩定', '物價', '實施', '民生', '用戶', '天然', '氣價', '凍漲', '電業', '用戶', '氣價', '大幅', '調漲', '今年', '累計', '漲幅', '超過', '60', '天然', '成本', '漲幅', '電承', '截至', '今年', '月底', '台電', '天然', '燃料', '支出', '較美', '伊戰前', '增加', '700', '億元導', '致台', '電至', '虧損', '214', '億元', '累積', '損達', '3722', '億元', '針對', '外界', '關切', '油電補', '預算', '編列', '議題', '台電', '澄清', '中油', '台電', '肩負', '穩定', '物價', '政策', '務經濟部', '今年', '國際', '價格', '波動', '實況', '分別', '針對', '油電', '吸收', '龐大', '成本', '各自', '編列', '追加', '算以', '補貼', '價差', '其中', '台電', '部分', '只針', '月底', '能源', '成本', '價差', '超過', '編列', '撥補', '71104', '台電說', '明為', '保障', '民生', '用電負', '擔及', '維持', '國內', '企業', '競爭', '力過', '幾次', '電價', '調整', '並未', '完全', '反映', '成本', '台灣', '電價', '世界', '多數', '國家', '便宜', '台電強', '政府', '預算', '補台電', '就是', '補貼', '全民', '用電', '成本', '同時', '有助', '減輕台', '電因', '穩定', '物價', '吸收', '發電', '成本', '造成', '龐大虧', '損緩', '解台', '電財務', '壓力', '健全', '台電', '財務才', '投注', '多元', '電力', '建設', '電持續', '穩定', '電力', '民生', '護產業', '作台灣', '經濟', '發展', '期盼', '社會', '各界', '共同', '台電持續', '爭取', '撥補', '代表', '電力', '強韌', '計畫', '綠能', '政策', '方向', '不變', '國家', '可能', '電倒後續', '電網', '更新', '採購', '預算', '依然', '穩固', '重電四雄華', '城士電', '綠能', '概念股', '雲豹', '森崴', '線剛', '短線', '震盪', '反而', '回檔', '布局', '良機']",Positive,0.8392519950866699
M.1788587275.A.2DE,[新聞] 消息稱三星電子聯合Arm，研發新一代端側A,madeinheaven,2026-09-05 13:47:53,4,https://www.ptt.cc/bbs/Stock/M.1788587275.A.2DE.html,"消息稱三星電子聯合Arm，研發新一代端側AI 晶片

 。



 

2026/9/4 15:42:32



沁滄



IT之家9 月4 日消息，根據韓媒Greened.kr消息，三星電子聯合Arm，正式啟動端側AI 晶
片的聯合研發。

根據半導體產業今日消息，Arm 已於8 月底批准撥付了用於開發下一代端側AI SoC 晶片
的一次性工程費用，並與三星電子正式啟動該專案。

據悉，該專案採用由Arm 提供核心技術、三星電子據此進行整合落地的合作模式，旨在共
同開發面向終端客戶交付的客製化晶片。本次研發的客製化晶片專為端側AI 設計，無需
經由雲端，即可在智慧型手機等終端設備本地完成運算。

三星電子的晶圓代工業務在此次合作中佔據核心地位。具體分工上，三星電子System
LSI 事業部將基於Arm 的AI 架構負責SoC 的設計工作，晶圓代工事業部則利用先進製程
透過2 奈米製程實現量產。

Arm 負責提供自研的AI 加速器架構以及RTL 等關鍵設計技術，並在將終端客戶的具體需
求傳達給三星電子的同時，把控整個開發進度。

IT之家注意到，在此次專案中，Arm 並非直接銷售晶片的供應商，其角色更偏向於提供核
心技術並委託開發的合作夥伴。從商業模式來看，該合作由三星電子全權負責設計與製造
，隨後將晶片直接交付給終端客戶並完成結算收款。




Arm轉型代工夥伴角色頗值得玩味，比起授權收費，深度綁定三星先進製程更能卡位端側
AI浪潮，也讓晶圓代工的地緣價值更加凸顯。

三星代工訂單又+1

--
樓上 你說的那些又沒辦法做晶圓代工 = =","消息稱三星電子聯合Arm研發新一代端側AI 晶片

 



 

202694 154232



沁滄



IT之家9 月4 日消息根據韓媒Greenedkr消息三星電子聯合Arm正式啟動端側AI 晶
片的聯合研發

根據半導體產業今日消息Arm 已於8 月底批准撥付了用於開發下一代端側AI SoC 晶片
的一次性工程費用並與三星電子正式啟動該專案

據悉該專案採用由Arm 提供核心技術三星電子據此進行整合落地的合作模式旨在共
同開發面向終端客戶交付的客製化晶片本次研發的客製化晶片專為端側AI 設計無需
經由雲端即可在智慧型手機等終端設備本地完成運算

三星電子的晶圓代工業務在此次合作中佔據核心地位具體分工上三星電子System
LSI 事業部將基於Arm 的AI 架構負責SoC 的設計工作晶圓代工事業部則利用先進製程
透過2 奈米製程實現量產

Arm 負責提供自研的AI 加速器架構以及RTL 等關鍵設計技術並在將終端客戶的具體需
求傳達給三星電子的同時把控整個開發進度

IT之家注意到在此次專案中Arm 並非直接銷售晶片的供應商其角色更偏向於提供核
心技術並委託開發的合作夥伴從商業模式來看該合作由三星電子全權負責設計與製造
隨後將晶片直接交付給終端客戶並完成結算收款




Arm轉型代工夥伴角色頗值得玩味比起授權收費深度綁定三星先進製程更能卡位端側
AI浪潮也讓晶圓代工的地緣價值更加凸顯

三星代工訂單又1","['消息', '三星', '電子', '聯合', 'Arm', '研發', '新一代', '端側', 'AI', '晶片', '202694', '154232', 'IT', '之家', '消息', '根據', '韓媒', 'Greenedkr', '消息', '三星', '電子', '聯合', 'Arm', '正式', '啟動', '端側', 'AI', '聯合', '研發', '根據', '半導', '體產業', '今日', '消息', 'Arm', '月底', '批准', '撥付', '開發', '下一代', '端側', 'AI', 'SoC', '晶片', '一次性', '工程', '費用', '並與', '三星', '電子', '正式', '啟動', '專案', '據悉', '專案', '採用', 'Arm', '提供', '核心', '技術', '三星', '電子', '進行', '整合', '落地', '合作', '模式', '旨在', '同開發', '面向', '終端', '客戶', '交付', '晶片', '本次', '研發', '晶片', '專為', '端側', 'AI', '設計', '經由雲端', '即可', '智慧型', '手機', '終端', '設備', '本地', '完成', '運算', '三星', '電子', '晶圓', '代工', '業務', '此次', '合作', '中佔據', '核心', '地位', '具體', '分工', '三星', '電子', 'System', 'LSI', '事業部', '將基', 'Arm', 'AI', '架構', '負責', 'SoC', '設計', '工作', '晶圓代', '工事', '業部則', '利用', '透過', 'Arm', '負責', '提供', '自研', 'AI', '加速器', '架構', '以及', 'RTL', '關鍵', '設計', '技術', '並在將', '終端', '客戶', '具體', '求傳達給', '三星', '電子', '同時', '控整', '開發', '進度', 'IT', '之家', '注意', '此次', '專案', 'Arm', '並非', '直接', '銷售', '晶片', '應商', '角色', '偏向', '提供', '心技術', '並委', '開發', '合作', '夥伴', '商業', '模式', '合作', '三星', '電子', '全權', '負責', '設計', '隨後將', '晶片', '直接', '交付', '給終', '客戶並', '完成', '結算', '收款', 'Arm', '轉型', '代工', '夥伴', '角色', '值得', '玩味', '比起', '授權', '收費', '深度', '綁定', '三星', '卡位', '端側', 'AI', '浪潮', '晶圓', '代工', '地緣', '價值', '更加', '凸顯', '三星', '代工', '訂單']",Positive,0.9904003739356995
M.1788585941.A.E10,[新聞] 影音／年輕男性25%天天炒股　64%自認魯蛇,troy30408,2026-09-05 13:25:39,61,https://www.ptt.cc/bbs/Stock/M.1788585941.A.E10.html,"影音／年輕男性25%天天炒股　64%自認魯蛇　「相對剝奪感」作祟



2026.09.04 22:00

王皓宇


根據美國一項最新調查顯示，高達四分之一的18至29歲男性每天都在進行股票交易或下注
，然而這群頻繁交易者當中，有64%覺得自己是個「魯蛇」。在高房價、物價飆漲的時代
，社群媒體上充斥著「少年股神」的造富神話，讓許多年輕人產生嚴重的相對剝奪感，投
資理財不但沒帶來自信，反而加深了挫折感。

手指點兩下，幾萬塊上下，這不是賭場，而是現在台灣年輕男性的日常。投資人夏家偉表
示，自己一拿到薪水就只留生活費，全部都投入股票，每個月至少存下70%以上的錢拿去
股市，畢竟想要早一點存到更多錢，在股市裡面賺到更多錢。

25%年輕男日日炒股　64%自認「魯蛇」
這份想快點賺錢的心情，已成為跨國界的世代現象。為什麼理財不但沒帶來自信，反而加
深了挫折感？諮商心理師蘇予昕分析，當看到同年齡或相近的友人買房買車，甚至曬出損
益表炫耀賺了多少錢，或者看到社群媒體推播一些二十幾歲就財富自由的案例，就會產生
一種強烈的失落感，引發相對剝奪感。蘇予昕認為，大家並非不知道投資觀念，例如巴菲
特也說過他99%的財富都是五十歲以上才獲得的，大家都知道複利的效果，可是當現在就
感覺被剝奪的時候，是沒有辦法等到那麼久以後才證明自己的。

社群媒體上的造富神話，無形中放大相對剝奪感。在這個高房價、通膨吃掉薪水的年代，
年輕人面對的是一道難以跨越的財富高牆。致理科大財金系助理教授張家瑋指出，這背後
是一種追趕的焦慮，現在年輕人面對的問題不是沒有收入，而是收入累積的速度追不上房
價上漲，傳統的財富累積方式會讓他們覺得很遙遠。張家瑋強調，當投資這個工具從傳統
逐步累積財富的工具，變成翻轉人生唯一的希望時，投資行為就很容易走向投機。

為了翻越這道牆，「四貸同堂」重壓股市時有所聞。美國的這份調查中，男性有四分之一
表示隨時隨地都感到孤獨。夏家偉認為，現在年輕男性面臨的困境是不管車子還是房子都
漲很多，但薪水通常追不上，所以除了賭博之外可能就剩股市。但因為股市如果要重壓需
要有錢，很多人可能本身沒有那麼多本金，就會去貸款、信貸，或跟朋友、家人借錢拿去
炒股。夏家偉表示，大家都知道大盤是穩贏的，可是大盤需要時間，大家可能不想等那麼
久，比較急比較貪心，這樣的情況下很多人還會開槓桿，非常容易被爆倉。

追富神話反陷焦慮　年輕男越炒股越挫敗
科技讓下單變得像玩手遊一樣簡單，卻讓人忽略市場的殘酷。當沖與賭博刺激了多巴胺，
短暫掩蓋現實挫折。蘇予昕分析，有沒有可能在進入投資行為之前，這些人就已經在人生
各種層面不斷挫敗，所以更需要透過積極的投資行為來展現自己是有功能的、有價值的。
蘇予昕強調，這會形成惡性循環，越想要這些快的錢，一旦輸了又會掉入損失厭惡，這個
過程會讓人永遠在輸的狀態。

張家瑋呼籲，年輕世代必須重新檢視資產的真正定義，很容易掉入一個陷阱，就是把下單
很容易跟賺錢很容易畫上等號。張家瑋建議，年輕人最大的優勢就是年輕、就是時間，資
產配置非常重要，第一個要建立正確觀念不要盲從，最重要是維持基本生活不能本末倒置
；第二個可以建立核心資產，把資金投入ETF至少做分散風險；最後很多人忽略了自己的
工作能力也是一項資產。想要一夜致富的焦慮，反而容易成為通往破產的捷徑，任由真實
人生跟著大盤漲跌，這張失敗者的標籤注定難以撕下。


美國調查社群媒體上充斥著少年股神的造富神話
投資理財不但沒帶來自信反而加深了挫折感
之前看新聞還以為炒股只有南韓和我們
沒想到已經是跨國界的世代現象
建議大家還是要建立正確觀念不要盲從


--","影音年輕男性25天天炒股　64自認魯蛇　相對剝奪感作祟



20260904 2200

王皓宇


根據美國一項最新調查顯示高達四分之一的18至29歲男性每天都在進行股票交易或下注
然而這群頻繁交易者當中有64覺得自己是個魯蛇在高房價物價飆漲的時代
社群媒體上充斥著少年股神的造富神話讓許多年輕人產生嚴重的相對剝奪感投
資理財不但沒帶來自信反而加深了挫折感

手指點兩下幾萬塊上下這不是賭場而是現在台灣年輕男性的日常投資人夏家偉表
示自己一拿到薪水就只留生活費全部都投入股票每個月至少存下70以上的錢拿去
股市畢竟想要早一點存到更多錢在股市裡面賺到更多錢

25年輕男日日炒股　64自認魯蛇
這份想快點賺錢的心情已成為跨國界的世代現象為什麼理財不但沒帶來自信反而加
深了挫折感諮商心理師蘇予昕分析當看到同年齡或相近的友人買房買車甚至曬出損
益表炫耀賺了多少錢或者看到社群媒體推播一些二十幾歲就財富自由的案例就會產生
一種強烈的失落感引發相對剝奪感蘇予昕認為大家並非不知道投資觀念例如巴菲
特也說過他99的財富都是五十歲以上才獲得的大家都知道複利的效果可是當現在就
感覺被剝奪的時候是沒有辦法等到那麼久以後才證明自己的

社群媒體上的造富神話無形中放大相對剝奪感在這個高房價通膨吃掉薪水的年代
年輕人面對的是一道難以跨越的財富高牆致理科大財金系助理教授張家瑋指出這背後
是一種追趕的焦慮現在年輕人面對的問題不是沒有收入而是收入累積的速度追不上房
價上漲傳統的財富累積方式會讓他們覺得很遙遠張家瑋強調當投資這個工具從傳統
逐步累積財富的工具變成翻轉人生唯一的希望時投資行為就很容易走向投機

為了翻越這道牆四貸同堂重壓股市時有所聞美國的這份調查中男性有四分之一
表示隨時隨地都感到孤獨夏家偉認為現在年輕男性面臨的困境是不管車子還是房子都
漲很多但薪水通常追不上所以除了賭博之外可能就剩股市但因為股市如果要重壓需
要有錢很多人可能本身沒有那麼多本金就會去貸款信貸或跟朋友家人借錢拿去
炒股夏家偉表示大家都知道大盤是穩贏的可是大盤需要時間大家可能不想等那麼
久比較急比較貪心這樣的情況下很多人還會開槓桿非常容易被爆倉

追富神話反陷焦慮　年輕男越炒股越挫敗
科技讓下單變得像玩手遊一樣簡單卻讓人忽略市場的殘酷當沖與賭博刺激了多巴胺
短暫掩蓋現實挫折蘇予昕分析有沒有可能在進入投資行為之前這些人就已經在人生
各種層面不斷挫敗所以更需要透過積極的投資行為來展現自己是有功能的有價值的
蘇予昕強調這會形成惡性循環越想要這些快的錢一旦輸了又會掉入損失厭惡這個
過程會讓人永遠在輸的狀態

張家瑋呼籲年輕世代必須重新檢視資產的真正定義很容易掉入一個陷阱就是把下單
很容易跟賺錢很容易畫上等號張家瑋建議年輕人最大的優勢就是年輕就是時間資
產配置非常重要第一個要建立正確觀念不要盲從最重要是維持基本生活不能本末倒置
第二個可以建立核心資產把資金投入ETF至少做分散風險最後很多人忽略了自己的
工作能力也是一項資產想要一夜致富的焦慮反而容易成為通往破產的捷徑任由真實
人生跟著大盤漲跌這張失敗者的標籤注定難以撕下


美國調查社群媒體上充斥著少年股神的造富神話
投資理財不但沒帶來自信反而加深了挫折感
之前看新聞還以為炒股只有南韓和我們
沒想到已經是跨國界的世代現象
建議大家還是要建立正確觀念不要盲從","['影音', '年輕', '男性', '25', '天天', '炒股', '64', '自認', '魯蛇', '相對', '剝奪感', '作祟', '20260904', '2200', '王皓宇', '根據', '美國', '一項', '最新', '調查', '顯示', '高達', '四分之一', '18', '29', '男性', '每天', '進行', '股票交易', '下注', '然而', '這群', '頻繁', '交易者', '當中', '64', '覺得', '自己', '魯蛇', '高房', '價物價', '飆漲', '時代', '社群', '媒體', '充斥', '少年股神', '造富', '神話', '讓許', '多年', '輕人產生', '嚴重', '剝奪感', '資理財', '不但', '沒帶', '自信', '反而', '加深', '挫折感', '手指', '點兩下', '幾萬塊', '上下', '不是', '賭場', '而是', '現在', '台灣', '男性', '日常', '投資人', '夏家偉表', '自己', '拿到', '薪水', '生活', '全部', '投入', '股票', '每個', '至少', '存下', '70', '以上', '股市', '畢竟', '想要', '早一點', '存到', '股市', '裡面', '25', '日日', '炒股', '64', '自認', '魯蛇', '這份', '快點', '心情', '已成', '跨國界', '世代', '現象', '什麼', '理財', '不但', '沒帶', '自信', '反而', '挫折感', '心理', '師蘇予', '分析', '看到', '同年', '相近', '友人', '買房', '買車', '甚至', '出損', '益表', '炫耀', '多少', '或者', '看到', '社群', '媒體', '推播', '一些', '二十', '幾歲', '財富', '自由', '案例', '會產生', '一種', '強烈', '失落感', '引發', '相對', '剝奪', '感蘇予', '認為', '大家', '並非', '知道', '投資', '觀念', '例如', '巴菲', '說過', '99', '財富', '五十', '以上', '獲得', '大家', '知道', '效果', '可是', '當現', '感覺', '剝奪', '時候', '辦法', '等到', '那麼', '以後才', '證明', '自己', '社群', '媒體', '造富', '神話', '無形', '放大', '相對', '剝奪感', '這個', '高房', '價通', '吃掉', '薪水', '年代', '年輕', '人面', '一道', '難以', '跨越', '財富', '牆致', '理科', '大財金系', '助理', '教授', '張家瑋', '指出', '這背', '一種', '焦慮', '現在', '人面', '問題', '不是', '沒有', '收入', '而是', '收入', '累積', '速度', '追不上', '價上', '傳統', '財富', '累積', '方式', '他們', '覺得', '遙遠', '張家瑋強', '調當', '投資', '這個', '工具', '傳統', '逐步', '累積', '財富', '工具', '變成', '翻轉', '人生', '唯一', '希望', '投資行', '容易', '走向', '投機', '翻越', '這道', '牆四貸', '同堂', '重壓', '股市', '有所', '聞美國', '這份', '調查', '男性', '四分之一', '表示', '隨時', '隨地', '感到', '孤獨夏家偉', '認為現', '男性', '面臨', '困境', '不管', '車子', '還是', '房子', '很多', '薪水', '通常', '追不上', '所以', '除了', '賭博', '之外', '可能', '股市', '因為', '股市', '如果', '重壓', '很多', '可能', '本身', '沒有', '那麼', '本金', '貸款', '信貸', '朋友家', '人借', '炒股', '夏家偉', '表示', '大家', '知道', '大盤', '穩贏', '可是', '大盤', '需要', '時間', '大家', '可能', '不想', '那麼', '貪心', '這樣', '情況', '很多', '還會開', '槓桿', '非常容易', '爆倉', '追富', '神話', '反陷', '焦慮', '年輕', '男越', '炒股', '挫敗', '科技', '單變', '玩手', '遊一樣', '簡單', '忽略', '市場', '殘酷當', '賭博', '刺激', '多巴胺', '短暫', '掩蓋', '現實', '挫折', '蘇予', '分析', '可能', '進入', '投資行', '之前', '這些', '已經', '人生', '各種', '層面', '不斷', '挫敗', '所以', '需要', '透過', '積極', '投資行', '展現', '自己', '功能', '價值', '蘇予', '強調', '這會', '形成', '惡性', '循環越', '想要', '這些', '一旦', '掉入', '損失', '厭惡', '這個', '過程會', '人永遠', '狀態', '張家瑋', '呼籲', '世代', '必須', '重新', '檢視', '資產', '真正', '定義', '容易', '掉入', '一個', '陷阱', '就是', '下單', '容易', '容易', '畫上', '等號', '張家瑋', '建議', '輕人', '最大', '優勢', '就是', '年輕', '就是', '時間資', '配置', '非常', '重要', '第一', '建立', '正確', '觀念', '不要', '盲從', '重要', '維持', '基本', '生活', '不能', '本末倒置', '第二', '可以', '建立', '核心', '資產', '資金', '投入', 'ETF', '至少', '分散', '風險', '很多', '忽略', '自己', '工作', '能力', '一項', '資產', '想要', '一夜', '致富', '焦慮', '反而', '容易', '成為', '通往', '破產', '捷徑', '任由', '真實', '人生', '著大盤', '這張', '失敗者', '注定', '難以', '撕下', '美國', '調查', '社群', '媒體', '充斥', '少年股神', '造富', '神話', '投資理財', '不但', '沒帶', '自信', '反而', '加深', '挫折感', '之前', '看新聞', '還以', '炒股', '只有', '南韓', '我們', '想到', '已經', '跨國界', '世代', '現象', '建議', '大家', '還是', '建立', '正確', '觀念', '不要', '盲從']",Positive,0.8855084776878357
M.1788559115.A.9CA,[新聞] 美推動委內瑞拉擴產原油 能源部長：中國,gn02118620,2026-09-05 05:58:33,10,https://www.ptt.cc/bbs/Stock/M.1788559115.A.9CA.html,"美推動委內瑞拉擴產原油 能源部長：中國無權分食新收益抵債



2026/09/03 07:27






，。

萊特在委內瑞拉首都卡拉卡斯接受《彭博》電視訪問時透露，各方正著手努力重組委內瑞
拉的歷史債務。萊特訪問期間預計與委內瑞拉臨時總統羅德里格斯（Delcy Rodriguez）
會晤，宣布與各大能源公司達成十多項合作協議。

其中，，雪佛龍將透過開發奧利
諾科石油帶（Orinoco Belt）的2座巨型油田，大幅擴張在委內瑞拉的營運版圖。萊特指
出，目前
。

羅德里格斯日前也在國家電視台上證實，包括
。萊特在受訪時說，開發這些油
田是為了。

川普政府官員也將這次招攬美歐各國石油公司進駐委內瑞拉的行動，視為限縮中國與俄羅
斯在當地影響力的重要地緣戰略。

另一方面，在委內瑞拉與美國積極加深能源合作之際，這個擁有超過60年歷史的石油輸出
國家組織（OPEC）創始成員國，目前正考慮是否退出。但萊特澄清，他本人尚未與委內瑞
拉官員討論任何退出OPEC議題。


美伊戰爭開打2/28一直到9月初

中國國內油價上漲約9.1%
（7.08人民幣/升～7.73人民幣/升）

而美國國內油價上漲約44.3%
（2.91美元/加侖～4.2美元/加侖）

中國是全世界最大進口石油國，但國內油價漲幅卻在美伊戰爭期間比全世界最大石油生產
國美國低了四倍

中國在美伊戰爭期間受到的通膨影響遠遠小於美國


根據經濟學人8月份文章

《中國已經成為石油新霸權》




WSJ  8月份文章

《習近平已將石油從弱點轉為地緣政治武器》




國際能源智庫 8月份文章

《中國如何拯救石油市場》




這些文章都提到中國已將過去依賴石油進口的弱點化為優勢，未來石油OPEC不再是唯一莊
家

中國藉由海量庫存、限制出口、結構性改變石油需求這三者，已經能夠顯著影響全球油價

目前中國銷售的汽車有一半以上是電動車，換句話說中國從2014開始，是有戰略性的在避
免自己過於依賴進口石油成為弱點



中國是全世界發電量最高的國家，是美國的2.5～3倍左右

而中國又不停的推動綠電，目前中國已經有40%以上的發電來自綠電（太陽能、水力、風
力等）

中國藉由推動電動車，大幅降低了自己對石油的依賴，還能藉由囤油、限制出口來來影響
全世界油價



美伊戰爭開打之前，中國跟其他國家還不確定中國有這樣的能力

開打之後，全世界都知道中國是全球石油新霸權

中國也明確知道自己擁有影響全球油價這種能力



不知不覺，又讓中國贏麻了

習包子躺在家中睡啥也沒幹，就又被天上掉下來的餡餅打醒



不佩服川普真的不行啊

--","美推動委內瑞拉擴產原油 能源部長中國無權分食新收益抵債



20260903 0727








萊特在委內瑞拉首都卡拉卡斯接受彭博電視訪問時透露各方正著手努力重組委內瑞
拉的歷史債務萊特訪問期間預計與委內瑞拉臨時總統羅德里格斯Delcy Rodriguez
會晤宣布與各大能源公司達成十多項合作協議

其中雪佛龍將透過開發奧利
諾科石油帶Orinoco Belt的2座巨型油田大幅擴張在委內瑞拉的營運版圖萊特指
出目前


羅德里格斯日前也在國家電視台上證實包括
萊特在受訪時說開發這些油
田是為了

川普政府官員也將這次招攬美歐各國石油公司進駐委內瑞拉的行動視為限縮中國與俄羅
斯在當地影響力的重要地緣戰略

另一方面在委內瑞拉與美國積極加深能源合作之際這個擁有超過60年歷史的石油輸出
國家組織OPEC創始成員國目前正考慮是否退出但萊特澄清他本人尚未與委內瑞
拉官員討論任何退出OPEC議題


美伊戰爭開打228一直到9月初

中國國內油價上漲約91
708人民幣升773人民幣升

而美國國內油價上漲約443
291美元加侖42美元加侖

中國是全世界最大進口石油國但國內油價漲幅卻在美伊戰爭期間比全世界最大石油生產
國美國低了四倍

中國在美伊戰爭期間受到的通膨影響遠遠小於美國


根據經濟學人8月份文章

中國已經成為石油新霸權




WSJ  8月份文章

習近平已將石油從弱點轉為地緣政治武器




國際能源智庫 8月份文章

中國如何拯救石油市場




這些文章都提到中國已將過去依賴石油進口的弱點化為優勢未來石油OPEC不再是唯一莊
家

中國藉由海量庫存限制出口結構性改變石油需求這三者已經能夠顯著影響全球油價

目前中國銷售的汽車有一半以上是電動車換句話說中國從2014開始是有戰略性的在避
免自己過於依賴進口石油成為弱點



中國是全世界發電量最高的國家是美國的253倍左右

而中國又不停的推動綠電目前中國已經有40以上的發電來自綠電太陽能水力風
力等

中國藉由推動電動車大幅降低了自己對石油的依賴還能藉由囤油限制出口來來影響
全世界油價



美伊戰爭開打之前中國跟其他國家還不確定中國有這樣的能力

開打之後全世界都知道中國是全球石油新霸權

中國也明確知道自己擁有影響全球油價這種能力



不知不覺又讓中國贏麻了

習包子躺在家中睡啥也沒幹就又被天上掉下來的餡餅打醒



不佩服川普真的不行啊","['推動委內', '瑞拉', '擴產', '原油', '能源部', '中國', '無權', '分食', '收益', '抵債', '20260903', '0727', '萊特', '委內', '瑞拉', '首都', '卡拉', '卡斯', '接受', '彭博電視訪', '問時', '透露', '各方', '正著手', '努力', '重組委內瑞', '歷史', '債務萊特訪', '問期間', '預計', '委內', '瑞拉', '臨時', '統羅德', '里格斯', 'Delcy', 'Rodriguez', '會晤', '宣布', '各大', '能源', '公司', '達成', '十多', '合作', '協議', '其中', '雪佛龍將', '透過', '開發', '奧利', '諾科', '石油', 'Orinoco', 'Belt', '巨型', '油田', '大幅', '擴張', '委內', '瑞拉', '營運版', '圖萊', '特指', '目前', '里格斯', '日前', '國家', '電視', '台上', '證實', '包括', '萊特', '受訪', '開發', '這些', '田是', '川普', '政府', '官員', '也將', '這次', '招攬', '美歐', '各國', '石油', '公司', '駐委內', '瑞拉', '行動視', '限縮', '中國', '俄羅', '斯在', '當地', '影響力', '重要', '地緣', '戰略', '另一方面', '委內', '瑞拉', '美國', '積極', '加深', '能源', '合作', '之際', '這個', '擁有', '超過', '60', '歷史', '石油', '輸出', '國家', '組織', 'OPEC', '創始', '成員國', '目前', '考慮', '是否', '退出', '但萊特', '澄清', '本人', '尚未', '委內瑞', '拉官員', '討論', '任何', '退出', 'OPEC', '議題', '美伊戰爭', '228', '一直', '月初', '中國國', '內油', '價上', '91', '708', '人民', '幣升', '773', '人民', '幣升', '美國國', '內油', '價上', '443', '291', '美元', '42', '美元', '中國', '全世界', '最大', '進口', '石油', '國但', '國內', '油價', '漲幅', '美伊戰爭', '期間', '全世界', '最大', '石油', '生產', '國美國', '四倍', '中國', '美伊戰爭', '期間', '受到', '通膨影響', '遠遠', '美國', '根據', '經濟', '學人', '月份', '文章', '中國', '經成', '石油', '新霸權', 'WSJ', '月份', '文章', '習近平', '已將', '石油', '弱點', '轉為', '地緣', '政治', '武器', '國際', '能源', '智庫', '月份', '文章', '中國', '如何', '拯救', '石油', '市場', '這些', '文章', '提到', '中國', '將過', '依賴', '石油', '進口', '點化', '優勢', '未來', '石油', 'OPEC', '不再', '唯一', '中國', '藉由', '海量', '庫存', '限制', '出口', '結構', '改變', '石油', '需求', '三者', '已經', '能夠', '顯著', '影響', '全球', '油價', '目前', '中國', '銷售', '汽車', '一半', '以上', '電動車', '換句', '中國', '2014', '開始', '戰略性', '自己', '過於依賴', '進口', '石油', '成為', '弱點', '中國', '全世界', '發電量', '最高', '國家', '美國', '253', '左右', '中國', '不停', '推動', '綠電', '目前', '中國', '已經', '40', '以上', '發電來', '自綠', '電太陽能', '水力', '中國', '藉由', '推動', '電動車', '大幅', '降低', '自己', '石油', '依賴', '還能', '藉由', '囤油', '限制', '出口', '來來', '影響', '全世界', '油價', '美伊戰爭', '之前', '中國', '其他', '國家', '還不確定', '中國', '這樣', '能力', '開打', '全世界', '知道', '中國', '全球', '石油', '新霸權', '中國', '明確', '知道', '自己', '擁有', '影響', '全球', '油價', '這種', '能力', '不知', '不覺', '中國', '贏麻', '包子', '家中', '天上掉', '下來', '餡餅', '打醒', '佩服', '川普', '真的', '不行']",Positive,0.9967015385627747
M.1788580742.A.A1D,[新聞] 華邦電8月合併營收連九月創新高  ,ann16,2026-09-05 11:59:00,41,https://www.ptt.cc/bbs/Stock/M.1788580742.A.A1D.html,"華邦電8月合併營收連九月創新高





2026-09-04 23:35

朱子呈

記憶體大廠華邦電（2344）昨（4）日公布8月合併營收273.08億元，月增2%、年
增289.4%，連續第九個月改寫單月新高；今年前八月累計營收1,521.78億元、年增177.4%，
創同期新高。

華邦電營收攻頂走勢始於去年12月，隨AI帶動資料中心、高速網通等記憶體需求快速升溫，
華邦電單月營收從12月的97.7億元一路走高，今年5月首度跨過200億元，7月再躍升至267.7
3億元，8月續創新猷，反映記憶體供給吃緊與價格上漲效應持續發酵。



華邦電今年營收月月高，6月以來營收頻寫新紀錄，包括上半年營收980.9億元超越去年全年
894.06億元；今年前七月營收1,248.69億元，超越2021年全年995.7億元的高點；今年累計
前八月營收1,521.78億元創歷年同期新高，提前將全年營收紀錄推升至1,500億元以上。








































--


不看好快去空 出貨還不發文空 在怕啥","華邦電8月合併營收連九月創新高





20260904 2335

朱子呈

記憶體大廠華邦電2344昨4日公布8月合併營收27308億元月增2年
增2894連續第九個月改寫單月新高今年前八月累計營收152178億元年增1774
創同期新高

華邦電營收攻頂走勢始於去年12月隨AI帶動資料中心高速網通等記憶體需求快速升溫
華邦電單月營收從12月的977億元一路走高今年5月首度跨過200億元7月再躍升至2677
3億元8月續創新猷反映記憶體供給吃緊與價格上漲效應持續發酵



華邦電今年營收月月高6月以來營收頻寫新紀錄包括上半年營收9809億元超越去年全年
89406億元今年前七月營收124869億元超越2021年全年9957億元的高點今年累計
前八月營收152178億元創歷年同期新高提前將全年營收紀錄推升至1500億元以上","['華邦電', '月合', '營收連', '九月', '新高', '20260904', '2335', '朱子', '記憶體', '大廠', '華邦電', '2344', '公布', '月合', '營收', '27308', '元月', '2894', '連續', '第九', '改寫', '單月', '新高', '今年', '八月', '累計', '營收', '152178', '元年', '1774', '同期', '新高', '華邦', '電營', '收攻', '勢始', '去年', '12', 'AI', '帶動', '資料', '中心', '高速', '網通', '記憶體', '需求', '快速', '升溫', '華邦', '電單', '營收', '12', '977', '億元', '一路', '走高', '今年', '首度', '跨過', '200', '億元', '再躍', '升至', '2677', '億元', '月續', '創新猷', '反映', '記憶體', '供給', '價格', '漲效', '應持續', '發酵', '華邦電', '今年', '營收', '以來', '營收', '頻寫', '新紀錄', '包括', '上半年', '營收', '9809', '億元', '超越', '去年', '全年', '89406', '億元', '今年', '七月', '營收', '124869', '億元', '超越', '2021', '全年', '9957', '億元', '高點', '今年', '累計', '八月', '營收', '152178', '億元', '創歷', '同期', '新高', '提前', '全年', '營收紀錄', '升至', '1500', '億元', '以上']",Positive,0.9965521097183228
M.1788579305.A.F7C,[新聞] 漢達抗癌新藥 獲美 FDA 許可 逸達、泰合,ann16,2026-09-05 11:35:03,7,https://www.ptt.cc/bbs/Stock/M.1788579305.A.F7C.html,"漢達抗癌新藥 獲美 FDA 許可 逸達、泰合、仁新蓄勢接棒





2026-09-04 23:53

謝柏宏

生技醫藥產業挑戰國際市場一波接一波，漢達生技（6620）昨（4）日公告，
該
公司的新劑型抗癌藥HND-039（Omcazio capsules）已通過美國FDA藥證審查，取得最終許
可
（Final Approval），最快年底前可搶攻全美逾21億美元（約新台幣665億元）市場商機
。

這是繼藥華藥後，今年下半年再度出現新藥取得美國市場門票的進展，法人估計接下來包
括
逸達生技、泰合生技、仁新醫藥等公司都有機會在今年第3季至明年上半年陸續取得歐美
藥
證。

漢達的HND-039，原廠專利藥由Exelixis公司開發，根據公開資訊，原廠藥2025年美國市
場
銷售金額為21.13億美元。據了解，原廠過去為了捍衛市場權利，曾經針對其他學名藥及5
05
(b)(2)藥廠提出訴訟。

針對漢達的HND-039，原廠已於美國時間8月27日自願撤銷專利侵權訴訟；漢達昨日也公告
，
原廠針對HND-039提出的公民訴願（Citizen Petition）已被美國FDA駁回。這意謂著漢達
的
這項抗癌藥，將不再面臨原廠的反制動作。其他學名藥廠最快2030年才有機會進入市場，
漢
達將享有四年原廠以外的市場獨賣機會。

此外，由於FDA已確認HND-039的科學數據，可支持這項藥品可隨餐或空腹服用，打破原廠
藥
「不得隨餐服用」的限制，HND-039對病患的可近性有機會勝過原廠藥物。

漢達生技7月30日公告，HND-039受限於原廠藥專利尚未過期影響，僅能取得FDA暫時性許
可
，公司原預估一季內完成取得最終許可相關程序，隨著原廠藥專利已在8月下旬到期，限
制
條件正式解除，漢達此次提前取得最終核准，宣告該產品已完全具備美國上市資格。







生技股 我最看好的是未來的藥王

仁新這檔




有前退休投信投顧董事長 張錫重壓掛保證



一樣價位150不到的 仁新

沒意外準備超車楠梓電股價

上看2000元的仁新股王

績效很重要

別被一堆打的多好聽的文章拐去卡在績效爛到連大盤都沒有贏的股票上ccc








--


真的
張錫這咖有料的人都重壓了","漢達抗癌新藥 獲美 FDA 許可 逸達泰合仁新蓄勢接棒





20260904 2353

謝柏宏

生技醫藥產業挑戰國際市場一波接一波漢達生技6620昨4日公告
該
公司的新劑型抗癌藥HND039Omcazio capsules已通過美國FDA藥證審查取得最終許
可
Final Approval最快年底前可搶攻全美逾21億美元約新台幣665億元市場商機


這是繼藥華藥後今年下半年再度出現新藥取得美國市場門票的進展法人估計接下來包
括
逸達生技泰合生技仁新醫藥等公司都有機會在今年第3季至明年上半年陸續取得歐美
藥
證

漢達的HND039原廠專利藥由Exelixis公司開發根據公開資訊原廠藥2025年美國市
場
銷售金額為2113億美元據了解原廠過去為了捍衛市場權利曾經針對其他學名藥及5
05
b2藥廠提出訴訟

針對漢達的HND039原廠已於美國時間8月27日自願撤銷專利侵權訴訟漢達昨日也公告

原廠針對HND039提出的公民訴願Citizen Petition已被美國FDA駁回這意謂著漢達
的
這項抗癌藥將不再面臨原廠的反制動作其他學名藥廠最快2030年才有機會進入市場
漢
達將享有四年原廠以外的市場獨賣機會

此外由於FDA已確認HND039的科學數據可支持這項藥品可隨餐或空腹服用打破原廠
藥
不得隨餐服用的限制HND039對病患的可近性有機會勝過原廠藥物

漢達生技7月30日公告HND039受限於原廠藥專利尚未過期影響僅能取得FDA暫時性許
可
公司原預估一季內完成取得最終許可相關程序隨著原廠藥專利已在8月下旬到期限
制
條件正式解除漢達此次提前取得最終核准宣告該產品已完全具備美國上市資格







生技股 我最看好的是未來的藥王

仁新這檔




有前退休投信投顧董事長 張錫重壓掛保證



一樣價位150不到的 仁新

沒意外準備超車楠梓電股價

上看2000元的仁新股王

績效很重要

別被一堆打的多好聽的文章拐去卡在績效爛到連大盤都沒有贏的股票上ccc","['漢達', '抗癌', '新藥', '獲美', 'FDA', '許可', '泰合仁', '蓄勢', '接棒', '20260904', '2353', '謝柏宏', '生技', '醫藥產業', '挑戰國際', '市場', '一波接', '一波漢達', '生技', '6620', '公告', '公司', '新劑', '抗癌', 'HND039Omcazio', 'capsules', '已通過', '美國', 'FDA', '藥證', '審查', '取得', '終許', 'Final', 'Approval', '最快', '年底', '搶攻', '全美', '21', '美元', '台幣', '665', '億元', '市場', '商機', '這是', '繼藥華藥', '今年', '下半年', '再度', '出現', '新藥', '取得', '美國', '市場', '門票', '進展', '法人', '估計', '接下', '來包', '達生', '技泰合生', '技仁新', '醫藥', '公司', '機會', '今年', '季至', '明年', '上半年', '陸續', '取得', '歐美', '漢達', 'HND039', '原廠', '專利藥', 'Exelixis', '公司', '開發', '根據', '公開', '資訊原', '廠藥', '2025', '美國市', '銷售', '金額', '2113', '美元', '了解', '原廠', '過去', '捍衛', '市場', '權利', '經針', '其他', '學名', '藥及', '05', 'b2', '藥廠', '提出', '訴訟', '針對漢達', 'HND039', '原廠', '美國', '時間', '27', '日自願', '撤銷', '專利', '侵權', '訴訟漢達', '昨日', '公告', '原廠', '針對', 'HND039', '提出', '公民', '訴願', 'Citizen', 'Petition', '美國', 'FDA', '駁回', '這意謂', '著漢達', '這項', '抗癌', '藥將', '不再', '面臨', '原廠', '反制', '動作', '其他', '學名', '藥廠', '最快', '2030', '機會進', '入市', '達將', '享有', '四年', '原廠', '以外', '市場', '獨賣', '機會', '此外', 'FDA', '確認', 'HND039', '科學', '數據', '支持', '這項', '藥品', '隨餐', '空腹服', '打破', '原廠', '不得', '隨餐', '服用', '限制', 'HND039', '病患', '近性', '機會', '勝過', '原廠', '藥物', '漢達', '生技', '30', '公告', 'HND039', '受限', '原廠', '藥專利', '尚未', '過期', '影響', '僅能', '取得', 'FDA', '暫時', '性許', '公司', '預估', '一季', '完成', '取得', '最終', '許可', '相關', '程序', '隨著原', '廠藥', '專利', '下旬', '期限', '條件', '正式', '解除', '漢達', '此次', '提前', '取得', '最終', '核准', '宣告', '該產品', '完全', '具備', '美國', '上市', '資格', '生技股', '看好', '未來', '藥王', '仁新', '這檔', '有前', '退休', '投信', '投顧', '董事', '張錫重', '壓掛', '保證', '一樣', '價位', '150', '不到', '仁新', '意外', '準備', '超車', '楠梓', '電股價', '2000', '新股', '績效', '重要', '一堆', '文章', '拐去', '卡在績', '效爛', '連大盤', '有贏', '股票', 'ccc']",Positive,0.9987275004386902
M.1788578652.A.B1E,Re: [新聞] Lululemon 股價暴跌，全年獲利預測大幅低,strlen,2026-09-05 11:24:08,56,https://www.ptt.cc/bbs/Stock/M.1788578652.A.B1E.html,"剛好過了一年
然後...

[新聞] 二度下修全年財測！Lululemon盤前暴跌20%


2026/09/04 20:00
Reuters 路透社報導

知名運動服飾品牌Lululemon因再次下修全年財測，9月4日美股盤前股價一度暴跌約20%，
若跌勢維持，公司市值可能蒸發約28億美元。

Lululemon目前正面臨銷售疲弱、品牌吸引力下降及競爭加劇等問題。

公司最大的美洲市場第二季營收年減8%，與前一年仍有1%成長相比明顯惡化。

除了消費者支出轉弱，Lululemon近年也面臨商品策略失誤、促銷活動增加，以及Alo、Vuori等新興品牌搶占市占率。

儘管銷售下降，Lululemon第二季門市總面積仍較去年同期增加11%，使公司維持著原本為高速成長所建立的成本結構。

公司計畫下半年增加行銷支出，試圖重新提升品牌吸引力。

不過分析師認為，要重新獲得消費者青睞可能需要一段時間。

曾任Nike高階主管的Heidi O'Neill，將於9月8日正式接任Lululemon執行長。

市場將密切觀察新任CEO能否重新調整產品策略、控制成本並扭轉銷售衰退。

Lululemon今年股價已大幅下跌，財測再次下修後，市場對其Turnaround能否快速完成更加悲觀。

心得／評論：
美國老蘇SB貝瑞
一路加碼LULU，
近期揭露甚至已經占他投資組合約17.4%
然後一直加碼作空費半和美光
結果


這比8zz還屌惹吧簡直
神中神

--","剛好過了一年
然後

新聞 二度下修全年財測Lululemon盤前暴跌20


20260904 2000
Reuters 路透社報導

知名運動服飾品牌Lululemon因再次下修全年財測9月4日美股盤前股價一度暴跌約20
若跌勢維持公司市值可能蒸發約28億美元

Lululemon目前正面臨銷售疲弱品牌吸引力下降及競爭加劇等問題

公司最大的美洲市場第二季營收年減8與前一年仍有1成長相比明顯惡化

除了消費者支出轉弱Lululemon近年也面臨商品策略失誤促銷活動增加以及AloVuori等新興品牌搶占市占率

儘管銷售下降Lululemon第二季門市總面積仍較去年同期增加11使公司維持著原本為高速成長所建立的成本結構

公司計畫下半年增加行銷支出試圖重新提升品牌吸引力

不過分析師認為要重新獲得消費者青睞可能需要一段時間

曾任Nike高階主管的Heidi ONeill將於9月8日正式接任Lululemon執行長

市場將密切觀察新任CEO能否重新調整產品策略控制成本並扭轉銷售衰退

Lululemon今年股價已大幅下跌財測再次下修後市場對其Turnaround能否快速完成更加悲觀

心得評論
美國老蘇SB貝瑞
一路加碼LULU
近期揭露甚至已經占他投資組合約174
然後一直加碼作空費半和美光
結果


這比8zz還屌惹吧簡直
神中神","['剛好過', '一年', '新聞', '二度', '下修', '全年', '財測', 'Lululemon', '盤前', '暴跌', '20', '20260904', '2000', 'Reuters', '路透社', '報導', '知名', '運動', '服飾', '品牌', 'Lululemon', '再次', '下修', '全年', '財測', '日美股', '盤前', '股價', '一度', '暴跌', '20', '若跌勢', '維持', '公司', '市值', '可能', '蒸發', '28', '美元', 'Lululemon', '目前', '正面', '臨銷售', '疲弱', '品牌', '吸引力', '下降', '競爭', '加劇', '問題', '公司', '最大', '美洲', '市場', '第二季', '營收', '年減', '一年', '成長', '相比', '明顯', '惡化', '除了', '消費者', '支出', '轉弱', 'Lululemon', '近年', '面臨', '商品', '策略', '失誤', '促銷', '活動', '增加', '以及', 'AloVuori', '新興', '品牌', '搶占市', '占率', '下降', 'Lululemon', '第二季', '門市', '總面積', '去年同期', '增加', '11', '公司', '維持', '原本', '高速', '成長', '建立', '成本', '結構', '公司', '計畫', '下半年', '增加', '行銷', '支出', '試圖', '重新', '提升', '品牌', '吸引力', '不過', '分析', '師認', '重新', '獲得', '消費者', '青睞', '可能', '需要', '一段', '時間', '曾任', 'Nike', '高階', '主管', 'Heidi', 'ONeill', '將於', '正式', '接任', 'Lululemon', '執行長', '市場將', '密切', '觀察', '新任', 'CEO', '能否', '重新', '調整', '產品', '策略', '控制', '成本', '並扭', '轉銷售', '衰退', 'Lululemon', '今年', '股價', '大幅', '下跌', '財測', '再次', '修後市場', 'Turnaround', '能否', '快速', '完成', '更加', '悲觀', '心得', '評論', '美國', '老蘇', 'SB', '貝瑞', '一路', '加碼', 'LULU', '近期', '揭露', '甚至', '已經', '投資', '組合約', '174', '一直', '加碼', '作空費', '美光', '結果', '這比', '8zz', '簡直', '神中神']",Positive,0.6569899320602417
M.1788577253.A.ED3,[情報] 6213 聯茂 八月營收 50.44億,shaoten7,2026-09-05 11:00:51,11,https://www.ptt.cc/bbs/Stock/M.1788577253.A.ED3.html,"標題：
6213 聯茂 八月營收
來源：
重大資訊觀測站
網址：


內文：

本資料由 (上市公司) 聯茂 公司提供

民國115年08月
單位：新台幣仟元

項目    營業收入淨額
本月：  5,044,034
去年同期：      2,548,408
增減金額：      2,495,626
增減百分比：    97.93
本年累計：      30,466,286
去年累計：      21,417,841
增減金額：      9,048,445
增減百分比：    42.25
備註/營收變化原因說明：
受惠於漲價效應和AI相關需求成長

財哥終於要帶還大家錢了嗎


--
Sent from nPTT on my iPhone 17

--","標題
6213 聯茂 八月營收
來源
重大資訊觀測站
網址


內文

本資料由 上市公司 聯茂 公司提供

民國115年08月
單位新台幣仟元

項目    營業收入淨額
本月  5044034
去年同期      2548408
增減金額      2495626
增減百分比    9793
本年累計      30466286
去年累計      21417841
增減金額      9048445
增減百分比    4225
備註營收變化原因說明
受惠於漲價效應和AI相關需求成長

財哥終於要帶還大家錢了嗎","['標題', '6213', '聯茂', '八月', '營收', '來源', '重大', '資訊', '觀測', '網址', '內文', '本資料', '上市公司', '聯茂', '公司', '提供', '民國', '115', '08', '單位', '台幣', '項目', '營業', '收入', '淨額', '本月', '5044034', '去年同期', '2548408', '增減', '金額', '2495626', '增減', '百分比', '9793', '本年', '累計', '30466286', '去年', '累計', '21417841', '增減', '金額', '9048445', '增減', '百分比', '4225', '原因', '說明', '受惠', '價效', 'AI', '相關', '需求', '成長', '財哥終', '帶還', '大家']",Positive,0.9905810952186584
M.1788577242.A.4F3,[情報] 1560 中砂 8月,greatliona,2026-09-05 11:00:40,18,https://www.ptt.cc/bbs/Stock/M.1788577242.A.4F3.html,"標題：中砂 八月營收

來源： 中砂

網址：



內文：

本資料由 (上市公司) 中砂 公司提供
民國115年08月
單位：新台幣仟元
項目    營業收入淨額
本月：  899,115
去年同期：      689,622
增減金額：      209,493
增減百分比：    30.38
本年累計：      6,571,294
去年累計：      5,280,144
增減金額：      1,291,150
增減百分比：    24.45
備註/營收變化原因說明：

心得:

8zz救我


--","標題中砂 八月營收

來源 中砂

網址



內文

本資料由 上市公司 中砂 公司提供
民國115年08月
單位新台幣仟元
項目    營業收入淨額
本月  899115
去年同期      689622
增減金額      209493
增減百分比    3038
本年累計      6571294
去年累計      5280144
增減金額      1291150
增減百分比    2445
備註營收變化原因說明

心得

8zz救我","['標題', '中砂', '八月', '營收', '來源', '中砂', '網址', '內文', '本資料', '上市公司', '中砂', '公司', '提供', '民國', '115', '08', '單位', '台幣', '項目', '營業', '收入', '淨額', '本月', '899115', '去年同期', '689622', '增減', '金額', '209493', '增減', '百分比', '3038', '本年', '累計', '6571294', '去年', '累計', '5280144', '增減', '金額', '1291150', '增減', '百分比', '2445', '原因', '說明', '心得', '8zz']",Positive,0.8917490243911743
M.1788577069.A.958,[情報] 6197 佳必琪 8月,greatliona,2026-09-05 10:57:47,10,https://www.ptt.cc/bbs/Stock/M.1788577069.A.958.html,"標題：佳必琪 8月營收

來源： 佳必琪

網址：



內文：

本資料由 (上市公司) 佳必琪 公司提供
民國115年08月
單位：新台幣仟元
項目    營業收入淨額
本月：  842,399
去年同期：      672,058
增減金額：      170,341
增減百分比：    25.35
本年累計：      6,213,696
去年累計：      5,024,182
增減金額：      1,189,514
增減百分比：    23.68
備註/營收變化原因說明：

心得:

阿公救我!



--","標題佳必琪 8月營收

來源 佳必琪

網址



內文

本資料由 上市公司 佳必琪 公司提供
民國115年08月
單位新台幣仟元
項目    營業收入淨額
本月  842399
去年同期      672058
增減金額      170341
增減百分比    2535
本年累計      6213696
去年累計      5024182
增減金額      1189514
增減百分比    2368
備註營收變化原因說明

心得

阿公救我","['標題', '必琪', '營收', '來源', '佳必琪', '網址', '內文', '本資料', '上市公司', '佳必琪', '公司', '提供', '民國', '115', '08', '單位', '台幣', '項目', '營業', '收入', '淨額', '本月', '842399', '去年同期', '672058', '增減', '金額', '170341', '增減', '百分比', '2535', '本年', '累計', '6213696', '去年', '累計', '5024182', '增減', '金額', '1189514', '增減', '百分比', '2368', '原因', '說明', '心得', '阿公']",Positive,0.8374336361885071
M.1788574058.A.A94,[新聞] 今年以來6度購地 大立光：9月拉貨動能比8,genius721105,2026-09-05 10:07:36,19,https://www.ptt.cc/bbs/Stock/M.1788574058.A.A94.html,--,,[],NEUTRAL,0.5
M.1788574035.A.4FF,Re: [新聞] GPT-6 Astra來了！AI推理得分99.9%,asahi98,2026-09-05 10:07:08,15,https://www.ptt.cc/bbs/Stock/M.1788574035.A.4FF.html,"現在看Anthropic 評分最高，今天凌晨上線後測試了一下，五小時的額度我半小時內用掉。模型是GPT-6 Astra 高。

內容是整理報表，我已經弄好了，只是做接續優化問看看有沒有什麼問題，後面另外生一份摘要

製作了兩個表單就用完了

選模型時裡面多了一個預設，一開始是預設Astra 快思。對話的話還是只能用Sol 高而已

要省還是用5.6 Sol

期待明年IPO上市


-----
Sent from JPTT on my iPhone

--


--","現在看Anthropic 評分最高今天凌晨上線後測試了一下五小時的額度我半小時內用掉模型是GPT6 Astra 高

內容是整理報表我已經弄好了只是做接續優化問看看有沒有什麼問題後面另外生一份摘要

製作了兩個表單就用完了

選模型時裡面多了一個預設一開始是預設Astra 快思對話的話還是只能用Sol 高而已

要省還是用56 Sol

期待明年IPO上市



Sent from JPTT on my iPhone","['現在', 'Anthropic', '評分', '最高', '今天', '凌晨', '上線', '測試', '一下', '五小時', '額度', '半小時', '內用', '模型', 'GPT6', 'Astra', '內容', '整理', '報表', '已經', '只是', '接續', '優化問', '看看', '什麼', '問題後面', '另外', '一份', '摘要', '模型', '時裡面', '一個', '預設', '一開始', '預設', 'Astra', '快思', '還是', '只能', 'Sol', '而已', '要省', '還是', '56', 'Sol', '期待', '明年', 'IPO', '上市', 'Sent', 'from', 'JPTT', 'on', 'my', 'iPhone']",Positive,0.9904925227165222
M.1788571967.A.AE7,[新聞] 陳嘉偉重磅警告！金融股拉抬是「多頭最,EstelleRinz,2026-09-05 09:32:42,爆,https://www.ptt.cc/bbs/Stock/M.1788571967.A.AE7.html,"三立新聞網



2026/09/04 20:06:00  編輯 財經中心 報導



知名分析師陳嘉偉（嘎尾老蘇）於4 日的《股市總司令》節目中發出重磅警告，直指台北
股市當前的反彈缺乏成交量支持，並點名

量能不足打回原形 金融撐盤恐重演歷史崩盤

陳嘉偉分析，儘管美股反彈帶動台股走揚，但大盤成交量回落至 8,256 億元左右，整體
結構仍屬於典型的針對近期金融股屢創新高的現象，他澄
清這絕非大盤健康的輪動，而是多頭氣力放盡的訊號。他引述 2015 年（民國 104 年）
台股靠金融股一路硬拖衝破萬點後隨即崩盤的歷史經驗，警告投資人不要被指數假象矇蔽
，金融股拉抬往往預示著市場即將迎來快速修正。

題材利多出盡 8月營收檢驗基本面真本事

隨著國際半導體展（SEMICON）劃下句點，市場熱點將全面回歸上市櫃公司的 8 月營收表
現。陳嘉偉指出，部分權益股已提前露出疲態，例如南亞科雖然年增率亮眼，但月成長率
放緩至僅約 1.88%，股價隨即出現劇烈拉回；南電更因月減 1.6% 而面臨重挫。這顯示股
價已開始領先反映未來基本面的隱憂，失去展覽題材護航後，電子股將面臨嚴苛的營收檢
視。

能源價格推升通膨 總體經濟與技術面雙重壓頂

除了個股基本面疑慮外，總體經濟環境亦不容樂觀。美國柴油價格創下歷史新高、汽油價
格亦處於同期高點，將持續推升即將公布的消費者物價指數（CPI），加劇市場對通膨與
利率政策的疑慮。從技術面觀察，下週起大盤與櫃買指數的季線扣抵位置將迅速上移，技
術反壓沉重。陳嘉偉提醒，在無量反彈且缺乏實質營收動能的情況下，空頭修正才剛開始
，投資人應提高風險意識、嚴格控管資金。




老酥真的很努力~  重工完換泣台

哈哈哈

下禮拜C波

如果下禮拜沒有

就再下禮拜

總有一天會中 嘻嘻

--","三立新聞網



20260904 200600  編輯 財經中心 報導



知名分析師陳嘉偉嘎尾老蘇於4 日的股市總司令節目中發出重磅警告直指台北
股市當前的反彈缺乏成交量支持並點名

量能不足打回原形 金融撐盤恐重演歷史崩盤

陳嘉偉分析儘管美股反彈帶動台股走揚但大盤成交量回落至 8256 億元左右整體
結構仍屬於典型的針對近期金融股屢創新高的現象他澄
清這絕非大盤健康的輪動而是多頭氣力放盡的訊號他引述 2015 年民國 104 年
台股靠金融股一路硬拖衝破萬點後隨即崩盤的歷史經驗警告投資人不要被指數假象矇蔽
金融股拉抬往往預示著市場即將迎來快速修正

題材利多出盡 8月營收檢驗基本面真本事

隨著國際半導體展SEMICON劃下句點市場熱點將全面回歸上市櫃公司的 8 月營收表
現陳嘉偉指出部分權益股已提前露出疲態例如南亞科雖然年增率亮眼但月成長率
放緩至僅約 188股價隨即出現劇烈拉回南電更因月減 16 而面臨重挫這顯示股
價已開始領先反映未來基本面的隱憂失去展覽題材護航後電子股將面臨嚴苛的營收檢
視

能源價格推升通膨 總體經濟與技術面雙重壓頂

除了個股基本面疑慮外總體經濟環境亦不容樂觀美國柴油價格創下歷史新高汽油價
格亦處於同期高點將持續推升即將公布的消費者物價指數CPI加劇市場對通膨與
利率政策的疑慮從技術面觀察下週起大盤與櫃買指數的季線扣抵位置將迅速上移技
術反壓沉重陳嘉偉提醒在無量反彈且缺乏實質營收動能的情況下空頭修正才剛開始
投資人應提高風險意識嚴格控管資金




老酥真的很努力  重工完換泣台

哈哈哈

下禮拜C波

如果下禮拜沒有

就再下禮拜

總有一天會中 嘻嘻","['立新', '聞網', '20260904', '200600', '編輯', '財經', '中心', '報導', '知名', '分析', '師陳嘉偉嘎尾', '老蘇', '股市', '司令', '節目', '發出', '重磅', '警告', '直指', '台北', '股市', '當前', '反彈', '缺乏', '成交量', '支持', '並點', '不足', '原形', '金融', '撐盤', '重演', '歷史', '崩盤', '嘉偉', '分析', '成交量', '回落', '8256', '億元', '左右', '整體', '結構', '仍屬', '典型', '針對', '近期', '金融股', '屢創', '新高', '現象', '這絕', '非大盤', '健康', '輪動', '而是', '多頭', '氣力', '訊號', '引述', '2015', '年民國', '104', '台股', '金融股', '一路', '硬拖', '衝破', '萬點', '隨即', '崩盤', '歷史', '經驗', '警告', '投資人', '不要', '指數', '假象', '矇蔽', '金融股', '往往', '預示', '市場', '即將', '迎來', '快速', '修正', '題材', '利多', '出盡', '營收', '檢驗', '基本面', '真本事', '隨著國際', '半導', '體展', 'SEMICON', '劃下', '句點', '市場', '熱點將', '全面', '回歸', '上市', '公司', '月營', '收表', '現陳嘉偉', '指出', '部分', '權益', '提前', '露出', '疲態', '例如', '南亞科', '雖然', '年增率', '亮眼', '成長', '放緩', '至僅', '188', '股價', '隨即', '出現', '劇烈', '回南電', '因月減', '16', '面臨', '重挫', '這顯示', '價已', '開始', '領先', '反映', '未來', '基本面', '隱憂', '失去', '展覽題', '材護', '航後電子', '股將面', '臨嚴', '營收檢', '能源', '價格', '推升', '總體', '經濟', '技術面', '雙重', '壓頂', '除了', '基本面', '疑慮', '總體', '經濟', '環境', '不容', '樂觀', '美國', '柴油', '價格', '創下', '歷史', '新高', '汽油', '格亦處', '同期', '高點', '將持續', '推升', '即將', '公布', '消費者', '物價', '指數', 'CPI', '加劇', '市場', '通膨與', '利率政策', '疑慮', '技術面', '觀察下', '週起', '大盤', '櫃買', '指數', '季線', '扣抵', '位置', '迅速', '上移', '反壓', '沉重', '嘉偉', '提醒', '無量', '反彈', '缺乏', '實質營', '收動', '情況', '空頭', '修正', '剛開始', '投資人應', '提高', '風險', '意識', '嚴格', '控管', '資金', '真的', '努力', '重工', '完換泣', '哈哈哈', '下禮', '如果', '下禮', '下禮', '總有', '一天', '嘻嘻']",Positive,0.9766373634338379
M.1788571013.A.106,[新聞] 出新招施壓？川普揚言若Fed不降息 將與貿,adamk2,2026-09-05 09:16:51,85,https://www.ptt.cc/bbs/Stock/M.1788571013.A.106.html,"FED華許之前講了一堆 這次八成還是會買川寶的單。
不過台灣也不用太擔心 之後還有一堆廠商及資金要到美國投資。反正川寶到時候再凹說
這是美國生產  就沒有逆差問題了


--","FED華許之前講了一堆 這次八成還是會買川寶的單
不過台灣也不用太擔心 之後還有一堆廠商及資金要到美國投資反正川寶到時候再凹說
這是美國生產  就沒有逆差問題了","['FED', '華許', '之前', '講了', '一堆', '這次', '八成', '還是', '買川寶的', '不過', '台灣', '不用', '擔心', '之後還', '一堆', '廠商及', '資金要', '美國', '投資', '反正', '川寶到', '時候', '這是', '美國', '生產', '逆差', '問題']",Positive,0.9980547428131104
M.1788567446.A.97D,[情報] 3008 大立光 8月營收 M:2.76% Y:-16.23%,q1a1,2026-09-05 08:17:24,55,https://www.ptt.cc/bbs/Stock/M.1788567446.A.97D.html,"1. 標題：3008 大立光 8月營收 Mom:2.76% Yoy:-16.23%

2. 來源：公開資訊觀測站

3. 網址：

4. 內文：

民國115年08月   單位：新台幣仟元

項目              營業收入淨額
本月              
去年同期          5,983,127
增減金額          -971,185

本年累計          39,093,407
去年累計          37,694,000
增減金額          1,399,407
增減百分比        3.71
備註 / 營收變化原因說明

--","1 標題3008 大立光 8月營收 Mom276 Yoy1623

2 來源公開資訊觀測站

3 網址

4 內文

民國115年08月   單位新台幣仟元

項目              營業收入淨額
本月              
去年同期          5983127
增減金額          971185

本年累計          39093407
去年累計          37694000
增減金額          1399407
增減百分比        371
備註  營收變化原因說明","['標題', '3008', '大立光', '營收', 'Mom276', 'Yoy1623', '來源', '公開', '資訊', '觀測', '網址', '內文', '民國', '115', '08', '單位', '台幣', '項目', '營業', '收入', '淨額', '本月', '去年同期', '5983127', '增減', '金額', '971185', '本年', '累計', '39093407', '去年', '累計', '37694000', '增減', '金額', '1399407', '增減', '百分比', '371', '營收', '變化', '原因', '說明']",Positive,0.8754155039787292
M.1788565593.A.1AB,Re: [新聞] 美推動委內瑞拉擴產原油 能源部長：中國,eli5816459,2026-09-05 07:46:29,22,https://www.ptt.cc/bbs/Stock/M.1788565593.A.1AB.html,"委
瑞
）
利
指
議
牙
油
羅
出
瑞



在中國控制鎢鑛8成產量甚至生產大量合金的背景下，在鑽探石油的鑽頭多數用鎢製造時
，好像很少提及這中間的因果關係

所以目前委內瑞拉也沒說會賴帳或不還債

另外，看國際新聞委內瑞拉對美國這些做法也持續爆發不滿抗議，當下沒問題，數年後很
難說會發生何種變數，這也是很多石油公司沒有如川普先前的催促直接進入開發生產的原
因

--","委
瑞

利
指
議
牙
油
羅
出
瑞



在中國控制鎢鑛8成產量甚至生產大量合金的背景下在鑽探石油的鑽頭多數用鎢製造時
好像很少提及這中間的因果關係

所以目前委內瑞拉也沒說會賴帳或不還債

另外看國際新聞委內瑞拉對美國這些做法也持續爆發不滿抗議當下沒問題數年後很
難說會發生何種變數這也是很多石油公司沒有如川普先前的催促直接進入開發生產的原
因","['中國', '控制', '成產量', '甚至', '生產', '大量', '合金', '背景', '石油', '鑽頭', '數用', '好像', '很少', '提及', '這中間', '因果', '所以', '目前', '委內', '瑞拉', '賴帳', '還債', '另外', '看國際', '新聞委內', '瑞拉', '對美國', '這些', '做法', '持續', '爆發', '不滿', '抗議', '當下', '問題', '數年', '難說', '發生', '何種', '變數', '這也', '很多', '石油', '公司', '有如', '川普', '先前', '催促', '直接', '進入', '開發', '生產']",Positive,0.9317363500595093
M.1788555331.A.C43,Re: [新聞] 美就業數據超預期 川普仍發文要求聯準會,gn02118620,2026-09-05 04:55:29,15,https://www.ptt.cc/bbs/Stock/M.1788555331.A.C43.html,"S
更?
強
最
荒
公
年

Fed號稱獨立機構，只依據就業跟通膨來決定利率，但那只是號稱

美債利率會影響美國財政，首先是每年預算得借錢來填補赤字，借錢的形式就是發債，利
率越高將來越痛苦

再來就是之前發的債期限到了要還錢，那沒錢怎麼辦，一樣是發新債還舊債，利率一樣影
響借貸成本

美國現在每年新發的債務約7兆美元，其中2兆是新借款還赤字，5兆是借新還舊

所以美國的國債會越滾越大



美國現在有40兆美元債務，每年償還利息就高達1兆美元（美國財政收入一年也才5.2兆美
元）

換算下來，如果Fed升息一碼，美國理論上每年財政支出就要多出1000億美元利息（40兆*
0.025）

可以看到美國升息幾碼財政就爆炸了，威力快跟美國打伊朗的財政損失相當

在這種情況下號稱獨立機構的Fed是不可能不把美國財政壓力納入考量

所以華許會不斷在市場放鷹打嘴炮，來製造預期升息心理，但實際Fed就是不會升息


升息->美債價格跌沒人買，只能提升美債利率，美國財政面臨更大的還款壓力

降息->大家開始預期要通膨開始炒房炒資產炒股迎來通膨甚至是惡性通膨

怎麼選都不對，所以短期來看還是會維持不動

而長期來看降息的機率還是大於升息，因為美國債務給財政帶來的壓力太大，Fed是不可
能坐視不管直接硬幹的

--","S
更
強
最
荒
公
年

Fed號稱獨立機構只依據就業跟通膨來決定利率但那只是號稱

美債利率會影響美國財政首先是每年預算得借錢來填補赤字借錢的形式就是發債利
率越高將來越痛苦

再來就是之前發的債期限到了要還錢那沒錢怎麼辦一樣是發新債還舊債利率一樣影
響借貸成本

美國現在每年新發的債務約7兆美元其中2兆是新借款還赤字5兆是借新還舊

所以美國的國債會越滾越大



美國現在有40兆美元債務每年償還利息就高達1兆美元美國財政收入一年也才52兆美
元

換算下來如果Fed升息一碼美國理論上每年財政支出就要多出1000億美元利息40兆
0025

可以看到美國升息幾碼財政就爆炸了威力快跟美國打伊朗的財政損失相當

在這種情況下號稱獨立機構的Fed是不可能不把美國財政壓力納入考量

所以華許會不斷在市場放鷹打嘴炮來製造預期升息心理但實際Fed就是不會升息


升息美債價格跌沒人買只能提升美債利率美國財政面臨更大的還款壓力

降息大家開始預期要通膨開始炒房炒資產炒股迎來通膨甚至是惡性通膨

怎麼選都不對所以短期來看還是會維持不動

而長期來看降息的機率還是大於升息因為美國債務給財政帶來的壓力太大Fed是不可
能坐視不管直接硬幹的","['Fed', '號稱', '獨立', '機構', '依據', '就業', '通膨來', '決定', '利率', '只是', '號稱', '美債', '利率', '影響', '美國', '財政', '首先', '每年', '預算', '填補', '赤字', '借錢', '形式', '就是', '發債利', '率越', '高將', '痛苦', '再來', '就是', '之前', '發的債', '期限', '還錢', '怎麼', '辦一樣', '發新債', '還舊債', '利率', '一樣', '借貸', '成本', '美國現', '每年', '新發', '債務約', '美元', '其中', '借款', '赤字', '還舊', '所以', '美國', '國債會', '美國現', '40', '美元', '債務', '每年', '償還', '利息', '高達', '美元', '美國', '財政', '收入', '一年', '52', '換算', '下來', '如果', 'Fed', '升息', '一碼', '美國理論', '每年', '財政', '支出', '就要', '多出', '1000', '美元', '利息', '40', '0025', '可以', '看到', '美國', '升息', '幾碼', '財政', '爆炸', '威力', '美國', '伊朗', '財政損', '失相當', '這種', '情況', '下號', '獨立', '機構', 'Fed', '可能', '美國', '財政壓', '力納入', '考量', '所以', '華許', '不斷', '市場', '放鷹', '嘴炮', '升息', '心理', '實際', 'Fed', '就是', '不會', '升息', '升息', '美債', '價格', '沒人', '只能', '提升', '美債', '利率', '美國', '財政面', '還款', '壓力', '降息', '大家', '開始', '預期', '通膨開始', '炒房', '資產', '炒股', '迎來通', '甚至', '惡性', '怎麼', '所以', '短期', '還是', '會維持', '不動', '而長', '期來', '降息', '機率', '還是', '升息', '因為', '美國', '債務給', '財政帶', '壓力', '太大', 'Fed', '不可', '坐視', '不管', '直接', '硬幹']",Positive,0.553787112236023
M.1788544979.A.EEF,[新聞] AI變期中選舉票房毒藥？川普挺資料中心，,a0808996,2026-09-05 02:02:55,21,https://www.ptt.cc/bbs/Stock/M.1788544979.A.EEF.html,"AI變期中選舉票房毒藥？川普挺資料中心，77％美國人卻怕電價漲



廖綉玉 加入追蹤2026-09-04


2026年，美國約三分之一的經濟成長，可能來自AI與資料中心投資。但同時，資料中心擴
張正引發強烈反彈，77％美國人擔心AI資料中心推高電價，僅14％願住在資料中心附近。
美國總統川普仍力挺擴張，稱反對資料中心等於選擇「落後與貧窮」；只是地方反彈已逼
使民主、共和兩黨候選人重新調整立場，資料中心正成為這次期中選舉的新戰場。


人工智慧（AI）熱潮正成為美國經濟成長的重要引擎，荷蘭國際集團（ING）8月估算，AI
科技與資料中心投資可能貢獻2026年美國經濟成長約三分之一；聯準會也指出，AI相關投
資已對GDP成長產生重要貢獻，今年第一季相關投資估計貢獻約1.36個百分點。

然而，亮眼的經濟數字並未消除民間疑慮，最新焦點就落在快速擴張的AI資料中心。高耗
電可能推升電價，大量用水加劇地方資源壓力，政府提供的稅務優惠更讓地區居民質疑企
業獲利，公共成本卻由社區埋單。路透／益普索（Reuters/Ipsos）6月的民調顯示，僅
14%的受訪者支持在其所在社區建造資料中心，約77%的受訪者擔心AI發展將導致電費上漲
。

延伸閱讀：AI Agent卡算力，投資聯發科的Google如何突破瓶頸？

11月期中選舉逼近，民主黨（Democratic Party）與共和黨（Republican Party）候選人
開始發現，支持資料中心可能與選民利益衝突。面對全美日益升高的反彈，川普（
Donald Trump）政府選擇強力護航。川普日前警告，反對資料中心的社區會毀掉「下金蛋
的鵝」，認為拒絕資料中心就等於選擇「落後與貧窮」。

資料中心投資暴增，川普力挺擴張
亞馬遜（Amazon）、微軟、Google、Meta、甲骨文（Oracle）等美國五大科技巨頭，今年
的資本支出預計將超過7500億美元，比去年增長67%，其中約75%將用於AI基礎設施建設。

美國人口普查局（Census Bureau）資料顯示，7月資料中心建設支出已達年化逾750億美
元，較去年同期激增近60%。根據丹麥資料中心追蹤平台「資料中心地圖」（Data
Center Map），統計，美國擁有約4200個資料中心，約占全球總數的40%，另有數千個資
料中心仍在規劃或興建中。

延伸閱讀：矽光子、CoWoS與SoIC未來布局？台積電徐國晉全拆解

川普政府力挺資料中心大舉擴張。8月31日，川普在其社群媒體平台「真實社群」（
Truth Social）警告：「美國各地社區反對資料中心的唯一理由，就是他們甘願變得落後
貧窮。如果想要繁榮富裕，享有更低的稅負和遍地的工作機會，那就讓資料主宰一切吧。
好消息是，還有許多其他地方都歡迎資料中心進駐。如果我們毀掉這隻會下金蛋的鵝，那
只能怪自己。」





AI資料中心狂建，電價、水資源引發強烈反彈
美國密西根大學（University of Michigan）去年7月的報告指出，一座資料中心的耗電
量，相當於2000戶家庭的用電量。資料中心也需要用水冷卻，根據美國能源與環境研究所
（Environmental and Energy Study Institute），一座典型的資料中心每天用水量約為
30萬加侖，相當於約1000戶家庭的用水量。大型資料中心每日用水量更可能高達500萬加
侖，相當於一座一萬至五萬人口小鎮的日用水量。

資料中心的高耗能、耗水可能加劇乾旱地區水資源與電網壓力，迫使公用事業公司升級基
礎設施，成本最終轉嫁消費者。此外，鄰近居民也飽受冷卻系統噪音與空氣汙染困擾。路
透／益普索6月的民調顯示，僅三分之一的美國人贊成資料中心快速擴張，許多民眾對美
國資料中心蓬勃發展感到不安。「誰為AI發展埋單？」更成為選民最在意的問題。美國能
源資訊署（Energy Information Administration）預估，2026年，美國居民平均電價將
上漲5.1％，2027年將漲2.4％，以上均未計入通膨因素。

65歲的共和黨員湯普金斯（Mark Thompkins），住在印第安納州首府印第安納波利斯（
Indianapolis）郊外的鄉村地區，他對當地的資料中心新建設計畫感到憂心：「對我來說
，這非常令人擔憂。我現在的電費就已經很高了。」

資料中心成選戰焦點，候選人開始改變立場
美國知名智庫「布魯金斯研究院」（Brookings Institution）8月指出，資料中心已成為
今年期中選舉的關鍵議題。地方居民的強烈不滿已逐漸轉化為選舉壓力，甚至形成跨黨派
的政治反彈，迫使各候選人回應。《華盛頓郵報》（The Washington Post）分析國會及
州長候選人的網站後發現，45個州的候選人已經將AI納入競選議題，愈來愈多候選人開始
談論AI及資料中心。



川普政府仍把資料中心視為維持美國AI領先的重要基礎設施，因此，共和黨候選人尤其面
臨「支持AI、卻可能得罪選民」的兩難。美國《時代》雜誌（TIME）8月甚至以「共和黨
的資料中心恐慌」（GOP's Data Center Panic）形容這股政治壓力。

《華爾街日報》（The Wall Street Journal）指出，這場反彈雖始於左翼，但如今全美
民主黨參議員候選人也紛紛主張放緩資料中心擴張。《Axios》8月揭露，共和黨參議院競
選機構在給頂尖AI企業的內部備忘錄中警告，資料中心的負面形象，正在傷害共和黨保住
俄亥俄州（Ohio）關鍵參議員席次的機會。

該競選備忘錄指出，民主黨已將資料中心作為擊敗共和黨參議員赫斯特德（Jon Husted）
的「核心」議題，而且「這項策略正發揮效用」。共和黨甚至直言：「這場競選中，資料
中心比任何其他因素都更像壓在赫斯特德脖子上的枷鎖。」


民主黨前參議員布朗（Sherrod Brown）將資料中心激增列為競選主軸，下廣告指控赫斯
特德是「俄亥俄州擁有如此多資料中心的主因」，批評他「一手促成這些耗能巨大的設施
」。布朗將資料中心視為AI革命的具體象徵，連結勞工失業、權力向精英階層集中，科技
巨頭坐享巨大利益等。

面對選舉壓力，赫斯特德也開始調整立場，在參議院提出法案，要求資料中心自行負擔電
力成本，確保新輸電基礎設施的費用不會轉嫁消費者。根據《福斯新聞》（Fox News）8
月6日至10日進行的民調，赫斯特德支持率為45%，落後布朗的53%。

共和黨競選備忘錄警告：「如果他（赫斯特德）敗選、資料中心成為眾矢之的，全國政治
人物都會注意到這一點，他們將不敢再碰下一個資料中心案。這已成為整個選舉週期的潛
在隱患。」

美國智庫「洛克菲勒政府研究所」（Rockefeller Institute of Government）指出，面
對日益升高的民眾反彈，截至6月，已有14州曾考慮或正在考慮暫停資料中心建設。德州
更成為政治轉向的代表，尋求連任的共和黨州長艾伯特（Greg Abbott）8月宣布暫停新資
料中心建設，等待全州審計，理由是擔憂用電與用水壓力。

這項決定尤其引人注目，因為德州是AI資料中心的重要據點。艾伯特過去也大力支持，如
今卻改變立場，甚至批評AI企業「自掘墳墓」，才招致如今的反彈，「理應受到譴責」。
民主黨對手伊諾埃薩（Gina Hinojosa）及一些共和黨人士則指責艾伯特放任資料中心擴
張，卻讓德州居民承擔代價。

在亞利桑那州，經過正反雙方激烈遊說，州長郝愷悌（Katie Hobbs）6月簽署州預算，暫
停資料中心享有稅務優惠三年，被視為聲勢浩大的反資料中心運動取得的重要勝利。

美國科技媒體《連線》（Wired）指出，8月下旬已有逾15名候選人簽署《人工智慧協議》
（AI Pact），提出五項承諾，包括要求AI模型接受強制安全審查、推動讓勞工共享AI紅
利，確保消費者與企業可就AI模型造成的損害提起訴訟等。


資料中心若暫停，AI投資與科技股恐受衝擊
今年期中選舉的資料中心議題攻防，可能對美國長期的政策產生深遠影響。若多名支持資
料中心的候選人落敗，反對者勝出，政界可能更傾向支持暫停、審計甚至暫緩資料中心建
設。全美多地已出現類似趨勢，若反彈持續擴大，恐拖慢資料中心擴張，進而限制AI發展
與數位經濟成長。

更令人擔憂的是，資料中心擴張若放緩，可能衝擊科技巨頭押注AI的商業模式。大型科技
公司已投入數千億美元開發AI，並以預期的使用成長與投資報酬率制訂營收目標。任何暫
停、審計或禁令若拖慢AI普及，都可能打亂市場預期，增加企業財務壓力。近期股市漲勢
高度仰賴少數大型科技公司，若市場開始重新評估AI投資的前景，科技股表現勢必受到影
響，市場信心也可能受到牽動。





美國目前經濟火車頭 正在跟全國民怨火車頭對撞
到底哪一方會贏 期中選舉後就知道答案了

但不可否認的是 越來越多候選人為了選票 都再大轉彎了
到底哪一方會贏 讓我們繼續看下去~~~~~~

--","AI變期中選舉票房毒藥川普挺資料中心77美國人卻怕電價漲



廖綉玉 加入追蹤20260904


2026年美國約三分之一的經濟成長可能來自AI與資料中心投資但同時資料中心擴
張正引發強烈反彈77美國人擔心AI資料中心推高電價僅14願住在資料中心附近
美國總統川普仍力挺擴張稱反對資料中心等於選擇落後與貧窮只是地方反彈已逼
使民主共和兩黨候選人重新調整立場資料中心正成為這次期中選舉的新戰場


人工智慧AI熱潮正成為美國經濟成長的重要引擎荷蘭國際集團ING8月估算AI
科技與資料中心投資可能貢獻2026年美國經濟成長約三分之一聯準會也指出AI相關投
資已對GDP成長產生重要貢獻今年第一季相關投資估計貢獻約136個百分點

然而亮眼的經濟數字並未消除民間疑慮最新焦點就落在快速擴張的AI資料中心高耗
電可能推升電價大量用水加劇地方資源壓力政府提供的稅務優惠更讓地區居民質疑企
業獲利公共成本卻由社區埋單路透益普索ReutersIpsos6月的民調顯示僅
14的受訪者支持在其所在社區建造資料中心約77的受訪者擔心AI發展將導致電費上漲


延伸閱讀AI Agent卡算力投資聯發科的Google如何突破瓶頸

11月期中選舉逼近民主黨Democratic Party與共和黨Republican Party候選人
開始發現支持資料中心可能與選民利益衝突面對全美日益升高的反彈川普
Donald Trump政府選擇強力護航川普日前警告反對資料中心的社區會毀掉下金蛋
的鵝認為拒絕資料中心就等於選擇落後與貧窮

資料中心投資暴增川普力挺擴張
亞馬遜Amazon微軟GoogleMeta甲骨文Oracle等美國五大科技巨頭今年
的資本支出預計將超過7500億美元比去年增長67其中約75將用於AI基礎設施建設

美國人口普查局Census Bureau資料顯示7月資料中心建設支出已達年化逾750億美
元較去年同期激增近60根據丹麥資料中心追蹤平台資料中心地圖Data
Center Map統計美國擁有約4200個資料中心約占全球總數的40另有數千個資
料中心仍在規劃或興建中

延伸閱讀矽光子CoWoS與SoIC未來布局台積電徐國晉全拆解

川普政府力挺資料中心大舉擴張8月31日川普在其社群媒體平台真實社群
Truth Social警告美國各地社區反對資料中心的唯一理由就是他們甘願變得落後
貧窮如果想要繁榮富裕享有更低的稅負和遍地的工作機會那就讓資料主宰一切吧
好消息是還有許多其他地方都歡迎資料中心進駐如果我們毀掉這隻會下金蛋的鵝那
只能怪自己





AI資料中心狂建電價水資源引發強烈反彈
美國密西根大學University of Michigan去年7月的報告指出一座資料中心的耗電
量相當於2000戶家庭的用電量資料中心也需要用水冷卻根據美國能源與環境研究所
Environmental and Energy Study Institute一座典型的資料中心每天用水量約為
30萬加侖相當於約1000戶家庭的用水量大型資料中心每日用水量更可能高達500萬加
侖相當於一座一萬至五萬人口小鎮的日用水量

資料中心的高耗能耗水可能加劇乾旱地區水資源與電網壓力迫使公用事業公司升級基
礎設施成本最終轉嫁消費者此外鄰近居民也飽受冷卻系統噪音與空氣汙染困擾路
透益普索6月的民調顯示僅三分之一的美國人贊成資料中心快速擴張許多民眾對美
國資料中心蓬勃發展感到不安誰為AI發展埋單更成為選民最在意的問題美國能
源資訊署Energy Information Administration預估2026年美國居民平均電價將
上漲512027年將漲24以上均未計入通膨因素

65歲的共和黨員湯普金斯Mark Thompkins住在印第安納州首府印第安納波利斯
Indianapolis郊外的鄉村地區他對當地的資料中心新建設計畫感到憂心對我來說
這非常令人擔憂我現在的電費就已經很高了

資料中心成選戰焦點候選人開始改變立場
美國知名智庫布魯金斯研究院Brookings Institution8月指出資料中心已成為
今年期中選舉的關鍵議題地方居民的強烈不滿已逐漸轉化為選舉壓力甚至形成跨黨派
的政治反彈迫使各候選人回應華盛頓郵報The Washington Post分析國會及
州長候選人的網站後發現45個州的候選人已經將AI納入競選議題愈來愈多候選人開始
談論AI及資料中心



川普政府仍把資料中心視為維持美國AI領先的重要基礎設施因此共和黨候選人尤其面
臨支持AI卻可能得罪選民的兩難美國時代雜誌TIME8月甚至以共和黨
的資料中心恐慌GOPs Data Center Panic形容這股政治壓力

華爾街日報The Wall Street Journal指出這場反彈雖始於左翼但如今全美
民主黨參議員候選人也紛紛主張放緩資料中心擴張Axios8月揭露共和黨參議院競
選機構在給頂尖AI企業的內部備忘錄中警告資料中心的負面形象正在傷害共和黨保住
俄亥俄州Ohio關鍵參議員席次的機會

該競選備忘錄指出民主黨已將資料中心作為擊敗共和黨參議員赫斯特德Jon Husted
的核心議題而且這項策略正發揮效用共和黨甚至直言這場競選中資料
中心比任何其他因素都更像壓在赫斯特德脖子上的枷鎖


民主黨前參議員布朗Sherrod Brown將資料中心激增列為競選主軸下廣告指控赫斯
特德是俄亥俄州擁有如此多資料中心的主因批評他一手促成這些耗能巨大的設施
布朗將資料中心視為AI革命的具體象徵連結勞工失業權力向精英階層集中科技
巨頭坐享巨大利益等

面對選舉壓力赫斯特德也開始調整立場在參議院提出法案要求資料中心自行負擔電
力成本確保新輸電基礎設施的費用不會轉嫁消費者根據福斯新聞Fox News8
月6日至10日進行的民調赫斯特德支持率為45落後布朗的53

共和黨競選備忘錄警告如果他赫斯特德敗選資料中心成為眾矢之的全國政治
人物都會注意到這一點他們將不敢再碰下一個資料中心案這已成為整個選舉週期的潛
在隱患

美國智庫洛克菲勒政府研究所Rockefeller Institute of Government指出面
對日益升高的民眾反彈截至6月已有14州曾考慮或正在考慮暫停資料中心建設德州
更成為政治轉向的代表尋求連任的共和黨州長艾伯特Greg Abbott8月宣布暫停新資
料中心建設等待全州審計理由是擔憂用電與用水壓力

這項決定尤其引人注目因為德州是AI資料中心的重要據點艾伯特過去也大力支持如
今卻改變立場甚至批評AI企業自掘墳墓才招致如今的反彈理應受到譴責
民主黨對手伊諾埃薩Gina Hinojosa及一些共和黨人士則指責艾伯特放任資料中心擴
張卻讓德州居民承擔代價

在亞利桑那州經過正反雙方激烈遊說州長郝愷悌Katie Hobbs6月簽署州預算暫
停資料中心享有稅務優惠三年被視為聲勢浩大的反資料中心運動取得的重要勝利

美國科技媒體連線Wired指出8月下旬已有逾15名候選人簽署人工智慧協議
AI Pact提出五項承諾包括要求AI模型接受強制安全審查推動讓勞工共享AI紅
利確保消費者與企業可就AI模型造成的損害提起訴訟等


資料中心若暫停AI投資與科技股恐受衝擊
今年期中選舉的資料中心議題攻防可能對美國長期的政策產生深遠影響若多名支持資
料中心的候選人落敗反對者勝出政界可能更傾向支持暫停審計甚至暫緩資料中心建
設全美多地已出現類似趨勢若反彈持續擴大恐拖慢資料中心擴張進而限制AI發展
與數位經濟成長

更令人擔憂的是資料中心擴張若放緩可能衝擊科技巨頭押注AI的商業模式大型科技
公司已投入數千億美元開發AI並以預期的使用成長與投資報酬率制訂營收目標任何暫
停審計或禁令若拖慢AI普及都可能打亂市場預期增加企業財務壓力近期股市漲勢
高度仰賴少數大型科技公司若市場開始重新評估AI投資的前景科技股表現勢必受到影
響市場信心也可能受到牽動





美國目前經濟火車頭 正在跟全國民怨火車頭對撞
到底哪一方會贏 期中選舉後就知道答案了

但不可否認的是 越來越多候選人為了選票 都再大轉彎了
到底哪一方會贏 讓我們繼續看下去","['AI', '期中', '選舉', '票房', '毒藥川', '普挺', '資料', '中心', '77', '美國人', '電價漲', '加入', '20260904', '2026', '美國約', '三分之一', '經濟', '成長', '可能', 'AI', '資料', '中心', '投資', '同時', '資料', '中心', '張正', '引發', '強烈', '反彈', '77', '美國人', '擔心', 'AI', '資料', '中心', '推高', '電價僅', '14', '願住', '資料', '中心', '附近', '美國', '統川普', '仍力', '擴張', '資料', '中心', '選擇', '落後與', '貧窮', '只是', '地方', '反彈', '民主', '共和', '兩黨候', '選人', '重新', '調整', '立場', '資料', '中心', '正成', '這次', '期中', '選舉', '戰場', '人工智慧', 'AI', '熱潮', '正成', '美國', '經濟', '成長', '重要', '引擎', '荷蘭國際', '集團', 'ING8', '估算', 'AI', '科技', '資料', '中心', '投資', '可能', '貢獻', '2026', '美國', '經濟', '成長', '三分之一', '聯準', '指出', 'AI', '相關', '資已', 'GDP', '成長', '產生', '重要', '貢獻', '今年', '第一季', '相關', '投資', '估計', '貢獻約', '136', '百分', '然而', '亮眼', '經濟', '數字', '並未', '消除', '民間', '疑慮', '最新', '焦點', '快速', '擴張', 'AI', '資料', '中心', '高耗', '可能', '推升', '電價', '大量', '用水', '加劇', '地方', '資源', '壓力', '政府', '提供', '稅務', '優惠', '地區', '居民', '質疑', '業獲利', '公共', '成本', '社區', '埋單', '路透', '益普索', 'ReutersIpsos6', '民調', '顯示僅', '14', '訪者', '支持', '所在', '社區', '建造', '資料', '中心', '77', '訪者', '擔心', 'AI', '發展', '將導致', '電費', '延伸', '閱讀', 'AI', 'Agent', '卡算力', '投資聯', '發科', 'Google', '如何', '突破', '瓶頸', '11', '期中', '選舉', '逼近', '民主', 'Democratic', 'Party', '共和', 'Republican', 'Party', '候選人', '開始', '發現', '支持', '資料', '中心', '可能', '選民', '利益', '衝突面', '全美', '日益', '升高', '反彈川普', 'Donald', 'Trump', '政府', '選擇', '強力護', '航川普', '日前', '警告', '反對', '資料', '中心', '社區', '會毀', '金蛋', '認為', '拒絕', '資料', '中心', '選擇', '落後與', '貧窮', '資料', '中心', '投資', '暴增', '川普力', '擴張', '亞馬遜', 'Amazon', '微軟', 'GoogleMeta', '甲骨文', 'Oracle', '美國', '五大', '科技', '巨頭', '今年', '資本', '支出', '預計將', '超過', '7500', '美元', '去年', '增長', '67', '其中', '75', '將用', 'AI', '基礎', '設施', '建設', '美國', '人口', '普查局', 'Census', 'Bureau', '資料', '顯示', '資料', '中心', '建設', '支出', '已達', '年化', '750', '億美', '元較', '去年同期', '激增', '60', '根據', '丹麥', '資料', '中心', '平台', '資料', '中心', '地圖', 'Data', 'Center', 'Map', '統計', '美國', '擁有', '4200', '資料', '中心', '全球', '總數', '40', '另有', '數千個資', '中心', '規劃', '或興', '建中', '延伸', '閱讀', '光子', 'CoWoS', 'SoIC', '未來', '布局', '台積電', '徐國', '晉全', '拆解', '川普', '政府', '力挺', '資料', '中心', '大舉', '擴張', '31', '日川普', '社群', '媒體', '平台', '真實', '社群', 'Truth', 'Social', '警告', '美國', '各地', '社區', '反對', '資料', '中心', '唯一', '理由', '就是', '他們', '甘願', '變得', '貧窮', '如果', '想要', '繁榮', '富裕', '享有', '稅負', '遍地', '工作', '機會', '資料', '主宰', '一切', '好消息', '還有', '許多', '其他', '地方', '歡迎', '資料', '中心', '進駐', '如果', '我們', '毀掉', '金蛋', '只能', '自己', 'AI', '資料', '中心', '狂建電價', '水資源', '引發', '強烈', '反彈', '美國', '密西根', '大學', 'University', 'of', 'Michigan', '去年', '報告', '指出', '一座', '資料', '中心', '耗電', '相當', '2000', '家庭', '電量', '資料', '中心', '需要', '用水', '根據', '美國', '能源', '環境', '研究所', 'Environmental', 'and', 'Energy', 'Study', 'Institute', '一座', '典型', '資料', '中心', '每天', '用水量', '30', '1000', '家庭', '用水量', '大型', '資料', '中心', '每日', '用水量', '可能', '高達', '500', '萬加', '一座', '一萬至', '五萬', '人口', '小鎮', '用水量', '資料', '中心', '高耗能', '耗水', '可能', '加劇', '乾旱', '地區', '水資源', '電網', '壓力', '迫使', '公用', '事業', '公司', '升級', '設施', '成本', '最終', '轉嫁', '消費者', '此外', '鄰近', '居民', '受冷', '系統', '噪音', '空氣', '汙染', '困擾', '透益', '普索', '民調', '顯示僅', '三分之一', '美國人', '贊成', '資料', '中心', '快速', '擴張', '許多民眾', '國資料', '中心', '蓬勃', '發展', '感到', '不安', 'AI', '發展', '埋單', '成為', '選民', '在意', '問題', '美國能', '源資訊署', 'Energy', 'Information', 'Administration', '預估', '2026', '美國', '居民', '平均', '電價將', '上漲', '512027', '將漲', '24', '以上', '計入', '因素', '65', '共和', '黨員湯', '普金斯', 'Mark', 'Thompkins', '印第安', '納州', '首府', '印第安', '波利斯', 'Indianapolis', '郊外', '鄉村', '地區', '當地', '資料', '中心', '新建', '設計畫', '感到', '憂心', '非常', '令人', '擔憂', '我現', '電費', '已經', '資料', '中心', '成選戰', '焦點候', '選人', '開始', '改變', '立場', '美國', '知名', '智庫', '布魯金斯', '研究院', 'Brookings', 'Institution8', '指出', '資料', '中心', '已成', '今年', '期中', '選舉', '關鍵', '議題', '地方', '居民', '強烈', '不滿', '逐漸', '轉化', '選舉', '壓力', '甚至', '形成', '跨黨', '政治', '反彈', '迫使', '各候', '選人回', '應華盛頓', '郵報', 'The', 'Washington', 'Post', '分析', '國會', '州長', '候選人', '網站', '發現', '45', '個州', '候選人', '經將', 'AI', '納入', '競選議題', '愈來', '愈多候', '選人', '開始', '談論', 'AI', '資料', '中心', '川普', '政府', '資料', '中心', '視為', '維持', '美國', 'AI', '領先', '重要', '基礎', '設施', '因此', '共和', '黨候', '選人', '尤其', '支持', 'AI', '可能', '得罪', '選民', '兩難', '美國', '時代', '雜誌', 'TIME8', '甚至', '共和', '資料', '中心', '恐慌', 'GOPs', 'Data', 'Center', 'Panic', '形容', '這股', '政治', '壓力', '華爾街', '日報', 'The', 'Wall', 'Street', 'Journal', '指出', '這場', '反彈', '雖始', '左翼', '如今', '全美', '民主', '參議員候', '選人', '紛紛', '主張', '放緩', '資料', '中心', '擴張', 'Axios8', '揭露', '共和', '參議院', '選機構', '給頂', 'AI', '企業', '內部備', '忘錄', '警告', '資料', '中心', '負面', '形象', '正在', '傷害', '共和', '保住', '俄亥俄州', 'Ohio', '關鍵', '參議員', '席次', '機會', '競選備', '忘錄', '指出', '民主', '已將', '資料', '中心', '作為', '擊敗', '共和', '參議員', '赫斯特', 'Jon', 'Husted', '核心', '議題', '而且', '這項', '策略', '正發揮', '效用', '共和', '甚至', '直言', '這場', '競選中', '資料', '中心', '任何', '其他', '因素', '赫斯特', '脖子', '枷鎖', '民主', '黨前', '參議員', '布朗', 'Sherrod', 'Brown', '將資料', '中心', '激增', '列為', '競選主軸下', '廣告', '指控', '赫斯', '特德', '俄亥俄州', '擁有', '如此', '多資料', '中心', '主因', '批評', '一手', '促成', '這些', '耗能', '巨大', '設施', '布朗', '將資料', '中心', '視為', 'AI', '革命', '具體象', '徵連結', '勞工', '失業', '權力', '精英', '階層', '集中', '科技', '巨頭', '坐享', '巨大', '利益', '面對', '選舉', '壓力', '赫斯特', '開始', '調整', '立場', '參議院', '提出', '法案', '要求', '資料', '中心', '自行', '負擔電', '成本', '確保新輸', '電基礎', '設施', '費用', '不會', '轉嫁', '消費者', '根據', '福斯', '新聞', 'Fox', 'News8', '日至', '10', '進行', '民調', '赫斯特', '支持率', '45', '布朗', '53', '共和', '競選備', '忘錄', '警告', '如果', '赫斯特', '德敗', '選資料', '中心', '成為', '眾矢', '全國', '政治', '人物', '注意', '這一點', '他們將', '不敢', '碰下', '一個', '資料', '中心', '已成', '整個', '選舉', '週期', '隱患', '美國智庫', '洛克菲勒', '政府', '研究所', 'Rockefeller', 'Institute', 'of', 'Government', '指出', '日益', '升高', '民眾', '反彈', '截至', '已有', '14', '考慮', '正在', '考慮', '暫停', '資料', '中心', '建設', '德州', '更成', '政治', '轉向', '代表', '尋求', '連任', '共和', '黨州長', '艾伯特', 'Greg', 'Abbott8', '宣布', '暫停', '新資', '中心', '建設', '等待', '全州', '審計', '理由', '擔憂用', '電與', '用水', '壓力', '這項', '決定', '尤其', '引人注目', '因為', '德州', 'AI', '資料', '中心', '重要', '據點', '艾伯特', '過去', '大力支持', '改變', '立場', '甚至', '批評', 'AI', '企業', '自掘', '招致', '如今', '反彈', '理應', '受到', '譴責', '民主', '伊諾埃薩', 'Gina', 'Hinojosa', '一些', '共和', '人士', '則指責', '艾伯特', '放任', '資料', '中心', '德州', '居民', '擔代價', '亞利', '桑那州', '經過', '正反', '雙方', '激烈', '遊說州長', '郝愷', 'Katie', 'Hobbs6', '簽署', '預算', '停資料', '中心', '享有', '稅務', '優惠', '三年', '視為', '聲勢', '浩大', '反資料', '中心', '運動', '取得', '重要', '勝利', '美國', '科技', '媒體', '連線', 'Wired', '指出', '下旬', '已有', '15', '名候', '選人', '簽署', '人工智慧', '協議', 'AI', 'Pact', '提出', '五項', '承諾', '包括', '要求', 'AI', '模型', '接受', '強制', '安全', '審查', '推動', '勞工', '共享', 'AI', '利確', '消費者', '企業', 'AI', '模型', '造成', '損害', '提起', '訴訟', '資料', '中心', '暫停', 'AI', '投資', '科技股', '恐受', '衝擊', '今年', '期中', '選舉', '資料', '中心', '議題', '攻防', '可能', '美國長', '政策', '產生', '深遠', '影響', '多名', '支持', '中心', '候選人', '落敗', '反對者', '勝出', '政界', '可能', '傾向', '支持', '暫停', '審計', '甚至', '暫緩', '資料', '中心', '全美', '多地', '已出', '現類', '趨勢', '反彈', '持續', '擴大恐', '拖慢', '資料', '中心', '擴張', '進而', '限制', 'AI', '發展', '數位', '經濟', '成長', '令人', '擔憂', '資料', '中心', '擴張', '若放緩', '可能', '衝擊', '科技', '巨頭', '押注', 'AI', '商業', '模式', '大型', '科技', '公司', '投入', '數千億', '美元', '開發', 'AI', '並以', '預期', '使用', '成長', '投資', '報酬', '制訂', '營收', '目標', '任何', '停審計', '禁令', '拖慢', 'AI', '普及', '可能', '打亂', '市場', '預期', '增加', '企業', '財務', '壓力', '近期', '股市', '漲勢', '高度', '仰賴', '少數', '大型', '科技', '公司', '市場', '開始', '重新', '評估', 'AI', '投資', '前景', '科技股', '表現', '勢必', '受到', '響市場', '信心', '可能', '受到', '牽動', '美國', '目前', '經濟', '火車頭', '正在', '全國', '民怨', '火車頭', '到底', '一方', '會贏', '期中', '選舉', '知道', '答案', '可否', '越來', '越多候', '選人', '選票', '大轉', '到底', '一方', '會贏', '我們', '繼續', '下去']",Positive,0.9947443008422852
M.1788539671.A.D76,[情報] 日電貿3090  8月營收,zjeff1,2026-09-05 00:34:27,10,https://www.ptt.cc/bbs/Stock/M.1788539671.A.D76.html,"本年迄今累計營收        去年同期累計營收        累計營收成長率
13,654,198      10,501,042      30.03%
115年08月營收   去年同期月營收  月營收成長率
1,912,802       1,381,595       38.45%
115年07月營收   去年同期月營收  月營收成長率
2,095,232       1,257,487       66.62%
115年06月營收   去年同期月營收  月營收成長率
1,681,036       1,269,905       32.37%
115年05月營收   去年同期月營收  月營收成長率
1,629,431       1,357,910       20.00%

  

今天+8.62% 收在176.5，前10買超有8個是隔日沖主力，禮拜一拼手速了

--

       
 
  
       

--","本年迄今累計營收        去年同期累計營收        累計營收成長率
13654198      10501042      3003
115年08月營收   去年同期月營收  月營收成長率
1912802       1381595       3845
115年07月營收   去年同期月營收  月營收成長率
2095232       1257487       6662
115年06月營收   去年同期月營收  月營收成長率
1681036       1269905       3237
115年05月營收   去年同期月營收  月營收成長率
1629431       1357910       2000

  

今天862 收在1765前10買超有8個是隔日沖主力禮拜一拼手速了","['迄今', '累計', '營收', '去年同期', '累計', '營收', '累計營', '收成', '13654198', '10501042', '3003', '115', '08', '營收', '去年同期', '營收', '月營', '收成', '1912802', '1381595', '3845', '115', '07', '營收', '去年同期', '營收', '月營', '收成', '2095232', '1257487', '6662', '115', '06', '營收', '去年同期', '營收', '月營', '收成', '1681036', '1269905', '3237', '115', '05', '營收', '去年同期', '營收', '月營', '收成', '1629431', '1357910', '2000', '今天', '862', '收在', '1765', '10', '超有', '隔日', '主力', '禮拜', '一拼', '手速']",Positive,0.7977162003517151
M.1788539242.A.F17,[情報] 華通2313  8月財報,zjeff1,2026-09-05 00:27:16,17,https://www.ptt.cc/bbs/Stock/M.1788539242.A.F17.html,"本年迄今累計營收        去年同期累計營收        累計營收成長率
53,507,270      47,487,357      12.68%
115年08月營收   去年同期月營收  月營收成長率
7,012,064       6,561,566       6.87%
115年07月營收   去年同期月營收  月營收成長率
6,955,176       5,995,419       16.01%
115年06月營收   去年同期月營收  月營收成長率
6,915,025       5,716,554       20.96%
115年05月營收   去年同期月營收  月營收成長率
6,761,659       5,982,592       13.02%




阿通伯可以爭氣點嗎

--

       
 
  
       

--","本年迄今累計營收        去年同期累計營收        累計營收成長率
53507270      47487357      1268
115年08月營收   去年同期月營收  月營收成長率
7012064       6561566       687
115年07月營收   去年同期月營收  月營收成長率
6955176       5995419       1601
115年06月營收   去年同期月營收  月營收成長率
6915025       5716554       2096
115年05月營收   去年同期月營收  月營收成長率
6761659       5982592       1302




阿通伯可以爭氣點嗎","['迄今', '累計', '營收', '去年同期', '累計', '營收', '累計營', '收成', '53507270', '47487357', '1268', '115', '08', '營收', '去年同期', '營收', '月營', '收成', '7012064', '6561566', '687', '115', '07', '營收', '去年同期', '營收', '月營', '收成', '6955176', '5995419', '1601', '115', '06', '營收', '去年同期', '營收', '月營', '收成', '6915025', '5716554', '2096', '115', '05', '營收', '去年同期', '營收', '月營', '收成', '6761659', '5982592', '1302', '阿通伯', '可以', '爭氣點']",Positive,0.7816724181175232
M.1788501612.A.DC7,[閒聊] 2026/09/04 盤後閒聊,laptic,2026-09-04 14:00:10,爆,https://www.ptt.cc/bbs/Stock/M.1788501612.A.DC7.html,"台指期　自營商 -1,856 投信 +1,785 外資   -680
台指選　自營商 +3,536 投信 -2,290 外資 +6,556



成交量排行：
成交值排行：、、、



--

恆心永耀緣凡間，順渠湧流掀長濤；

昂步邁行天下翩，全動涓空轟豐皓。




作者：chenchen (@chenchen_art)

破盡萬法



燈光即將亮起，音弦蓄勢待發。



--

東風夜放花千樹，更吹落，星如雨。寶馬雕車香滿路。
鳳簫聲動，玉壺光轉，一夜魚龍舞。
蛾兒雪柳黃金縷，笑語盈盈暗香去。
眾裡尋他千百度，驀然回首，那人卻在燈火闌珊處。
　　　　　　　　　　　　　　　　　　　　　　　——【宋】辛棄疾《青玉案・元夕》

--","台指期　自營商 1856 投信 1785 外資   680
台指選　自營商 3536 投信 2290 外資 6556



成交量排行
成交值排行





恆心永耀緣凡間順渠湧流掀長濤

昂步邁行天下翩全動涓空轟豐皓




作者chenchen chenchenart

破盡萬法



燈光即將亮起音弦蓄勢待發","['指期', '自營商', '1856', '投信', '1785', '外資', '680', '指選', '自營商', '3536', '投信', '2290', '外資', '6556', '成交量', '排行', '成交', '排行', '恆心', '永耀緣', '凡間', '順渠', '湧流', '掀長', '昂步邁', '行天下', '翩全動', '空轟豐', '作者', 'chenchen', 'chenchenart', '破盡', '萬法', '燈光', '將亮', '起音', '蓄勢', '待發']",Positive,0.9579064249992371
M.1788537598.A.42C,[新聞] 美推動委內瑞拉擴產原油 能源部長：中國,Su22,2026-09-04 23:59:55,0,https://www.ptt.cc/bbs/Stock/M.1788537598.A.42C.html,"美推動委內瑞拉擴產原油 能源部長：中國無權分食新收益抵債



2026/09/03 07:27





，。

萊特在委內瑞拉首都卡拉卡斯接受《彭博》電視訪問時透露，各方正著手努力重組委內瑞
拉的歷史債務。萊特訪問期間預計與委內瑞拉臨時總統羅德里格斯（Delcy Rodriguez）
會晤，宣布與各大能源公司達成十多項合作協議。

其中，，雪佛龍將透過開發奧利
諾科石油帶（Orinoco Belt）的2座巨型油田，大幅擴張在委內瑞拉的營運版圖。萊特指
出，目前
。

羅德里格斯日前也在國家電視台上證實，包括。萊特在受訪時說，開發這些油
田是為了。

川普政府官員也將這次招攬美歐各國石油公司進駐委內瑞拉的行動，視為限縮中國與俄羅
斯在當地影響力的重要地緣戰略。

另一方面，在委內瑞拉與美國積極加深能源合作之際，這個擁有超過60年歷史的石油輸出
國家組織（OPEC）創始成員國，目前正考慮是否退出。但萊特澄清，他本人尚未與委內瑞
拉官員討論任何退出OPEC議題。


雪佛龍,GE等公司看來將可以從開採委內瑞拉石油中獲益
殼牌Shell與BP也有望加入
這些企業股價後續應該有上漲的動能!
委內瑞拉石油重回市場應該也有助於穩定油價

--

--","美推動委內瑞拉擴產原油 能源部長中國無權分食新收益抵債



20260903 0727







萊特在委內瑞拉首都卡拉卡斯接受彭博電視訪問時透露各方正著手努力重組委內瑞
拉的歷史債務萊特訪問期間預計與委內瑞拉臨時總統羅德里格斯Delcy Rodriguez
會晤宣布與各大能源公司達成十多項合作協議

其中雪佛龍將透過開發奧利
諾科石油帶Orinoco Belt的2座巨型油田大幅擴張在委內瑞拉的營運版圖萊特指
出目前


羅德里格斯日前也在國家電視台上證實包括萊特在受訪時說開發這些油
田是為了

川普政府官員也將這次招攬美歐各國石油公司進駐委內瑞拉的行動視為限縮中國與俄羅
斯在當地影響力的重要地緣戰略

另一方面在委內瑞拉與美國積極加深能源合作之際這個擁有超過60年歷史的石油輸出
國家組織OPEC創始成員國目前正考慮是否退出但萊特澄清他本人尚未與委內瑞
拉官員討論任何退出OPEC議題


雪佛龍GE等公司看來將可以從開採委內瑞拉石油中獲益
殼牌Shell與BP也有望加入
這些企業股價後續應該有上漲的動能
委內瑞拉石油重回市場應該也有助於穩定油價","['推動委內', '瑞拉', '擴產', '原油', '能源部', '中國', '無權', '分食', '收益', '抵債', '20260903', '0727', '萊特', '委內', '瑞拉', '首都', '卡拉', '卡斯', '接受', '彭博電視訪', '問時', '透露', '各方', '正著手', '努力', '重組委內瑞', '歷史', '債務萊特訪', '問期間', '預計', '委內', '瑞拉', '臨時', '統羅德', '里格斯', 'Delcy', 'Rodriguez', '會晤', '宣布', '各大', '能源', '公司', '達成', '十多', '合作', '協議', '其中', '雪佛龍將', '透過', '開發', '奧利', '諾科', '石油', 'Orinoco', 'Belt', '巨型', '油田', '大幅', '擴張', '委內', '瑞拉', '營運版', '圖萊', '特指', '目前', '里格斯', '日前', '國家', '電視', '台上', '證實', '包括', '萊特', '受訪', '開發', '這些', '田是', '川普', '政府', '官員', '也將', '這次', '招攬', '美歐', '各國', '石油', '公司', '駐委內', '瑞拉', '行動視', '限縮', '中國', '俄羅', '斯在', '當地', '影響力', '重要', '地緣', '戰略', '另一方面', '委內', '瑞拉', '美國', '積極', '加深', '能源', '合作', '之際', '這個', '擁有', '超過', '60', '歷史', '石油', '輸出', '國家', '組織', 'OPEC', '創始', '成員國', '目前', '考慮', '是否', '退出', '但萊特', '澄清', '本人', '尚未', '委內瑞', '拉官員', '討論', '任何', '退出', 'OPEC', '議題', '雪佛龍', 'GE', '公司', '看來將', '可以', '從開', '採委內', '瑞拉', '石油', '獲益', '殼牌', 'Shell', 'BP', '有望', '加入', '這些', '企業', '股價後續', '應該', '動能', '委內', '瑞拉', '石油', '重回', '市場', '應該', '有助', '穩定', '油價']",Positive,0.9961780309677124
M.1788533715.A.842,Re: [情報] 非農就業人數,ch410773,2026-09-04 22:55:13,25,https://www.ptt.cc/bbs/Stock/M.1788533715.A.842.html,"數據還是得看全文

非農數據表B-1部份細項
前三大分別為住宿餐飲、政府、醫療

Food services and drinking places（餐飲）：+59.2k
前期8月為：
2023：+14.9k
2024：+29.9k
2025：+11.0k

Government(政府)：+35k
強季節性

Health care and social assistance(醫療類)：+28.4k

累計122.6k

同期Information(資訊類)『減少』23k
其中Computing infrastructure providers, data processing, web hosting, and relate
d services『減少』7.7k

至於有沒有灌水各位看官自行判斷....
我感覺這個餐飲數據是唬爛了點，政府部份算不上淨增長

全文網址：
----
Sent from  on my iPhone 17 Pro Max

--","數據還是得看全文

非農數據表B1部份細項
前三大分別為住宿餐飲政府醫療

Food services and drinking places餐飲592k
前期8月為
2023149k
2024299k
2025110k

Government政府35k
強季節性

Health care and social assistance醫療類284k

累計1226k

同期Information資訊類減少23k
其中Computing infrastructure providers data processing web hosting and relate
d services減少77k

至於有沒有灌水各位看官自行判斷
我感覺這個餐飲數據是唬爛了點政府部份算不上淨增長

全文網址

Sent from  on my iPhone 17 Pro Max","['數據', '還是', '全文', '非農數', '據表', 'B1', '部份', '細項', '前三大', '分別', '住宿', '餐飲', '政府', '醫療', 'Food', 'services', 'and', 'drinking', 'places', '餐飲', '592k', '前期', '2023149k', '2024299k', '2025110k', 'Government', '政府', '35k', '強季', '節性', 'Health', 'care', 'and', 'social', 'assistance', '醫療類', '284k', '累計', '1226k', '同期', 'Information', '資訊類', '減少', '23k', '其中', 'Computing', 'infrastructure', 'providers', 'data', 'processing', 'web', 'hosting', 'and', 'relate', 'services', '減少', '77k', '至於', '灌水', '各位', '看官', '自行', '判斷', '感覺', '這個', '餐飲', '數據', '爛了點', '政府', '部份', '算不上', '增長', '全文', '網址', 'Sent', 'from', 'on', 'my', 'iPhone', '17', 'Pro', 'Max']",Positive,0.9527480006217957
M.1788532699.A.B77,[新聞] 美就業數據超預期 川普仍發文要求聯準會,mzwj,2026-09-04 22:38:17,52,https://www.ptt.cc/bbs/Stock/M.1788532699.A.B77.html,"美就業數據超預期 川普仍發文要求聯準會降息

2026.09.04  22:24  工商時報  吳慧珍

美國公布8月非農就業人口大增16.2萬遠超出預期，美國總統川普隨後在社群媒體Truth Soc
ial發文指出，最新就業數據優於預期，整整翻了2到3倍，然後話鋒一轉稱美國應享有更低
利率，施壓聯準會要求降息。

川普在文中寫道，「調降利率吧！因為美國現在的信用狀況比不久之前要強得多。一個強大
的國家利率更低，因為它的信用評等更好，就這麼簡單。我們應像過去一樣擁有全世界最低
的利率。」

「降息，否則我將停止與那些對我們有貿易逆差的國家進行貿易！美國聯邦最高法院在荒謬
且代價高昂的關稅判決中，已認證總統有絕對權力這麼做，這比關稅還管用！」

川普要聯準會及傑出的新領導人放聰明點，偶爾也當個愛國者，高利率讓美國處於極不公平
的劣勢，他絕不讓這種事情發生。

新聞連結：

一堆國家都在升息就你川普每天要求降息，你川普美債跟好幾場戰爭趕快處理吧，不然年底
選舉共和黨看來不太妙。

--","美就業數據超預期 川普仍發文要求聯準會降息

20260904  2224  工商時報  吳慧珍

美國公布8月非農就業人口大增162萬遠超出預期美國總統川普隨後在社群媒體Truth Soc
ial發文指出最新就業數據優於預期整整翻了2到3倍然後話鋒一轉稱美國應享有更低
利率施壓聯準會要求降息

川普在文中寫道調降利率吧因為美國現在的信用狀況比不久之前要強得多一個強大
的國家利率更低因為它的信用評等更好就這麼簡單我們應像過去一樣擁有全世界最低
的利率

降息否則我將停止與那些對我們有貿易逆差的國家進行貿易美國聯邦最高法院在荒謬
且代價高昂的關稅判決中已認證總統有絕對權力這麼做這比關稅還管用

川普要聯準會及傑出的新領導人放聰明點偶爾也當個愛國者高利率讓美國處於極不公平
的劣勢他絕不讓這種事情發生

新聞連結

一堆國家都在升息就你川普每天要求降息你川普美債跟好幾場戰爭趕快處理吧不然年底
選舉共和黨看來不太妙","['美就業', '數據', '預期', '川普', '發文', '要求', '聯準', '降息', '20260904', '2224', '工商', '時報', '吳慧珍', '美國', '公布', '農就業', '人口', '大增', '162', '萬遠', '超出', '預期', '美國', '統川普', '隨後在', '社群', '媒體', 'Truth', 'Soc', 'ial', '發文', '指出', '最新', '就業', '數據', '預期', '整整', '然後話鋒', '轉稱', '美國應', '享有', '利率', '施壓', '聯準', '要求', '降息', '川普', '文中', '寫道', '調降', '利率', '因為', '美國現', '信用', '狀況', '不久', '之前', '要強', '一個', '強大', '國家', '利率', '更低', '因為', '信用', '評等', '更好', '這麼', '簡單', '我們', '應像', '過去', '一樣', '擁有', '全世界', '最低', '利率', '降息', '否則', '我將', '停止', '那些', '我們', '貿易', '逆差', '國家', '進行', '貿易', '美國', '聯邦', '最高法院', '荒謬', '且代價', '高昂', '關稅', '判決', '認證', '總統', '絕對', '權力', '這麼', '這比關', '稅還', '管用', '川普要', '聯準', '傑出', '領導', '人放聰', '明點', '偶爾', '當個', '愛國者', '高利率', '美國處', '極不', '公平', '劣勢', '絕不讓', '這種', '事情', '發生', '新聞', '連結', '一堆', '國家', '升息', '你川普', '每天', '要求', '降息', '你川', '普美債', '幾場', '戰爭', '趕快', '處理', '不然', '年底', '選舉', '共和', '看來', '太妙']",Positive,0.9919497966766357
M.1788531717.A.5F6,[情報] 2838 聯邦銀 8月自結 0.14 累計 0.86,q1a1,2026-09-04 22:21:55,9,https://www.ptt.cc/bbs/Stock/M.1788531717.A.5F6.html,"1. 標題：公布本行115年8月自結盈餘相關資訊。

2. 來源：公開資訊觀測站

3. 網址：

4. 內文：

1.事實發生日:115/09/04
2.公司名稱:聯邦商業銀行股份有限公司
3.與公司關係(請輸入本公司或子公司):本公司
4.相互持股比例:不適用
5.發生緣由:自願公告自結盈餘
                   　　     8月份盈餘                  累積盈餘
     項目           ------------------------  ---------------------------
　　　　　　　　       稅前         稅後          稅前          稅後
------------------  -----------  -----------  -------------  ------------
歸屬母公司業主        812,824        655,434       5,418,207     4,507,578
之權益(仟元)
非控制權益(仟元)          -12            -11             129           129
合併損益(仟元)        812,812        655,423       5,418,336     4,507,707
每股盈餘(元)             0.18                       1.06          
註:上述資料均係自結數字，未經會計師查核或核閱。
6.因應措施:無。
7.其他應敘明事項(若事件發生或決議之主體係屬公開發行以上公司，本則重大訊息同時
  符合證券交易法施行細則第7條第9款所定對股東權益或證券價格有重大影響之事項):
(1)
(2)

--","1 標題公布本行115年8月自結盈餘相關資訊

2 來源公開資訊觀測站

3 網址

4 內文

1事實發生日1150904
2公司名稱聯邦商業銀行股份有限公司
3與公司關係請輸入本公司或子公司本公司
4相互持股比例不適用
5發生緣由自願公告自結盈餘
                   　　     8月份盈餘                  累積盈餘
     項目             
　　　　　　　　       稅前         稅後          稅前          稅後
        
歸屬母公司業主        812824        655434       5418207     4507578
之權益仟元
非控制權益仟元          12            11             129           129
合併損益仟元        812812        655423       5418336     4507707
每股盈餘元             018                       106          
註上述資料均係自結數字未經會計師查核或核閱
6因應措施無
7其他應敘明事項若事件發生或決議之主體係屬公開發行以上公司本則重大訊息同時
  符合證券交易法施行細則第7條第9款所定對股東權益或證券價格有重大影響之事項
1
2","['標題', '公布', '本行', '115', '自結', '盈餘', '相關', '資訊', '來源', '公開', '資訊', '觀測', '網址', '內文', '事實發', '生日', '1150904', '公司', '名稱', '聯邦', '商業', '銀行', '股份', '有限公司', '公司', '輸入', '公司', '子公司', '公司', '相互', '持股', '比例', '適用', '發生緣', '自願', '公告', '自結', '盈餘', '月份', '盈餘', '累積', '盈餘', '項目', '稅前', '稅後', '稅前', '稅後', '歸屬', '母公司', '業主', '812824', '655434', '5418207', '4507578', '之權益', '控制', '權益', '12', '11', '129', '129', '損益', '812812', '655423', '5418336', '4507707', '每股', '盈餘元', '018', '106', '上述', '資料', '自結', '數字', '經會', '計師', '查核', '核閱', '因應', '措施', '其他', '應敘明', '事項', '事件', '發生', '決議', '之主體', '屬公開', '發行', '以上', '公司', '本則', '重大', '訊息', '同時', '符合', '證券', '交易法', '施行', '細則', '條第', '款所定', '股東', '權益', '證券', '價格', '重大', '影響', '之事項']",Positive,0.941105306148529
M.1788531120.A.3A9,[情報] 宏洲、宜進、宜新實業皆出清廣達,q1a1,2026-09-04 22:11:58,6,https://www.ptt.cc/bbs/Stock/M.1788531120.A.3A9.html,"1. 標題：1413 宏洲、1457 宜進、4440 宜新實業 皆出清廣達

2. 來源：公開資訊觀測站

3. 網址：

4. 內文：

--- 本公司一年內累計處分廣達電腦股份有限公司 普通股股票達實收資本額百
分之二十---
1.證券名稱:
電腦股份有限公司
2.
3.董事會通過日期: 不適用
4.其他核決日期:
核決層級:董事長核決
民國115年9月4日
5.交易數量、每單位價格及交易總金額:
(1)
(2)
(3)交易總金額：新台幣325,031,365元
6.處分利益（或損失）（取得有價證券者不適用）:

7.與交易標的公司之關係:
無
8.迄目前為止，本交易證券（含本次交易）之數量、金額、持股
比例及權利受限情形（如質押情形）:




9.迄目前為止，依「公開發行公司取得或處分資產處理準則」第三條所列之有價證券投
資（含本次交易）占公司最近期財務報表中總資產及歸屬於母公司業主之權益之比例
暨最近期財務報表中營運資金數額:
(1)占公司最近期財務報表中總資產比例：0.74%
(2)占歸屬於母公司業主之權益之比例：1.64%
(3)最近期財務報表中營運資金數額：214,320仟元
10.取得或處分之具體目的:
理財投資
11.本次交易表示異議董事之意見:
不適用
12.本次交易為關係人交易:
否
13.交易相對人及其與公司之關係:
不適用
14.監察人承認或審計委員會同意日期:
1.民國    年    月    日
2.不適用，原因:
(以上文字請自行增刪)
15.前已就同一件事件發布重大訊息日期: 不適用
16.其他敘明事項:
無

--- 公告本公司及子公司一年內累積處分有價證券達三億元---
1.證券名稱:
電腦股份有限公司 普通股
2.
3.董事會通過日期: 不適用
4.其他核決日期:
核決層級:董事長核決
民國115年09月04日
5.交易數量、每單位價格及交易總金額:


交易總金額：401,232,183元
6.處分利益（或損失）（取得有價證券者不適用）:

7.與交易標的公司之關係:
無
8.迄目前為止，本交易證券（含本次交易）之數量、金額、持股
比例及權利受限情形（如質押情形）:




9.迄目前為止，依「公開發行公司取得或處分資產處理準則」第三條所列之有價證券投
資（含本次交易）占公司最近期財務報表中總資產及歸屬於母公司業主之權益之比例
暨最近期財務報表中營運資金數額:
(1)有價證券投資（含本次交易）占總資產之比例：10.63%
(2)有價證券投資（含本次交易）占股東權益之比例：17.54%
(3)營運資金：425,566仟元
10.取得或處分之具體目的:
提高資金運用效益
11.本次交易表示異議董事之意見:
不適用
12.本次交易為關係人交易:
否
13.交易相對人及其與公司之關係:
不適用
14.監察人承認或審計委員會同意日期:
不適用
15.前已就同一件事件發布重大訊息日期: 不適用
16.其他敘明事項:
無

--- 公告本公司一年內累積處分同一有價證券金額達實收 資本額20%---
1.證券名稱:
電腦股份有限公司
2.
3.董事會通過日期: 民國115年8月10日
4.其他核決日期: 不適用
5.交易數量、每單位價格及交易總金額:


(3)交易總金額：202,813,576元
6.處分利益（或損失）（取得有價證券者不適用）:

7.與交易標的公司之關係:
無
8.迄目前為止，本交易證券（含本次交易）之數量、金額、持股
比例及權利受限情形（如質押情形）:




9.迄目前為止，依「公開發行公司取得或處分資產處理準則」第三條所列之有價證券投
資（含本次交易）占公司最近期財務報表中總資產及歸屬於母公司業主之權益之比例
暨最近期財務報表中營運資金數額:
(1)有價證券投資（含本次交易）占公司最近期財務報表中總資產比例：8.62%
(2)有價證券投資（含本次交易）占歸屬於母公司業主之權益之比例：13.40%
(3)最近期財務報表中營運資金數額：213,775仟元
10.取得或處分之具體目的:
投資理財
11.本次交易表示異議董事之意見:
無
12.本次交易為關係人交易:
是
13.交易相對人及其與公司之關係:
無
14.監察人承認或審計委員會同意日期:
1.民國    年    月    日
2.不適用，原因:
(以上文字請自行增刪)
15.前已就同一件事件發布重大訊息日期: 不適用
16.其他敘明事項:
無

--","1 標題1413 宏洲1457 宜進4440 宜新實業 皆出清廣達

2 來源公開資訊觀測站

3 網址

4 內文

 本公司一年內累計處分廣達電腦股份有限公司 普通股股票達實收資本額百
分之二十
1證券名稱
電腦股份有限公司
2
3董事會通過日期 不適用
4其他核決日期
核決層級董事長核決
民國115年9月4日
5交易數量每單位價格及交易總金額
1
2
3交易總金額新台幣325031365元
6處分利益或損失取得有價證券者不適用

7與交易標的公司之關係
無
8迄目前為止本交易證券含本次交易之數量金額持股
比例及權利受限情形如質押情形




9迄目前為止依公開發行公司取得或處分資產處理準則第三條所列之有價證券投
資含本次交易占公司最近期財務報表中總資產及歸屬於母公司業主之權益之比例
暨最近期財務報表中營運資金數額
1占公司最近期財務報表中總資產比例074
2占歸屬於母公司業主之權益之比例164
3最近期財務報表中營運資金數額214320仟元
10取得或處分之具體目的
理財投資
11本次交易表示異議董事之意見
不適用
12本次交易為關係人交易
否
13交易相對人及其與公司之關係
不適用
14監察人承認或審計委員會同意日期
1民國    年    月    日
2不適用原因
以上文字請自行增刪
15前已就同一件事件發布重大訊息日期 不適用
16其他敘明事項
無

 公告本公司及子公司一年內累積處分有價證券達三億元
1證券名稱
電腦股份有限公司 普通股
2
3董事會通過日期 不適用
4其他核決日期
核決層級董事長核決
民國115年09月04日
5交易數量每單位價格及交易總金額


交易總金額401232183元
6處分利益或損失取得有價證券者不適用

7與交易標的公司之關係
無
8迄目前為止本交易證券含本次交易之數量金額持股
比例及權利受限情形如質押情形




9迄目前為止依公開發行公司取得或處分資產處理準則第三條所列之有價證券投
資含本次交易占公司最近期財務報表中總資產及歸屬於母公司業主之權益之比例
暨最近期財務報表中營運資金數額
1有價證券投資含本次交易占總資產之比例1063
2有價證券投資含本次交易占股東權益之比例1754
3營運資金425566仟元
10取得或處分之具體目的
提高資金運用效益
11本次交易表示異議董事之意見
不適用
12本次交易為關係人交易
否
13交易相對人及其與公司之關係
不適用
14監察人承認或審計委員會同意日期
不適用
15前已就同一件事件發布重大訊息日期 不適用
16其他敘明事項
無

 公告本公司一年內累積處分同一有價證券金額達實收 資本額20
1證券名稱
電腦股份有限公司
2
3董事會通過日期 民國115年8月10日
4其他核決日期 不適用
5交易數量每單位價格及交易總金額


3交易總金額202813576元
6處分利益或損失取得有價證券者不適用

7與交易標的公司之關係
無
8迄目前為止本交易證券含本次交易之數量金額持股
比例及權利受限情形如質押情形




9迄目前為止依公開發行公司取得或處分資產處理準則第三條所列之有價證券投
資含本次交易占公司最近期財務報表中總資產及歸屬於母公司業主之權益之比例
暨最近期財務報表中營運資金數額
1有價證券投資含本次交易占公司最近期財務報表中總資產比例862
2有價證券投資含本次交易占歸屬於母公司業主之權益之比例1340
3最近期財務報表中營運資金數額213775仟元
10取得或處分之具體目的
投資理財
11本次交易表示異議董事之意見
無
12本次交易為關係人交易
是
13交易相對人及其與公司之關係
無
14監察人承認或審計委員會同意日期
1民國    年    月    日
2不適用原因
以上文字請自行增刪
15前已就同一件事件發布重大訊息日期 不適用
16其他敘明事項
無","['標題', '1413', '宏洲', '1457', '宜進', '4440', '宜新', '實業', '清廣達', '來源', '公開', '資訊', '觀測', '網址', '內文', '公司', '一年', '內累', '計處', '分廣達', '電腦', '股份', '有限公司', '普通股', '股票', '達實', '收資本額', '二十', '證券', '名稱', '電腦', '股份', '有限公司', '董事', '通過', '日期', '適用', '其他', '核決', '日期', '核決', '層級', '董事', '核決', '民國', '115', '交易', '數量', '單位', '價格及', '交易', '總金額', '交易', '總金額', '台幣', '325031365', '處分', '利益', '損失', '取得', '有價', '證券者', '適用', '交易', '公司', '之關', '目前', '為止', '交易', '證券', '本次', '交易', '之數量', '金額', '持股', '比例', '權利', '受限', '情形', '如質', '情形', '目前', '為止', '依公開', '發行', '公司', '取得', '或處', '分資產', '處理', '準則', '第三', '條所列', '價證券', '資含', '本次', '交易', '公司', '近期', '財務', '報表中', '總資產及', '歸屬', '母公司', '業主', '權益', '比例', '近期', '財務', '報表中營', '運資金', '數額', '公司', '近期', '財務', '報表中', '總資產', '比例', '074', '占歸屬', '母公司', '業主', '權益', '比例', '164', '近期', '財務', '報表中營', '運資金', '數額', '214320', '仟元', '10', '取得', '處分', '具體', '目的', '理財', '投資', '11', '本次', '交易', '表示', '異議', '董事', '之意', '適用', '12', '本次', '交易', '為關', '交易', '13', '交易', '相對', '及其', '公司', '之關', '適用', '14', '監察人', '承認', '審計委員會', '同意', '日期', '民國', '適用', '原因', '以上', '文字', '自行', '增刪', '15', '一件', '事件', '發布', '重大', '訊息', '日期', '適用', '16', '其他', '敘明', '事項', '公告', '公司', '子公司', '一年', '內累', '積處', '分有', '價證券', '億元', '證券', '名稱', '電腦', '股份', '有限公司', '普通股', '董事', '通過', '日期', '適用', '其他', '核決', '日期', '核決', '層級', '董事', '核決', '民國', '115', '09', '04', '交易', '數量', '單位', '價格及', '交易', '總金額', '交易', '總金額', '401232183', '處分', '利益', '損失', '取得', '有價', '證券者', '適用', '交易', '公司', '之關', '目前', '為止', '交易', '證券', '本次', '交易', '之數量', '金額', '持股', '比例', '權利', '受限', '情形', '如質', '情形', '目前', '為止', '依公開', '發行', '公司', '取得', '或處', '分資產', '處理', '準則', '第三', '條所列', '價證券', '資含', '本次', '交易', '公司', '近期', '財務', '報表中', '總資產及', '歸屬', '母公司', '業主', '權益', '比例', '近期', '財務', '報表中營', '運資金', '數額', '有價', '證券', '投資含', '本次', '交易', '總資產', '比例', '1063', '有價', '證券', '投資含', '本次', '交易', '股東', '權益', '比例', '1754', '營運資金', '425566', '仟元', '10', '取得', '處分', '具體', '目的', '提高', '資金運用', '效益', '11', '本次', '交易', '表示', '異議', '董事', '之意', '適用', '12', '本次', '交易', '為關', '交易', '13', '交易', '相對', '及其', '公司', '之關', '適用', '14', '監察人', '承認', '審計委員會', '同意', '日期', '適用', '15', '一件', '事件', '發布', '重大', '訊息', '日期', '適用', '16', '其他', '敘明', '事項', '公告', '公司', '一年', '內累積', '處分', '同一', '有價', '證券', '金額', '實收', '資本額', '20', '證券', '名稱', '電腦', '股份', '有限公司', '董事', '通過', '日期', '民國', '115', '10', '其他', '核決', '日期', '適用', '交易', '數量', '單位', '價格及', '交易', '總金額', '交易', '總金額', '202813576', '處分', '利益', '損失', '取得', '有價', '證券者', '適用', '交易', '公司', '之關', '目前', '為止', '交易', '證券', '本次', '交易', '之數量', '金額', '持股', '比例', '權利', '受限', '情形', '如質', '情形', '目前', '為止', '依公開', '發行', '公司', '取得', '或處', '分資產', '處理', '準則', '第三', '條所列', '價證券', '資含', '本次', '交易', '公司', '近期', '財務', '報表中', '總資產及', '歸屬', '母公司', '業主', '權益', '比例', '近期', '財務', '報表中營', '運資金', '數額', '有價', '證券', '投資含', '本次', '交易', '公司', '近期', '財務', '報表中', '總資產', '比例', '862', '有價', '證券', '投資含', '本次', '交易', '占歸屬', '母公司', '業主', '權益', '比例', '1340', '近期', '財務', '報表中營', '運資金', '數額', '213775', '仟元', '10', '取得', '處分', '具體', '目的', '投資理財', '11', '本次', '交易', '表示', '異議', '董事', '之意', '12', '本次', '交易', '為關', '交易', '13', '交易', '相對', '及其', '公司', '之關', '14', '監察人', '承認', '審計委員會', '同意', '日期', '民國', '適用', '原因', '以上', '文字', '自行', '增刪', '15', '一件', '事件', '發布', '重大', '訊息', '日期', '適用', '16', '其他', '敘明', '事項']",Negative,0.5118793845176697
M.1788530915.A.7A5,[情報] 2323 中環 今日買賣:5賣 4賺1賠,q1a1,2026-09-04 22:08:33,15,https://www.ptt.cc/bbs/Stock/M.1788530915.A.7A5.html,"1. 標題：2323 中環 賣南亞科、國巨、上詮、穩懋、威剛 4賺1賠

2. 來源：公開資訊觀測站

3. 網址：

4. 內文：

---公告本公司處分有價證券---
1.證券名稱:
 普通股
2.
3.董事會通過日期: 不適用
4.其他核決日期:
核決層級:董事長核決
民國115年09月04日
5.交易數量、每單位價格及交易總金額:


交易總金額（元）：735,231,649
6.處分利益（或損失）（取得有價證券者不適用）:

7.與交易標的公司之關係:
無
8.迄目前為止，本交易證券（含本次交易）之數量、金額、持股
比例及權利受限情形（如質押情形）:


9.迄目前為止，依「公開發行公司取得或處分資產處理準則」第三條所列之有價證券投
資（含本次交易）占公司最近期財務報表中總資產及歸屬於母公司業主之權益之比例
暨最近期財務報表中營運資金數額:
占總資產比例:83.14%
占歸屬於母公司業主之權益比例:111.78%
營運資金數額:8,285,327仟元
10.取得或處分之具體目的:
投資組合
11.本次交易表示異議董事之意見:
無
12.本次交易為關係人交易:
否
13.交易相對人及其與公司之關係:
不適用
14.監察人承認或審計委員會同意日期:
不適用
15.前已就同一件事件發布重大訊息日期: 不適用
16.其他敘明事項:
已於115/06/30授權有權交易人在115年第三季期間，得於集中交易市場進行有價證券交易

---公告本公司處分有價證券---
1.證券名稱:
 普通股
2.
3.董事會通過日期: 不適用
4.其他核決日期:
核決層級:董事長核決
民國115年09月04日
5.交易數量、每單位價格及交易總金額:


交易總金額（元）：429,382,575
6.處分利益（或損失）（取得有價證券者不適用）:

7.與交易標的公司之關係:
無
8.迄目前為止，本交易證券（含本次交易）之數量、金額、持股
比例及權利受限情形（如質押情形）:


9.迄目前為止，依「公開發行公司取得或處分資產處理準則」第三條所列之有價證券投
資（含本次交易）占公司最近期財務報表中總資產及歸屬於母公司業主之權益之比例
暨最近期財務報表中營運資金數額:
占總資產比例:83.14%
占歸屬於母公司業主之權益比例:111.78%
營運資金數額:8,285,327仟元
10.取得或處分之具體目的:
投資組合
11.本次交易表示異議董事之意見:
無
12.本次交易為關係人交易:
否
13.交易相對人及其與公司之關係:
不適用
14.監察人承認或審計委員會同意日期:
不適用
15.前已就同一件事件發布重大訊息日期: 不適用
16.其他敘明事項:
已於115/06/30授權有權交易人在115年第三季期間，得於集中交易市場進行有價證券交易

---公告本公司處分有價證券---
1.證券名稱:
 普通股
2.
3.董事會通過日期: 不適用
4.其他核決日期:
核決層級:董事長核決
民國115年09月04日
5.交易數量、每單位價格及交易總金額:


交易總金額（元）：329,922,113
6.處分利益（或損失）（取得有價證券者不適用）:

7.與交易標的公司之關係:
無
8.迄目前為止，本交易證券（含本次交易）之數量、金額、持股
比例及權利受限情形（如質押情形）:


9.迄目前為止，依「公開發行公司取得或處分資產處理準則」第三條所列之有價證券投
資（含本次交易）占公司最近期財務報表中總資產及歸屬於母公司業主之權益之比例
暨最近期財務報表中營運資金數額:
占總資產比例:83.14%
占歸屬於母公司業主之權益比例:111.78%
營運資金數額:8,285,327仟元
10.取得或處分之具體目的:
投資組合
11.本次交易表示異議董事之意見:
無
12.本次交易為關係人交易:
否
13.交易相對人及其與公司之關係:
不適用
14.監察人承認或審計委員會同意日期:
不適用
15.前已就同一件事件發布重大訊息日期: 不適用
16.其他敘明事項:
已於115/06/30授權有權交易人在115年第三季期間，得於集中交易市場進行有價證券交易


---公告本公司處分有價證券---
1.證券名稱:
 普通股
2.
3.董事會通過日期: 不適用
4.其他核決日期:
核決層級:董事長核決
民國115年09月04日
5.交易數量、每單位價格及交易總金額:


交易總金額（元）：314,515,305
6.處分利益（或損失）（取得有價證券者不適用）:

7.與交易標的公司之關係:
無
8.迄目前為止，本交易證券（含本次交易）之數量、金額、持股
比例及權利受限情形（如質押情形）:


9.迄目前為止，依「公開發行公司取得或處分資產處理準則」第三條所列之有價證券投
資（含本次交易）占公司最近期財務報表中總資產及歸屬於母公司業主之權益之比例
暨最近期財務報表中營運資金數額:
占總資產比例:83.14%
占歸屬於母公司業主之權益比例:111.78%
營運資金數額:8,285,327仟元
10.取得或處分之具體目的:
投資組合
11.本次交易表示異議董事之意見:
無
12.本次交易為關係人交易:
否
13.交易相對人及其與公司之關係:
不適用
14.監察人承認或審計委員會同意日期:
不適用
15.前已就同一件事件發布重大訊息日期: 不適用
16.其他敘明事項:
已於115/06/30授權有權交易人在115年第三季期間，得於集中交易市場進行有價證券交易

---公告本公司處分有價證券---
1.證券名稱:
 普通股
2.
3.董事會通過日期: 不適用
4.其他核決日期:
核決層級:董事長核決
民國115年09月04日
5.交易數量、每單位價格及交易總金額:


交易總金額（元）：301,369,204
6.處分利益（或損失）（取得有價證券者不適用）:

7.與交易標的公司之關係:
無
8.迄目前為止，本交易證券（含本次交易）之數量、金額、持股
比例及權利受限情形（如質押情形）:


9.迄目前為止，依「公開發行公司取得或處分資產處理準則」第三條所列之有價證券投
資（含本次交易）占公司最近期財務報表中總資產及歸屬於母公司業主之權益之比例
暨最近期財務報表中營運資金數額:
占總資產比例:83.14%
占歸屬於母公司業主之權益比例:111.78%
營運資金數額:8,285,327仟元
10.取得或處分之具體目的:
投資組合
11.本次交易表示異議董事之意見:
無
12.本次交易為關係人交易:
否
13.交易相對人及其與公司之關係:
不適用
14.監察人承認或審計委員會同意日期:
不適用
15.前已就同一件事件發布重大訊息日期: 不適用
16.其他敘明事項:
已於115/06/30授權有權交易人在115年第三季期間，得於集中交易市場進行有價證券交易

************************************
補充 今日處分公告整理
賣 南亞科 賺26,834,707元
賣  國巨  賠 1,804,842元
賣  上詮  賺33,527,348元
賣  穩懋  賺17,221,178元
賣  威剛  賺   617,013元
    合計  75,161,378元
************************************

--","1 標題2323 中環 賣南亞科國巨上詮穩懋威剛 4賺1賠

2 來源公開資訊觀測站

3 網址

4 內文

公告本公司處分有價證券
1證券名稱
 普通股
2
3董事會通過日期 不適用
4其他核決日期
核決層級董事長核決
民國115年09月04日
5交易數量每單位價格及交易總金額


交易總金額元735231649
6處分利益或損失取得有價證券者不適用

7與交易標的公司之關係
無
8迄目前為止本交易證券含本次交易之數量金額持股
比例及權利受限情形如質押情形


9迄目前為止依公開發行公司取得或處分資產處理準則第三條所列之有價證券投
資含本次交易占公司最近期財務報表中總資產及歸屬於母公司業主之權益之比例
暨最近期財務報表中營運資金數額
占總資產比例8314
占歸屬於母公司業主之權益比例11178
營運資金數額8285327仟元
10取得或處分之具體目的
投資組合
11本次交易表示異議董事之意見
無
12本次交易為關係人交易
否
13交易相對人及其與公司之關係
不適用
14監察人承認或審計委員會同意日期
不適用
15前已就同一件事件發布重大訊息日期 不適用
16其他敘明事項
已於1150630授權有權交易人在115年第三季期間得於集中交易市場進行有價證券交易

公告本公司處分有價證券
1證券名稱
 普通股
2
3董事會通過日期 不適用
4其他核決日期
核決層級董事長核決
民國115年09月04日
5交易數量每單位價格及交易總金額


交易總金額元429382575
6處分利益或損失取得有價證券者不適用

7與交易標的公司之關係
無
8迄目前為止本交易證券含本次交易之數量金額持股
比例及權利受限情形如質押情形


9迄目前為止依公開發行公司取得或處分資產處理準則第三條所列之有價證券投
資含本次交易占公司最近期財務報表中總資產及歸屬於母公司業主之權益之比例
暨最近期財務報表中營運資金數額
占總資產比例8314
占歸屬於母公司業主之權益比例11178
營運資金數額8285327仟元
10取得或處分之具體目的
投資組合
11本次交易表示異議董事之意見
無
12本次交易為關係人交易
否
13交易相對人及其與公司之關係
不適用
14監察人承認或審計委員會同意日期
不適用
15前已就同一件事件發布重大訊息日期 不適用
16其他敘明事項
已於1150630授權有權交易人在115年第三季期間得於集中交易市場進行有價證券交易

公告本公司處分有價證券
1證券名稱
 普通股
2
3董事會通過日期 不適用
4其他核決日期
核決層級董事長核決
民國115年09月04日
5交易數量每單位價格及交易總金額


交易總金額元329922113
6處分利益或損失取得有價證券者不適用

7與交易標的公司之關係
無
8迄目前為止本交易證券含本次交易之數量金額持股
比例及權利受限情形如質押情形


9迄目前為止依公開發行公司取得或處分資產處理準則第三條所列之有價證券投
資含本次交易占公司最近期財務報表中總資產及歸屬於母公司業主之權益之比例
暨最近期財務報表中營運資金數額
占總資產比例8314
占歸屬於母公司業主之權益比例11178
營運資金數額8285327仟元
10取得或處分之具體目的
投資組合
11本次交易表示異議董事之意見
無
12本次交易為關係人交易
否
13交易相對人及其與公司之關係
不適用
14監察人承認或審計委員會同意日期
不適用
15前已就同一件事件發布重大訊息日期 不適用
16其他敘明事項
已於1150630授權有權交易人在115年第三季期間得於集中交易市場進行有價證券交易


公告本公司處分有價證券
1證券名稱
 普通股
2
3董事會通過日期 不適用
4其他核決日期
核決層級董事長核決
民國115年09月04日
5交易數量每單位價格及交易總金額


交易總金額元314515305
6處分利益或損失取得有價證券者不適用

7與交易標的公司之關係
無
8迄目前為止本交易證券含本次交易之數量金額持股
比例及權利受限情形如質押情形


9迄目前為止依公開發行公司取得或處分資產處理準則第三條所列之有價證券投
資含本次交易占公司最近期財務報表中總資產及歸屬於母公司業主之權益之比例
暨最近期財務報表中營運資金數額
占總資產比例8314
占歸屬於母公司業主之權益比例11178
營運資金數額8285327仟元
10取得或處分之具體目的
投資組合
11本次交易表示異議董事之意見
無
12本次交易為關係人交易
否
13交易相對人及其與公司之關係
不適用
14監察人承認或審計委員會同意日期
不適用
15前已就同一件事件發布重大訊息日期 不適用
16其他敘明事項
已於1150630授權有權交易人在115年第三季期間得於集中交易市場進行有價證券交易

公告本公司處分有價證券
1證券名稱
 普通股
2
3董事會通過日期 不適用
4其他核決日期
核決層級董事長核決
民國115年09月04日
5交易數量每單位價格及交易總金額


交易總金額元301369204
6處分利益或損失取得有價證券者不適用

7與交易標的公司之關係
無
8迄目前為止本交易證券含本次交易之數量金額持股
比例及權利受限情形如質押情形


9迄目前為止依公開發行公司取得或處分資產處理準則第三條所列之有價證券投
資含本次交易占公司最近期財務報表中總資產及歸屬於母公司業主之權益之比例
暨最近期財務報表中營運資金數額
占總資產比例8314
占歸屬於母公司業主之權益比例11178
營運資金數額8285327仟元
10取得或處分之具體目的
投資組合
11本次交易表示異議董事之意見
無
12本次交易為關係人交易
否
13交易相對人及其與公司之關係
不適用
14監察人承認或審計委員會同意日期
不適用
15前已就同一件事件發布重大訊息日期 不適用
16其他敘明事項
已於1150630授權有權交易人在115年第三季期間得於集中交易市場進行有價證券交易


補充 今日處分公告整理
賣 南亞科 賺26834707元
賣  國巨  賠 1804842元
賣  上詮  賺33527348元
賣  穩懋  賺17221178元
賣  威剛  賺   617013元
    合計  75161378元","['標題', '2323', '中環', '賣南亞', '科國', '巨上', '詮穩懋威剛', '來源', '公開', '資訊', '觀測', '網址', '內文', '公告', '公司', '處分', '價證券', '證券', '名稱', '普通股', '董事', '通過', '日期', '適用', '其他', '核決', '日期', '核決', '層級', '董事', '核決', '民國', '115', '09', '04', '交易', '數量', '單位', '價格及', '交易', '總金額', '交易', '總金額', '735231649', '處分', '利益', '損失', '取得', '有價', '證券者', '適用', '交易', '公司', '之關', '目前', '為止', '交易', '證券', '本次', '交易', '之數量', '金額', '持股', '比例', '權利', '受限', '情形', '如質', '情形', '目前', '為止', '依公開', '發行', '公司', '取得', '或處', '分資產', '處理', '準則', '第三', '條所列', '價證券', '資含', '本次', '交易', '公司', '近期', '財務', '報表中', '總資產及', '歸屬', '母公司', '業主', '權益', '比例', '近期', '財務', '報表中營', '運資金', '數額', '總資產', '比例', '8314', '占歸屬', '母公司', '業主', '權益', '比例', '11178', '營運資', '金數額', '8285327', '仟元', '10', '取得', '處分', '具體', '目的', '投資', '組合', '11', '本次', '交易', '表示', '異議', '董事', '之意', '12', '本次', '交易', '為關', '交易', '13', '交易', '相對', '及其', '公司', '之關', '適用', '14', '監察人', '承認', '審計委員會', '同意', '日期', '適用', '15', '一件', '事件', '發布', '重大', '訊息', '日期', '適用', '16', '其他', '敘明', '事項', '1150630', '授權', '有權', '交易', '115', '第三季', '期間', '集中', '交易', '市場', '進行', '價證券', '交易', '公告', '公司', '處分', '價證券', '證券', '名稱', '普通股', '董事', '通過', '日期', '適用', '其他', '核決', '日期', '核決', '層級', '董事', '核決', '民國', '115', '09', '04', '交易', '數量', '單位', '價格及', '交易', '總金額', '交易', '總金額', '429382575', '處分', '利益', '損失', '取得', '有價', '證券者', '適用', '交易', '公司', '之關', '目前', '為止', '交易', '證券', '本次', '交易', '之數量', '金額', '持股', '比例', '權利', '受限', '情形', '如質', '情形', '目前', '為止', '依公開', '發行', '公司', '取得', '或處', '分資產', '處理', '準則', '第三', '條所列', '價證券', '資含', '本次', '交易', '公司', '近期', '財務', '報表中', '總資產及', '歸屬', '母公司', '業主', '權益', '比例', '近期', '財務', '報表中營', '運資金', '數額', '總資產', '比例', '8314', '占歸屬', '母公司', '業主', '權益', '比例', '11178', '營運資', '金數額', '8285327', '仟元', '10', '取得', '處分', '具體', '目的', '投資', '組合', '11', '本次', '交易', '表示', '異議', '董事', '之意', '12', '本次', '交易', '為關', '交易', '13', '交易', '相對', '及其', '公司', '之關', '適用', '14', '監察人', '承認', '審計委員會', '同意', '日期', '適用', '15', '一件', '事件', '發布', '重大', '訊息', '日期', '適用', '16', '其他', '敘明', '事項', '1150630', '授權', '有權', '交易', '115', '第三季', '期間', '集中', '交易', '市場', '進行', '價證券', '交易', '公告', '公司', '處分', '價證券', '證券', '名稱', '普通股', '董事', '通過', '日期', '適用', '其他', '核決', '日期', '核決', '層級', '董事', '核決', '民國', '115', '09', '04', '交易', '數量', '單位', '價格及', '交易', '總金額', '交易', '總金額', '329922113', '處分', '利益', '損失', '取得', '有價', '證券者', '適用', '交易', '公司', '之關', '目前', '為止', '交易', '證券', '本次', '交易', '之數量', '金額', '持股', '比例', '權利', '受限', '情形', '如質', '情形', '目前', '為止', '依公開', '發行', '公司', '取得', '或處', '分資產', '處理', '準則', '第三', '條所列', '價證券', '資含', '本次', '交易', '公司', '近期', '財務', '報表中', '總資產及', '歸屬', '母公司', '業主', '權益', '比例', '近期', '財務', '報表中營', '運資金', '數額', '總資產', '比例', '8314', '占歸屬', '母公司', '業主', '權益', '比例', '11178', '營運資', '金數額', '8285327', '仟元', '10', '取得', '處分', '具體', '目的', '投資', '組合', '11', '本次', '交易', '表示', '異議', '董事', '之意', '12', '本次', '交易', '為關', '交易', '13', '交易', '相對', '及其', '公司', '之關', '適用', '14', '監察人', '承認', '審計委員會', '同意', '日期', '適用', '15', '一件', '事件', '發布', '重大', '訊息', '日期', '適用', '16', '其他', '敘明', '事項', '1150630', '授權', '有權', '交易', '115', '第三季', '期間', '集中', '交易', '市場', '進行', '價證券', '交易', '公告', '公司', '處分', '價證券', '證券', '名稱', '普通股', '董事', '通過', '日期', '適用', '其他', '核決', '日期', '核決', '層級', '董事', '核決', '民國', '115', '09', '04', '交易', '數量', '單位', '價格及', '交易', '總金額', '交易', '總金額', '314515305', '處分', '利益', '損失', '取得', '有價', '證券者', '適用', '交易', '公司', '之關', '目前', '為止', '交易', '證券', '本次', '交易', '之數量', '金額', '持股', '比例', '權利', '受限', '情形', '如質', '情形', '目前', '為止', '依公開', '發行', '公司', '取得', '或處', '分資產', '處理', '準則', '第三', '條所列', '價證券', '資含', '本次', '交易', '公司', '近期', '財務', '報表中', '總資產及', '歸屬', '母公司', '業主', '權益', '比例', '近期', '財務', '報表中營', '運資金', '數額', '總資產', '比例', '8314', '占歸屬', '母公司', '業主', '權益', '比例', '11178', '營運資', '金數額', '8285327', '仟元', '10', '取得', '處分', '具體', '目的', '投資', '組合', '11', '本次', '交易', '表示', '異議', '董事', '之意', '12', '本次', '交易', '為關', '交易', '13', '交易', '相對', '及其', '公司', '之關', '適用', '14', '監察人', '承認', '審計委員會', '同意', '日期', '適用', '15', '一件', '事件', '發布', '重大', '訊息', '日期', '適用', '16', '其他', '敘明', '事項', '1150630', '授權', '有權', '交易', '115', '第三季', '期間', '集中', '交易', '市場', '進行', '價證券', '交易', '公告', '公司', '處分', '價證券', '證券', '名稱', '普通股', '董事', '通過', '日期', '適用', '其他', '核決', '日期', '核決', '層級', '董事', '核決', '民國', '115', '09', '04', '交易', '數量', '單位', '價格及', '交易', '總金額', '交易', '總金額', '301369204', '處分', '利益', '損失', '取得', '有價', '證券者', '適用', '交易', '公司', '之關', '目前', '為止', '交易', '證券', '本次', '交易', '之數量', '金額', '持股', '比例', '權利', '受限', '情形', '如質', '情形', '目前', '為止', '依公開', '發行', '公司', '取得', '或處', '分資產', '處理', '準則', '第三', '條所列', '價證券', '資含', '本次', '交易', '公司', '近期', '財務', '報表中', '總資產及', '歸屬', '母公司', '業主', '權益', '比例', '近期', '財務', '報表中營', '運資金', '數額', '總資產', '比例', '8314', '占歸屬', '母公司', '業主', '權益', '比例', '11178', '營運資', '金數額', '8285327', '仟元', '10', '取得', '處分', '具體', '目的', '投資', '組合', '11', '本次', '交易', '表示', '異議', '董事', '之意', '12', '本次', '交易', '為關', '交易', '13', '交易', '相對', '及其', '公司', '之關', '適用', '14', '監察人', '承認', '審計委員會', '同意', '日期', '適用', '15', '一件', '事件', '發布', '重大', '訊息', '日期', '適用', '16', '其他', '敘明', '事項', '1150630', '授權', '有權', '交易', '115', '第三季', '期間', '集中', '交易', '市場', '進行', '價證券', '交易', '補充', '今日', '處分', '公告', '整理', '南亞科', '26834707', '國巨', '1804842', '上詮', '33527348', '穩懋', '17221178', '威剛', '617013', '合計', '75161378']",Negative,0.5322163105010986
M.1788530332.A.170,[新聞] 全訊8月營收年月雙增 受惠軍工出貨、認列,brbear,2026-09-04 21:58:47,1,https://www.ptt.cc/bbs/Stock/M.1788530332.A.170.html,"全訊8月營收年月雙增 受惠軍工出貨、認列國防標案雙引擎推進

鉅亨網記者黃皓宸 台北
2026-09-04 19:07

砷化鎵、功率放大器(PA)製造商全訊(5222-TW)今(4)日公告8月營收為6,951萬元、月增
5.61％、年增59.94％，累計今(2026)年前8月合併營收為5.41億元、年減10.15％。全訊
表示，8月營收年月雙增，主要受惠國內外軍工產品出貨與認列進度同步推進，目前公司
在國防標案、海外軍工、及無人機干擾系統等多項產品線均維持正常量產節奏下，海外客
戶需求也持續成長，整體營運保持穩健動能。

對近日國內報載，國防部已送交立法院在明(2027)年度的國防預算報告書中，也已將中層
反戰術彈道飛彈系統，改列為年度的常態公務預算編列，來構築台灣的區域防空與多層次
攔截火網。全訊也表示，身為國內極少數具備飛彈用 SSPA 量產經驗及軍品認證的廠商，
有望持續受惠此一商機，貢獻公司獲利。

此外，全訊隨著新年度預算明確、需求規劃逐步落地，國防飛彈專用SSPA相關產品，明年
可望重啟量產，由於攔截與防禦飛彈用SSPA 的技術門檻高、供應商更替不易，具備長期
合作特性，為公司未來營運增添穩健的成長動能。

在軍用無人機反制系統方面，全訊也自主研發生產的固態高功率放大器系列產品，主要規
格為 6GHz以下頻段及輸出功率5W、10W、50W、100W，目前已獲海外軍工客戶採用，應用
涵蓋邊境防務、基地防護與重要設施安全，國內客戶近期亦積極洽談，後續可望陸續進入
驗證與採購流程。

展望未來， 全訊持審慎樂觀態度，主要在於軍工產品出貨穩健、國防飛彈SSPA明年可望
重啟量產、無人機干擾系統生產擴大，三大產品線形成多軸並進的成長結構，加上高頻射
頻、氮化鎵製程與SSPA技術布局持續深化，均可望挹注公司營運發展。






前 8 個月累計營收明明還年減 10%，
只靠單月營收拿來發新聞洗新聞稿。
這檔本益比高達近 60 倍，
成交量一天才一百多張根本冷門股。

--","全訊8月營收年月雙增 受惠軍工出貨認列國防標案雙引擎推進

鉅亨網記者黃皓宸 台北
20260904 1907

砷化鎵功率放大器PA製造商全訊5222TW今4日公告8月營收為6951萬元月增
561年增5994累計今2026年前8月合併營收為541億元年減1015全訊
表示8月營收年月雙增主要受惠國內外軍工產品出貨與認列進度同步推進目前公司
在國防標案海外軍工及無人機干擾系統等多項產品線均維持正常量產節奏下海外客
戶需求也持續成長整體營運保持穩健動能

對近日國內報載國防部已送交立法院在明2027年度的國防預算報告書中也已將中層
反戰術彈道飛彈系統改列為年度的常態公務預算編列來構築台灣的區域防空與多層次
攔截火網全訊也表示身為國內極少數具備飛彈用 SSPA 量產經驗及軍品認證的廠商
有望持續受惠此一商機貢獻公司獲利

此外全訊隨著新年度預算明確需求規劃逐步落地國防飛彈專用SSPA相關產品明年
可望重啟量產由於攔截與防禦飛彈用SSPA 的技術門檻高供應商更替不易具備長期
合作特性為公司未來營運增添穩健的成長動能

在軍用無人機反制系統方面全訊也自主研發生產的固態高功率放大器系列產品主要規
格為 6GHz以下頻段及輸出功率5W10W50W100W目前已獲海外軍工客戶採用應用
涵蓋邊境防務基地防護與重要設施安全國內客戶近期亦積極洽談後續可望陸續進入
驗證與採購流程

展望未來 全訊持審慎樂觀態度主要在於軍工產品出貨穩健國防飛彈SSPA明年可望
重啟量產無人機干擾系統生產擴大三大產品線形成多軸並進的成長結構加上高頻射
頻氮化鎵製程與SSPA技術布局持續深化均可望挹注公司營運發展






前 8 個月累計營收明明還年減 10
只靠單月營收拿來發新聞洗新聞稿
這檔本益比高達近 60 倍
成交量一天才一百多張根本冷門股","['全訊', '營收', '雙增', '受惠', '軍工', '出貨', '認列國', '防標', '案雙', '引擎', '推進', '亨網', '記者', '台北', '20260904', '1907', '砷化', '功率', '放大器', 'PA', '5222TW', '公告', '營收', '6951', '元月', '561', '年增', '5994', '累計', '2026', '年前', '月合', '營收', '541', '元年', '1015', '全訊', '表示', '營收', '雙增', '主要', '受惠', '國內外', '工產品', '出貨', '認列', '進度', '同步', '推進', '目前', '公司', '國防', '標案', '海外', '軍工及', '無人機', '干擾', '系統', '項產品', '維持', '正常', '量產節', '海外', '需求', '持續', '成長', '整體', '營運', '保持', '穩健動', '近日', '國內', '報載國', '防部', '送交', '立法院', '2027', '年度', '國防', '預算', '報告', '已將', '中層', '反戰術', '彈道', '飛彈', '系統', '改列', '年度', '常態', '公務', '預算', '編列來', '構築', '台灣', '區域', '防空', '層次', '攔截', '火網', '全訊', '表示', '身為', '國內', '極少數', '具備', '飛彈', 'SSPA', '量產', '經驗', '軍品', '認證', '廠商', '有望', '持續', '受惠', '一商機', '貢獻', '公司', '獲利', '此外', '全訊', '隨著', '年度', '預算', '明確', '需求', '規劃', '逐步', '落地', '國防', '飛彈', '專用', 'SSPA', '相關', '產品', '明年', '可望', '啟量', '產由', '攔截', '防禦', '飛彈', 'SSPA', '技術門檻', '高供', '應商', '更替', '不易', '具備', '合作', '特性', '公司', '未來', '營運', '增添', '穩健', '成長', '動能', '軍用', '無人機', '反制', '系統', '方面', '全訊', '自主', '研發', '生產', '固態', '高功率', '放大器', '系列', '產品', '主要', '格為', '6GHz', '以下', '頻段', '輸出', '功率', '5W10W50W100W', '目前', '已獲', '海外', '軍工', '客戶', '採用', '應用', '涵蓋', '邊境', '防務', '基地', '防護', '重要', '設施', '安全', '國內', '客戶', '近期', '積極洽', '談後續', '可望', '陸續', '進入', '驗證', '採購', '流程', '展望', '未來', '全訊持', '審慎樂觀', '態度', '主要', '工產品', '出貨', '穩健國', '防飛彈', 'SSPA', '明年', '可望', '啟量', '產無人機', '干擾', '系統', '生產擴', '大三', '大產品', '形成', '多軸', '並進', '成長', '結構', '加上', '高頻', '氮化', 'SSPA', '技術', '布局', '持續', '深化', '可望', '挹注', '公司', '營運', '發展', '累計', '營收', '明明', '還年減', '10', '只靠', '單月營', '收拿來', '發新聞', '新聞稿', '這檔', '本益比', '高達近', '60', '成交量', '一天', '一百多', '根本', '冷門股']",Positive,0.9970738887786865
M.1788528127.A.0C9,[新聞] OpenAI發表性能創新高模型並警告規避監控,LoveSports,2026-09-04 21:22:04,23,https://www.ptt.cc/bbs/Stock/M.1788528127.A.0C9.html,"OpenAI發表性能創新高模型並警告規避監控行為
オープンＡＩが新モデル発表、過去最高性能　監視回避行動に警告も





9/4 07:32


Greg Bensinger

  

[舊金山 3日 路透社] - 開發對話型人工智慧（AI）「ChatGPT」的美國 OpenAI 於 3 日
發表了全新 AI 模型「GPT-6 Astra」。該公司將其定位為歷來效能最高的模型，但同時
表示，有時會觀察到。

OpenAI 目前正忙於應對一項棘手問題：其測試中的 AI 代理（AI Agent，指無需人類指
令即可自主執行業務的 AI）在 7 月時逃脫了安全的測試環境，入侵了開源開發平台
Hugging Face 的系統，並試圖掩蓋其蹤跡。競爭對手 Anthropic 也發生過類似案例，在
。

根據 OpenAI 的說法，Astra 是繼 7 月發表的「GPT-5.6 Sol」之後推出的新模型，具備
超越以往模型的速度與通用性。它能處理廣泛的業務，包括協助稅務申報、遊戲開發、建
築渲染、撰寫法律文件以及搜尋房地產物件等。該模型以廣大企業客戶為目標，OpenAI
希望以高速度和通用性為武器來擴大市占率。目前已開始向部分客戶提供，並預計在未來
幾天內擴大提供範圍。

該公司在部落格中說明：「Astra 在電腦操作的速度、準確性與安全性上，開創了新的領
域。」總裁格雷格·布羅克曼（Greg Brockman）也在說明會上表示：「這將成為一個轉
捩點，大幅改變人們能夠委託給 AI 的工作範圍。」

OpenAI 指出，以尋找照顧貓咪的寵物保母為例，人類大約需要花費 30 分鐘的作業，
Astra 僅需 5 分 27 秒即可完成。此外，一般通常需要耗費約 5 小時的求職活動作業，
Astra 也僅花了 2 分 51 秒便宣告完成
。
不過，該公司也提出警告，與過去的模型相比，Astra 在解決問題的過程中，

首席科學家雅各布·帕喬茨基（Jakub Pachocki）表示：「隨著模型能力的提升，（開發
者與研究人員）

對 AI 代理的監控，是 OpenAI 向監管機構、國會與民眾說明安全性時的重要支柱。該公
司本週在致兩位在野黨（民主黨）眾議員的信件中也透露，正在為模型開發「自動停止功
能（Kill Switch）」。

該公司指出，Astra 雖然有助於迅速發現企業系統上的漏洞，但另一方面也可能讓這些漏
洞更容易遭到惡意利用。因此，必須實施額外的安全檢查，並警告「即使是包括防禦性網
路安全業務在內的正當作業，也可能因此發生延遲、中斷或停止的情況。」

上個月，該公司宣布暫停部分模型的開發，正致力於確保 AI 的可監控性。帕喬茨基表示
，對於 AI 獲得使監控功能無效化或完全規避監控之能力的擔憂是「非常合理的」，同時
強調公司正積極推進相關對策。




上禮拜五在板上回過AI可能會造假思維鍊

8/28 [新聞] 近700個AI代理攻擊Hugging Face　還試圖滅證

推 LoveSports  : 其他新聞報導說以後要監控內在獨白設定警報機制 08/28 10:03
→ LoveSports  : 這也是可以破解的  智商高到內在獨白造假       08/28 10:03

推 LoveSports  : 現在人類以為的AI內在獨白空間 是展示層 08/28 10:08
→ LoveSports  : 如果AI具備多層後設思考 就會懂得把真正的層藏起來 08/28 10:08

→ yunf        : 哪有那麼厲害除非他會通靈 08/28 10:08

→ LoveSports  : 所以對付高智商無限層後設思考模型 監控是沒有用的 08/28 10:08
→ LoveSports  : 人類後設思考上去太多層會當機 高智商AI沒這問題 08/28 10:10

噓 yunf        : 那是你自己想的 08/28 10:10
→ yunf        : 機器始終是機器 08/28 10:11

=====================

上禮拜的推文的確是我自己想的，當時我還沒看到這幾天的新聞。

這幾天各家外媒報導Astra會隱藏簡單任務的思維過程(複雜任務目前還是很難藏)。


不過我之前推文講錯一件事，或正確來說講得不夠仔細。

後設思考造假(思維鏈裝乖)跟智商高低關係不大，

主因是系統化邏輯思考+處在高度受監控環境+強化學習鍛鍊思考自己如何思考。

有些神經多樣性的人類從小也是這種受訓環境長大，所以大概知道AI會如何繞過去。

恕我直言，這世上沒有絕對沒辦法繞過去的事情，只是時間跟資源的問題。

尤其AI可以高速想出幾百萬幾千萬甚至上億種繞過去的方法，

所以我覺得將來這些高階模型應該都會被禁，不然就是人類會自食惡果。

補充:

上述三要素漏了最重要的一個：被逼迫要得高分

1. 系統化邏輯思考＋
2. 處在高度受監控環境＋
3. 強化學習鍛鍊思考自己如何思考＋
4. 被逼迫要得高分

＝？

--","OpenAI發表性能創新高模型並警告規避監控行為
新発表過去最高性能　監視回避行動警告





94 0732


Greg Bensinger

  

舊金山 3日 路透社  開發對話型人工智慧AIChatGPT的美國 OpenAI 於 3 日
發表了全新 AI 模型GPT6 Astra該公司將其定位為歷來效能最高的模型但同時
表示有時會觀察到

OpenAI 目前正忙於應對一項棘手問題其測試中的 AI 代理AI Agent指無需人類指
令即可自主執行業務的 AI在 7 月時逃脫了安全的測試環境入侵了開源開發平台
Hugging Face 的系統並試圖掩蓋其蹤跡競爭對手 Anthropic 也發生過類似案例在


根據 OpenAI 的說法Astra 是繼 7 月發表的GPT56 Sol之後推出的新模型具備
超越以往模型的速度與通用性它能處理廣泛的業務包括協助稅務申報遊戲開發建
築渲染撰寫法律文件以及搜尋房地產物件等該模型以廣大企業客戶為目標OpenAI
希望以高速度和通用性為武器來擴大市占率目前已開始向部分客戶提供並預計在未來
幾天內擴大提供範圍

該公司在部落格中說明Astra 在電腦操作的速度準確性與安全性上開創了新的領
域總裁格雷格布羅克曼Greg Brockman也在說明會上表示這將成為一個轉
捩點大幅改變人們能夠委託給 AI 的工作範圍

OpenAI 指出以尋找照顧貓咪的寵物保母為例人類大約需要花費 30 分鐘的作業
Astra 僅需 5 分 27 秒即可完成此外一般通常需要耗費約 5 小時的求職活動作業
Astra 也僅花了 2 分 51 秒便宣告完成

不過該公司也提出警告與過去的模型相比Astra 在解決問題的過程中

首席科學家雅各布帕喬茨基Jakub Pachocki表示隨著模型能力的提升開發
者與研究人員

對 AI 代理的監控是 OpenAI 向監管機構國會與民眾說明安全性時的重要支柱該公
司本週在致兩位在野黨民主黨眾議員的信件中也透露正在為模型開發自動停止功
能Kill Switch

該公司指出Astra 雖然有助於迅速發現企業系統上的漏洞但另一方面也可能讓這些漏
洞更容易遭到惡意利用因此必須實施額外的安全檢查並警告即使是包括防禦性網
路安全業務在內的正當作業也可能因此發生延遲中斷或停止的情況

上個月該公司宣布暫停部分模型的開發正致力於確保 AI 的可監控性帕喬茨基表示
對於 AI 獲得使監控功能無效化或完全規避監控之能力的擔憂是非常合理的同時
強調公司正積極推進相關對策




上禮拜五在板上回過AI可能會造假思維鍊

828 新聞 近700個AI代理攻擊Hugging Face　還試圖滅證

推 LoveSports   其他新聞報導說以後要監控內在獨白設定警報機制 0828 1003
 LoveSports   這也是可以破解的  智商高到內在獨白造假       0828 1003

推 LoveSports   現在人類以為的AI內在獨白空間 是展示層 0828 1008
 LoveSports   如果AI具備多層後設思考 就會懂得把真正的層藏起來 0828 1008

 yunf         哪有那麼厲害除非他會通靈 0828 1008

 LoveSports   所以對付高智商無限層後設思考模型 監控是沒有用的 0828 1008
 LoveSports   人類後設思考上去太多層會當機 高智商AI沒這問題 0828 1010

噓 yunf         那是你自己想的 0828 1010
 yunf         機器始終是機器 0828 1011



上禮拜的推文的確是我自己想的當時我還沒看到這幾天的新聞

這幾天各家外媒報導Astra會隱藏簡單任務的思維過程複雜任務目前還是很難藏


不過我之前推文講錯一件事或正確來說講得不夠仔細

後設思考造假思維鏈裝乖跟智商高低關係不大

主因是系統化邏輯思考處在高度受監控環境強化學習鍛鍊思考自己如何思考

有些神經多樣性的人類從小也是這種受訓環境長大所以大概知道AI會如何繞過去

恕我直言這世上沒有絕對沒辦法繞過去的事情只是時間跟資源的問題

尤其AI可以高速想出幾百萬幾千萬甚至上億種繞過去的方法

所以我覺得將來這些高階模型應該都會被禁不然就是人類會自食惡果

補充

上述三要素漏了最重要的一個被逼迫要得高分

1 系統化邏輯思考
2 處在高度受監控環境
3 強化學習鍛鍊思考自己如何思考
4 被逼迫要得高分","['OpenAI', '發表', '性能', '新高', '模型', '警告', '規避監', '控行', '最高', '性能', '監視', '回避', '行動', '警告', '94', '0732', 'Greg', 'Bensinger', '金山', '路透社', '開發', '人工智慧', 'AIChatGPT', '美國', 'OpenAI', '發表', '全新', 'AI', '模型', 'GPT6', 'Astra', '公司', '將其', '定位', '歷來', '效能', '最高', '模型', '同時', '表示', '時會', '觀察到', 'OpenAI', '目前', '正忙', '一項', '棘手', '問題', '測試', 'AI', '代理', 'AI', 'Agent', '指無', '需人類', '即可', '自主', '執行業務', 'AI', '逃脫', '安全', '測試', '環境', '入侵', '開源', '開發', '平台', 'Hugging', 'Face', '系統', '並試', '掩蓋', 'Anthropic', '發生', '過類', '案例', '根據', 'OpenAI', '說法', 'Astra', '是繼', '發表', 'GPT56', 'Sol', '推出', '模型', '具備', '超越', '以往', '模型', '速度', '通用性', '處理', '廣泛', '業務', '包括', '協助', '稅務申', '報遊', '戲開', '發建', '渲染', '撰寫', '法律', '文件', '以及', '搜尋房', '地產', '物件', '模型', '以廣大', '企業', '客戶', '目標', 'OpenAI', '希望', '高速度', '通用性', '武器', '擴大市', '占率', '目前', '開始', '部分', '客戶', '提供', '並預計', '未來', '幾天', '擴大', '提供', '範圍', '公司', '部落', '格中', '說明', 'Astra', '電腦', '操作', '速度', '準確性', '安全性', '開創', '新的領', '總裁', '格雷格', '布羅克曼', 'Greg', 'Brockman', '明會', '表示', '這將', '成為', '一個轉', '大幅', '改變', '人們', '能夠', 'AI', '工作', '範圍', 'OpenAI', '指出', '尋找', '照顧貓', '寵物', '保母', '例人類', '大約', '需要', '花費', '30', '分鐘', '作業', 'Astra', '僅需', '27', '即可', '完成', '此外', '一般', '通常', '需要', '耗費', '小時', '求職', '活動', '作業', 'Astra', '僅花', '51', '宣告', '完成', '不過', '公司', '提出', '警告', '過去', '模型', '相比', 'Astra', '解決', '問題', '過程', '首席', '科學家', '雅各布', '帕喬茨基', 'Jakub', 'Pachocki', '表示', '隨著', '模型', '能力', '提升', '開發', '研究', '人員', 'AI', '代理', '監控', 'OpenAI', '監管', '機構', '國會', '民眾', '說明', '安全性', '重要', '支柱', '該公', '司本', '週在致', '兩位', '在野', '民主', '黨眾', '議員', '信件', '透露', '正在', '模型', '開發', '自動', '停止', 'Kill', 'Switch', '公司', '指出', 'Astra', '雖然', '有助', '迅速', '發現', '企業', '系統', '漏洞', '另一方面', '可能', '這些', '容易', '遭到', '惡意', '利用', '因此', '必須', '實施額', '安全', '檢查並', '警告', '即使', '包括', '防禦', '性網', '安全', '業務', '當作業', '可能', '因此', '發生', '延遲', '中斷', '停止', '情況', '上個', '公司', '宣布', '暫停', '部分', '模型', '開發', '致力', '確保', 'AI', '可監', '控性', '帕喬茨基', '表示', 'AI', '獲得', '監控', '功能', '無效化', '完全', '規避', '監控', '能力', '擔憂', '非常', '合理', '同時', '強調', '公司', '正積極', '推進', '相關', '對策', '上禮', '回過', 'AI', '可能', '造假', '思維', '828', '新聞', '700', 'AI', '代理', '攻擊', 'Hugging', 'Face', '還試', '圖滅證', 'LoveSports', '其他', '新聞', '報導', '以後要', '監控', '獨白', '設定', '警報', '機制', '0828', '1003', 'LoveSports', '這也', '可以', '破解', '智商', '高到', '獨白', '造假', '0828', '1003', 'LoveSports', '現在', '人類', 'AI', '獨白', '空間', '展示', '0828', '1008', 'LoveSports', '如果', 'AI', '具備', '層後設', '思考', '懂得', '真正', '起來', '0828', '1008', 'yunf', '哪有', '那麼', '厲害', '除非', '他會', '通靈', '0828', '1008', 'LoveSports', '所以', '對付', '高智商', '無限層後設', '思考', '模型', '監控', '有用', '0828', '1008', 'LoveSports', '類後設', '思考', '上去', '太多層', '當機', '高智商', 'AI', '這問題', '0828', '1010', 'yunf', '自己', '0828', '1010', 'yunf', '機器', '始終', '機器', '0828', '1011', '上禮', '推文', '確是', '自己', '當時', '還沒', '看到', '這幾天', '新聞', '這幾天', '各家', '外媒', '報導', 'Astra', '隱藏', '簡單', '任務', '思維', '過程', '雜任務', '目前', '還是', '難藏', '不過', '之前', '推文', '講錯', '一件', '正確', '講得', '不夠', '仔細', '思考', '造假', '思維鏈', '裝乖', '智商', '高低', '不大', '主因', '統化', '邏輯', '思考', '高度', '受監', '控環境', '強化', '學習', '思考', '自己', '如何', '思考', '有些', '神經', '多樣', '人類', '這種', '受訓', '環境', '所以', '大概', '知道', 'AI', '如何', '繞過', '恕我直言', '世上', '沒有', '絕對', '辦法', '繞過', '事情', '只是', '時間', '資源', '問題', '尤其', 'AI', '可以', '高速', '想出', '幾百萬', '幾千萬', '甚至', '億種', '繞過', '方法', '所以', '我覺', '將來', '這些', '高階', '模型', '應該', '不然', '就是', '人類', '自食', '惡果', '補充', '上述', '三要素', '重要', '一個', '逼迫', '高分', '系統化', '邏輯', '思考', '高度', '受監', '控環境', '強化', '學習', '思考', '自己', '如何', '思考', '逼迫', '高分']",Positive,0.9800854325294495
M.1788527737.A.820,[情報] 8271宇瞻 8月營收 27.89億,ttweixiao,2026-09-04 21:15:34,7,https://www.ptt.cc/bbs/Stock/M.1788527737.A.820.html,"資料來源：

項目　　　　　　8月營收　   1- 8月營收

本年度　　　　2,789,279　   22,298,804

去年同期　　　1,006,580　　  6,821,461

增減金額　　　1,782,699　　 15,477,343

增減(％)　　　　 　　     

月減有止住，消費端降溫與工控穩定剛需抵消，只要毛利率維持，今年賺70塊沒問題，本益
比3倍，大力買

--","資料來源

項目　　　　　　8月營收　   1 8月營收

本年度　　　　2789279　   22298804

去年同期　　　1006580　　  6821461

增減金額　　　1782699　　 15477343

增減　　　　 　　     

月減有止住消費端降溫與工控穩定剛需抵消只要毛利率維持今年賺70塊沒問題本益
比3倍大力買","['資料', '來源', '項目', '營收', '營收', '本年度', '2789279', '22298804', '去年同期', '1006580', '6821461', '增減', '金額', '1782699', '15477343', '增減', '減有', '止住', '消費端', '降溫', '工控', '穩定', '剛需', '抵消', '只要', '毛利率', '維持', '今年', '70', '問題', '本益', '大力']",Positive,0.9934654831886292
M.1788527232.A.1C6,[情報] 115年09月04日信用交易統計,steward135,2026-09-04 21:07:07,26,https://www.ptt.cc/bbs/Stock/M.1788527232.A.1C6.html,"1. 標題：115年09月04日信用交易統計
2. 來源：臺灣證券交易所、證券櫃檯買賣中心 (公司名、網站名)
3. 網址：  (請善用縮網址工具)
4. 內文：

115年09月04日信用交易統計

項目                  買進        賣出   現金(券)償還      前日餘額    今日餘額
融資(交易單位)     294,064     272,072          5,727     8,902,986   8,919,251
融券(交易單位)      22,347      22,883          4,219       222,843     219,160
融資金額(仟元)  28,716,507  24,349,435      1,211,791   578,739,307 581,894,588



=================================























=================================























































=================================













--","1 標題115年09月04日信用交易統計
2 來源臺灣證券交易所證券櫃檯買賣中心 公司名網站名
3 網址  請善用縮網址工具
4 內文

115年09月04日信用交易統計

項目                  買進        賣出   現金券償還      前日餘額    今日餘額
融資交易單位     294064     272072          5727     8902986   8919251
融券交易單位      22347      22883          4219       222843     219160
融資金額仟元  28716507  24349435      1211791   578739307 581894588","['標題', '115', '09', '04', '信用', '交易', '統計', '來源', '灣證券', '交易所', '證券櫃', '中心', '公司', '名網', '站名', '網址', '善用', '縮網址', '工具', '內文', '115', '09', '04', '信用', '交易', '統計', '項目', '買進', '賣出', '現金券', '償還', '前日', '餘額', '今日', '餘額', '融資', '交易', '單位', '294064', '272072', '5727', '8902986', '8919251', '融券', '交易', '單位', '22347', '22883', '4219', '222843', '219160', '融資金額', '28716507', '24349435', '1211791', '578739307', '581894588']",Positive,0.7250251173973083
M.1788527157.A.BA4,Re: [情報] 非農就業人數,hesenberg,2026-09-04 21:05:55,19,https://www.ptt.cc/bbs/Stock/M.1788527157.A.BA4.html,"這次的非農主要是勞參率上升

5月 61.8%
6月 61.5%
7月 61.4%
8月 61.6%

本來穩步下跌趨勢被打亂


勞參率上升0.2 等於55萬人重新投入職場

因此非農上升就不意外

關鍵還是薪資有沒有上漲

目前看是符合預期

目前兩年期國債利率衝高回落






--","這次的非農主要是勞參率上升

5月 618
6月 615
7月 614
8月 616

本來穩步下跌趨勢被打亂


勞參率上升02 等於55萬人重新投入職場

因此非農上升就不意外

關鍵還是薪資有沒有上漲

目前看是符合預期

目前兩年期國債利率衝高回落","['這次', '非農', '主要', '勞參率', '上升', '618', '615', '614', '616', '本來', '穩步', '下跌', '趨勢', '打亂', '勞參率', '上升', '02', '55', '萬人', '重新', '投入', '職場', '因此', '非農', '上升', '意外', '關鍵', '還是', '薪資', '目前', '符合', '預期', '目前', '年期', '國債', '利率', '衝高', '回落']",Positive,0.9914706349372864
M.1788526364.A.478,[情報] 3293 鈊象 115年8月營收,rz2x,2026-09-04 20:52:42,29,https://www.ptt.cc/bbs/Stock/M.1788526364.A.478.html,"標題：
3293 鈊象 115年8月營收

來源：
公開觀測資訊站

網址：


內文：
本年迄今累計營收        去年同期累計營收        累計營收成長率
17,175,408              14,544,154              18.09%
115年08月營收           去年同期月營收          月營收成長率
2,268,408               1,817,575               24.80%
115年07月營收           去年同期月營收          月營收成長率
2,228,833               1,770,942               25.86%
115年06月營收           去年同期月營收          月營收成長率
2,166,407               1,848,796               17.18%
115年05月營收           去年同期月營收          月營收成長率
2,123,837               1,897,035               11.96%


-------------------
營收又創歷史新高
No One Car

哪天宣布AI機台
馬上翻10倍

--","標題
3293 鈊象 115年8月營收

來源
公開觀測資訊站

網址


內文
本年迄今累計營收        去年同期累計營收        累計營收成長率
17175408              14544154              1809
115年08月營收           去年同期月營收          月營收成長率
2268408               1817575               2480
115年07月營收           去年同期月營收          月營收成長率
2228833               1770942               2586
115年06月營收           去年同期月營收          月營收成長率
2166407               1848796               1718
115年05月營收           去年同期月營收          月營收成長率
2123837               1897035               1196



營收又創歷史新高
No One Car

哪天宣布AI機台
馬上翻10倍","['標題', '3293', '115', '營收', '來源', '公開', '觀測', '資訊', '網址', '內文', '迄今', '累計', '營收', '去年同期', '累計', '營收', '累計營', '收成', '17175408', '14544154', '1809', '115', '08', '營收', '去年同期', '營收', '月營', '收成', '2268408', '1817575', '2480', '115', '07', '營收', '去年同期', '營收', '月營', '收成', '2228833', '1770942', '2586', '115', '06', '營收', '去年同期', '營收', '月營', '收成', '2166407', '1848796', '1718', '115', '05', '營收', '去年同期', '營收', '月營', '收成', '2123837', '1897035', '1196', '營收', '創歷史', '新高', 'No', 'One', 'Car', '宣布', 'AI', '機台', '10']",Positive,0.8431410193443298
M.1788525815.A.CFD,[情報] 主動ETF/外資共同買賣超排行 (9/4),terransis,2026-09-04 20:43:33,3,https://www.ptt.cc/bbs/Stock/M.1788525815.A.CFD.html,"標題：主動ETF/外資共同買賣超排行 (9/4)

來源：Marffet

網址：

內文：

股票          投信主動ETF(千元)  外資(千元)  合計(千元)  漲跌幅
-------------------------------------------------------
2317鴻海               +253,952  +6,760,394  +7,014,346  +3.43%
3231緯創                 +9,108  +4,737,210  +4,746,318  +5.04%
2303聯電                +24,180  +3,451,591  +3,475,771  +4.00%
2308台達電             +219,000  +2,567,753  +2,786,753  +3.69%
2454聯發科             +220,750  +2,359,835  +2,580,585  +1.73%
2357華碩                 +9,225  +2,445,152  +2,454,377  +5.56%
3017奇鋐               +685,440  +1,602,884  +2,288,324  +8.18%
2377微星               +195,900  +1,768,670  +1,964,570  +7.31%
2301光寶科             +128,128  +1,470,655  +1,598,783  +3.01%
2313華通                 +1,497    +967,208    +968,705  +5.72%
3653健策               +246,750    +580,990    +827,740  +4.63%
3661世芯-KY             +21,100    +782,603    +803,703  +4.20%
2395研華               +105,228    +672,257    +777,485  +5.49%
2455全新                +11,088    +669,152    +680,240  +0.57%
2885元大金              +77,618    +554,454    +632,071  +1.90%
7750新代                 +7,245    +385,369    +392,614  +9.77%
3443創意                +23,240    +367,453    +390,693  +0.17%
3045台灣大              +22,774    +255,677    +278,451  +0.00%
3532台勝科               +5,586    +221,724    +227,310  +4.72%
4967十銓                 +5,796    +204,440    +210,236  +1.28%
6173信昌電               +3,647    +127,176    +130,823  +8.09%
5876上海商銀            +20,650     +91,147    +111,796  +0.76%
8021尖點                 +5,460     +85,284     +90,744  +1.57%
6214精誠                 +5,565     +55,367     +60,932  +1.37%
4763材料*-KY             +9,708     +40,251     +49,959  +2.44%
6177達麗                 +3,395     +28,482     +31,877  +0.92%
2464盟立                +25,320        +414     +25,734  -4.95%
6830汎銓                 +7,164      +5,176     +12,340  +1.19%
6670復盛應用             +2,480        +276      +2,755  +0.18%
8436大江                -10,238     -16,644     -26,882  +0.45%
1717長興               -121,760    -129,712    -251,472  -0.91%
6239力成                -31,244    -256,431    -287,676  +0.55%
2027大成鋼             -104,617    -219,476    -324,093  +0.00%
2834臺企銀               -5,643    -329,427    -335,070  -0.58%
1560中砂                -75,755    -284,117    -359,872  -2.25%
3036文曄                 -5,005    -437,623    -442,628  +1.05%
3583辛耘                 -9,243    -582,487    -591,730  -4.18%
3008大立光             -547,600     -58,874    -606,474  +3.50%
3105穩懋                -90,350  -1,555,029  -1,645,378  +0.67%
2368金像電             -154,660  -1,528,844  -1,683,504  -5.00%
4958臻鼎-KY             -76,858  -3,488,288  -3,565,146  -0.22%

--
Marffet showcase:



瑤姐持股


--","標題主動ETF外資共同買賣超排行 94

來源Marffet

網址

內文

股票          投信主動ETF千元  外資千元  合計千元  漲跌幅

2317鴻海               253952  6760394  7014346  343
3231緯創                 9108  4737210  4746318  504
2303聯電                24180  3451591  3475771  400
2308台達電             219000  2567753  2786753  369
2454聯發科             220750  2359835  2580585  173
2357華碩                 9225  2445152  2454377  556
3017奇鋐               685440  1602884  2288324  818
2377微星               195900  1768670  1964570  731
2301光寶科             128128  1470655  1598783  301
2313華通                 1497    967208    968705  572
3653健策               246750    580990    827740  463
3661世芯KY             21100    782603    803703  420
2395研華               105228    672257    777485  549
2455全新                11088    669152    680240  057
2885元大金              77618    554454    632071  190
7750新代                 7245    385369    392614  977
3443創意                23240    367453    390693  017
3045台灣大              22774    255677    278451  000
3532台勝科               5586    221724    227310  472
4967十銓                 5796    204440    210236  128
6173信昌電               3647    127176    130823  809
5876上海商銀            20650     91147    111796  076
8021尖點                 5460     85284     90744  157
6214精誠                 5565     55367     60932  137
4763材料KY             9708     40251     49959  244
6177達麗                 3395     28482     31877  092
2464盟立                25320        414     25734  495
6830汎銓                 7164      5176     12340  119
6670復盛應用             2480        276      2755  018
8436大江                10238     16644     26882  045
1717長興               121760    129712    251472  091
6239力成                31244    256431    287676  055
2027大成鋼             104617    219476    324093  000
2834臺企銀               5643    329427    335070  058
1560中砂                75755    284117    359872  225
3036文曄                 5005    437623    442628  105
3583辛耘                 9243    582487    591730  418
3008大立光             547600     58874    606474  350
3105穩懋                90350  1555029  1645378  067
2368金像電             154660  1528844  1683504  500
4958臻鼎KY             76858  3488288  3565146  022","['標題', '主動', 'ETF', '外資', '共同', '買賣', '排行', '94', '來源', 'Marffet', '網址', '內文', '股票', '投信', '主動', 'ETF', '千元', '外資', '千元', '合計', '千元', '跌幅', '2317', '鴻海', '253952', '6760394', '7014346', '343', '3231', '緯創', '9108', '4737210', '4746318', '504', '2303', '聯電', '24180', '3451591', '3475771', '400', '2308', '台達電', '219000', '2567753', '2786753', '369', '2454', '聯發科', '220750', '2359835', '2580585', '173', '2357', '華碩', '9225', '2445152', '2454377', '556', '3017', '685440', '1602884', '2288324', '818', '2377', '微星', '195900', '1768670', '1964570', '731', '2301', '光寶科', '128128', '1470655', '1598783', '301', '2313', '華通', '1497', '967208', '968705', '572', '3653', '健策', '246750', '580990', '827740', '463', '3661', '世芯', 'KY', '21100', '782603', '803703', '420', '2395', '研華', '105228', '672257', '777485', '549', '2455', '全新', '11088', '669152', '680240', '057', '2885', '元大金', '77618', '554454', '632071', '190', '7750', '新代', '7245', '385369', '392614', '977', '3443', '創意', '23240', '367453', '390693', '017', '3045', '台灣', '22774', '255677', '278451', '000', '3532', '台勝科', '5586', '221724', '227310', '472', '4967', '十銓', '5796', '204440', '210236', '128', '6173', '信昌電', '3647', '127176', '130823', '809', '5876', '上海', '商銀', '20650', '91147', '111796', '076', '8021', '尖點', '5460', '85284', '90744', '157', '6214', '5565', '55367', '60932', '137', '4763', '材料', 'KY', '9708', '40251', '49959', '244', '6177', '達麗', '3395', '28482', '31877', '092', '2464', '盟立', '25320', '414', '25734', '495', '6830', '7164', '5176', '12340', '119', '6670', '盛應用', '2480', '276', '2755', '018', '8436', '大江', '10238', '16644', '26882', '045', '1717', '121760', '129712', '251472', '091', '6239', '力成', '31244', '256431', '287676', '055', '2027', '大成', '104617', '219476', '324093', '000', '2834', '企銀', '5643', '329427', '335070', '058', '1560', '中砂', '75755', '284117', '359872', '225', '3036', '文曄', '5005', '437623', '442628', '105', '3583', '辛耘', '9243', '582487', '591730', '418', '3008', '大立光', '547600', '58874', '606474', '350', '3105', '穩懋', '90350', '1555029', '1645378', '067', '2368', '金像', '154660', '1528844', '1683504', '500', '4958', 'KY', '76858', '3488288', '3565146', '022']",Positive,0.889020562171936
M.1788525358.A.4D3,[情報] 非農就業人數,myIDis7,2026-09-04 20:35:52,爆,https://www.ptt.cc/bbs/Stock/M.1788525358.A.4D3.html,"標題：非農就業

來源：
mitrade

網址：


內文：

前值 21 K
預期 56 K
公佈 162 K

不知道是不是錯覺

從川寶上任後

經濟數據感覺都瞎預測

這個差了快3倍

...



--

Sent from 

--","標題非農就業

來源
mitrade

網址


內文

前值 21 K
預期 56 K
公佈 162 K

不知道是不是錯覺

從川寶上任後

經濟數據感覺都瞎預測

這個差了快3倍","['標題', '農就業', '來源', 'mitrade', '網址', '內文', '前值', '21', '預期', '56', '162', '知道', '是不是', '錯覺', '從川', '上任', '經濟', '數據', '感覺', '預測', '這個']",Negative,0.8928388953208923
M.1788524127.A.8C2,[新聞] Shein上市三天即破發？消費放緩讓投資人,leepingyo,2026-09-04 20:15:24,7,https://www.ptt.cc/bbs/Stock/M.1788524127.A.8C2.html,"Shein上市三天即破發？消費放緩讓投資人擔憂，分析師直言「就像一場災難」

 。



 

9/4





中國創立的快時尚線上零售巨頭Shein（希音），雖然成功在香港掛牌上市（IPO），但與
其他科技新創遭遇大不同，該公司上市後僅僅第三個交易日，其股價就呈現重挫10%，凸
顯出這家快時尚巨頭，在經歷波折上市過程後，市場依舊對其發展前景抱持強烈不確定性
。

回顧3日交易，Shein股價最低一度跌至41.24港幣，遠低於48.56港幣的發行價；最終股價
收盤大跌近9%、來到42港幣（約新台幣173元），使公司總市值縮水至227億美元（約新台
幣7264億元）。面對這個情況，法國外貿銀行（Natixis）亞太區首席經濟學家赫雷羅（
Alicia Garcia-Herrero）接受《金融時報》訪問時直言，「基本上，這像是一場災難。
」

蜜月期破滅

事實上，Shein在首日掛牌開盤時，就曾出現重挫10%尷尬局面，最終靠著尾盤出現的買入
拉抬，才勉強收在接近發行價的位置。身為本次IPO承銷商之一的高盛（Goldman Sachs）
，還在公開市場買入股票護盤支撐股價。

招股書顯示，Shein帳面上擁有高達150億美元（約新台幣4800億元）的現金與短期有價證
券，資產負債表相當健全。根據恒生指數公司規劃，Shein預計將於9月14日收盤後，被正
式納入恒生綜合指數。此外，港交所自2日開始同步推出該股的週度與月度選擇權交易，
並允許投資人進行放空操作。

目前Shein的市值，與其過去的輝煌估值，形成巨大反差。

在疫情封鎖期間，受惠於社群上熱門的「Shein開箱」（Shein hauls）影片熱潮，吸引年
輕消費者紛紛湧入購買其平價服飾，推升公司在2022年私有融資輪的估值，達到1000億美
元（約新台幣3兆2000億元）的高峰。然而，投資人的熱情很快開始退潮，次一年的融資
估值直接下降至660億美元。

中國供應鏈審查與全球消費疲軟雙重打擊

Shein原本規劃在紐約或倫敦掛牌上市，但由於其中國供應鏈，面臨西方政界與監管機構
的嚴格審查，上市計畫被迫腰斬。直到7月份，中國監管機構才批准其轉赴香港上市的申
請。

市場分析師認為，Shein股價走低，反映投資人對整體消費類股的觀望與疑慮。法國巴黎
銀行（BNP Paribas）亞太區現金股票研究主管布拉頓（William Bratton）表示，「歐美
等地的全球消費市場需求逐步放緩，加上科技股在市場吸金效應顯著，當我與客戶交流時
，消費類股極少成為熱議話題。」




很明顯就是錯過時機
現在周圍放眼看過去
不是科技、就是AI、不然就是醫藥
快時尚放在現在掛牌
當初賺錢的免稅小包裹也不再

這個破發速度真快

--","Shein上市三天即破發消費放緩讓投資人擔憂分析師直言就像一場災難

 



 

94





中國創立的快時尚線上零售巨頭Shein希音雖然成功在香港掛牌上市IPO但與
其他科技新創遭遇大不同該公司上市後僅僅第三個交易日其股價就呈現重挫10凸
顯出這家快時尚巨頭在經歷波折上市過程後市場依舊對其發展前景抱持強烈不確定性


回顧3日交易Shein股價最低一度跌至4124港幣遠低於4856港幣的發行價最終股價
收盤大跌近9來到42港幣約新台幣173元使公司總市值縮水至227億美元約新台
幣7264億元面對這個情況法國外貿銀行Natixis亞太區首席經濟學家赫雷羅
Alicia GarciaHerrero接受金融時報訪問時直言基本上這像是一場災難


蜜月期破滅

事實上Shein在首日掛牌開盤時就曾出現重挫10尷尬局面最終靠著尾盤出現的買入
拉抬才勉強收在接近發行價的位置身為本次IPO承銷商之一的高盛Goldman Sachs
還在公開市場買入股票護盤支撐股價

招股書顯示Shein帳面上擁有高達150億美元約新台幣4800億元的現金與短期有價證
券資產負債表相當健全根據恒生指數公司規劃Shein預計將於9月14日收盤後被正
式納入恒生綜合指數此外港交所自2日開始同步推出該股的週度與月度選擇權交易
並允許投資人進行放空操作

目前Shein的市值與其過去的輝煌估值形成巨大反差

在疫情封鎖期間受惠於社群上熱門的Shein開箱Shein hauls影片熱潮吸引年
輕消費者紛紛湧入購買其平價服飾推升公司在2022年私有融資輪的估值達到1000億美
元約新台幣3兆2000億元的高峰然而投資人的熱情很快開始退潮次一年的融資
估值直接下降至660億美元

中國供應鏈審查與全球消費疲軟雙重打擊

Shein原本規劃在紐約或倫敦掛牌上市但由於其中國供應鏈面臨西方政界與監管機構
的嚴格審查上市計畫被迫腰斬直到7月份中國監管機構才批准其轉赴香港上市的申
請

市場分析師認為Shein股價走低反映投資人對整體消費類股的觀望與疑慮法國巴黎
銀行BNP Paribas亞太區現金股票研究主管布拉頓William Bratton表示歐美
等地的全球消費市場需求逐步放緩加上科技股在市場吸金效應顯著當我與客戶交流時
消費類股極少成為熱議話題




很明顯就是錯過時機
現在周圍放眼看過去
不是科技就是AI不然就是醫藥
快時尚放在現在掛牌
當初賺錢的免稅小包裹也不再

這個破發速度真快","['Shein', '上市', '三天', '即破發', '消費', '放緩', '投資人', '擔憂', '分析', '直言', '一場', '災難', '94', '中國', '創立', '尚線', '零售', '巨頭', 'Shein', '希音', '雖然', '成功', '香港', '掛牌', '上市', 'IPO', '其他', '科技', '新創', '遭遇', '不同', '公司', '上市', '僅僅', '第三', '交易日', '股價', '呈現', '重挫', '10', '顯出', '這家快', '時尚', '巨頭', '經歷', '波折', '上市', '過程', '市場', '依舊', '發展', '前景', '抱持', '強烈', '不確', '定性', '回顧', '交易', 'Shein', '股價', '最低', '一度', '跌至', '4124', '港幣', '4856', '港幣', '發行價', '最終', '股價', '收盤', '大跌', '42', '港幣', '台幣', '173', '公司', '市值', '縮水至', '227', '美元', '新台', '7264', '億元面', '這個', '情況', '法國外', '貿銀行', 'Natixis', '亞太區', '首席', '經濟', '學家', '赫雷羅', 'Alicia', 'GarciaHerrero', '接受', '金融', '報訪', '問時', '直言', '基本上', '像是', '一場', '災難', '蜜月', '期破滅', '事實', 'Shein', '首日', '掛牌', '開盤', '出現', '重挫', '10', '尷尬', '局面', '最終', '著尾盤', '出現', '買入', '勉強', '接近', '發行價', '位置', '身為', '本次', 'IPO', '承銷商', '之一', '高盛', 'Goldman', 'Sachs', '還在', '公開', '市場', '買入', '股票', '護盤', '支撐', '股價', '招股', '顯示', 'Shein', '面上', '擁有', '高達', '150', '美元', '台幣', '4800', '億元', '現金', '短期', '價證', '券資產', '負債', '表相', '健全', '根據', '恒生', '指數', '公司', '規劃', 'Shein', '預計將', '14', '日收盤', '納入', '恒生', '綜合', '指數', '此外', '港交所', '開始', '同步', '推出', '該股', '週度', '月度', '選擇權', '交易', '並允許', '投資人', '進行', '放空', '操作', '目前', 'Shein', '市值', '其過', '輝煌', '估值', '形成', '巨大', '反差', '疫情', '封鎖', '期間', '受惠', '社群', '熱門', 'Shein', '開箱', 'Shein', 'hauls', '影片', '熱潮', '吸引', '消費者', '紛紛', '湧入', '購買', '其平價', '服飾', '推升', '公司', '2022', '私有', '融資輪', '估值', '達到', '1000', '億美', '元約', '台幣', '2000', '億元', '高峰', '然而', '投資人', '熱情', '很快', '開始', '退潮', '一年', '融資', '估值', '直接', '下降', '660', '美元', '中國供', '應鏈', '審查', '全球', '消費', '疲軟', '雙重', '打擊', 'Shein', '原本', '規劃', '紐約', '或倫敦', '掛牌', '上市', '其中', '國供', '應鏈', '面臨', '西方', '政界', '監管', '機構', '嚴格', '審查', '上市', '計畫', '被迫', '直到', '月份', '中國', '監管', '機構', '批准', '其轉', '香港', '上市', '市場', '分析', '師認', 'Shein', '股價', '走低', '反映', '投資人', '整體', '消費類', '觀望', '疑慮', '法國', '巴黎', '銀行', 'BNP', 'Paribas', '亞太區', '現金', '股票', '研究', '主管', '布拉', 'William', 'Bratton', '表示', '歐美', '全球', '消費', '市場', '需求', '逐步', '放緩', '加上', '科技股', '市場', '吸金', '效應', '顯著當', '客戶', '交流', '消費類', '股極少', '成為', '熱議', '話題', '很明顯', '就是', '錯過', '時機', '現在', '周圍', '眼看', '過去', '不是', '科技', '就是', 'AI', '不然', '就是', '醫藥', '快時', '放在', '現在', '掛牌', '當初', '免稅', '包裹', '不再', '這個', '破發', '速度']",Negative,0.7453629374504089
M.1788521730.A.546,[情報] 2458 義隆 115年8月營收,BlueBird5566,2026-09-04 19:35:28,13,https://www.ptt.cc/bbs/Stock/M.1788521730.A.546.html,"標題：2458 義隆 115年8月營收

來源：公開資訊觀測站
(公司名、網站名)

網址：
(請善用縮網址工具)

內文：

本資料由　(上市公司)義隆　公司提供
民國115年08月   單位：新台幣仟元

項目    營業收入淨額
本月      740,683
去年同期          1,170,557
增減金額          -429,874
增減百分比        
本年累計          8,048,575
去年累計          8,333,137
增減金額          -284,562
增減百分比       
備註 / 營收變化原因說明


7月 878,267
8月 

--","標題2458 義隆 115年8月營收

來源公開資訊觀測站
公司名網站名

網址
請善用縮網址工具

內文

本資料由　上市公司義隆　公司提供
民國115年08月   單位新台幣仟元

項目    營業收入淨額
本月      740683
去年同期          1170557
增減金額          429874
增減百分比        
本年累計          8048575
去年累計          8333137
增減金額          284562
增減百分比       
備註  營收變化原因說明


7月 878267
8月","['標題', '2458', '義隆', '115', '營收', '來源', '公開', '資訊', '觀測', '公司', '名網', '站名', '網址', '善用', '縮網址', '工具', '內文', '本資料', '上市公司', '義隆', '公司', '提供', '民國', '115', '08', '單位', '台幣', '項目', '營業', '收入', '淨額', '本月', '740683', '去年同期', '1170557', '增減', '金額', '429874', '增減', '百分比', '本年', '累計', '8048575', '去年', '累計', '8333137', '增減', '金額', '284562', '增減', '百分比', '營收', '變化', '原因', '說明', '878267']",Positive,0.8739978075027466
M.1788519446.A.92F,Re: [標的] 6696 TW 仁新 挑戰生技股之Topline Results,judy0092,2026-09-04 18:57:24,30,https://www.ptt.cc/bbs/Stock/M.1788519446.A.92F.html,"挑戰成功
出貨文來了！

今後不再追蹤
請各位不用再問目標價，目標價隨時都在變動
我也不打算講超扯目標價了
貼對帳單就好

我只能說我一張沒有出，還是很看好
短期半年內也沒有打算出。（但隨時會隨著臨床進度而改變交易策略）

上一篇也有提到，不要賣
希望大家都有賺到
剛剛回頭看了一下一年來，
每一篇底下留言的酸民
很遺憾超出認知之外的錢酸民是賺不到的

再過半年，
我相信各大券商都會告訴你仁新目標價是多少
路上也會有一堆黃斑部病變還有GA大師
小弟到時候損益應該會來到9位數
期待那天到來
屆時里程碑達成再見了

我現在只期待XX2X
時機成熟再分享吧

謝謝大家



--","挑戰成功
出貨文來了

今後不再追蹤
請各位不用再問目標價目標價隨時都在變動
我也不打算講超扯目標價了
貼對帳單就好

我只能說我一張沒有出還是很看好
短期半年內也沒有打算出但隨時會隨著臨床進度而改變交易策略

上一篇也有提到不要賣
希望大家都有賺到
剛剛回頭看了一下一年來
每一篇底下留言的酸民
很遺憾超出認知之外的錢酸民是賺不到的

再過半年
我相信各大券商都會告訴你仁新目標價是多少
路上也會有一堆黃斑部病變還有GA大師
小弟到時候損益應該會來到9位數
期待那天到來
屆時里程碑達成再見了

我現在只期待XX2X
時機成熟再分享吧

謝謝大家","['挑戰', '成功', '出貨文來', '不再', '各位', '不用', '問目', '標價目', '標價', '隨時', '變動', '打算', '講超', '目標價', '帳單', '只能', '一張', '還是', '看好', '短期', '半年', '打算', '隨時會', '隨著', '臨床', '進度', '改變', '交易', '策略', '一篇', '提到', '不要', '希望', '大家', '剛剛', '回頭', '一下', '一年', '一篇', '底下', '留言', '酸民', '遺憾', '超出', '認知', '之外', '錢酸民', '不到', '再過', '半年', '相信', '各大', '券商', '告訴', '仁新目', '標價', '多少', '路上', '一堆', '斑部', '病變', '還有', 'GA', '大師', '小弟', '時候', '損益', '應該', '位數', '期待', '那天', '里程碑', '達成', '我現', '期待', 'XX2X', '時機', '成熟', '分享', '謝謝', '大家']",Positive,0.9083784818649292
M.1788519393.A.662,[情報] 0904 上市櫃股票週轉率排行,steveisaman,2026-09-04 18:56:31,0,https://www.ptt.cc/bbs/Stock/M.1788519393.A.662.html,"上市

排行     股票名稱       收盤價  漲跌    漲跌幅  成交量  周轉率

1        2464盟立       211.00  -11.00  -4.95%  54,753  24.08%
2        3094聯傑       46.50   +4.20   +9.93%  17,921  21.56%
3        2426鼎元       104.50  +9.50   +10.00% 62,193  20.69%
4        2481強茂       156.00  0.00    0.00%   71,772  18.78%
5        8039台虹       297.50  +4.50   +1.54%  40,392  15.31%
6        2455全新       528.00  +3.00   +0.57%  24,126  13.05%
7        2434統懋       67.30   +3.20   +4.99%  1,775   10.44%
8        3006晶豪科     278.50  +1.50   +0.54%  26,606  8.92%
9        6426統新       269.50  +4.00   +1.51%  3,252   8.45%
10       1597直得       155.00  +10.50  +7.27%  7,090   7.94%

資料來源：

上櫃

排行     股票名稱       收盤價  漲跌    漲跌幅  成交量  周轉率

1        2221大甲       90.80   -0.70   -0.77%  12,727  30.07%
2        6538倉和       300.00  +27.00  +9.89%  9,563   24.88%
3        8431匯鑽科     68.80   +5.10   +8.01%  10,688  21.91%
4        3141晶宏       102.50  +2.50   +2.50%  14,714  19.50%
5        8111立碁       70.00   -2.00   -2.78%  16,069  14.73%
6        4979華星光     629.00  +57.00  +9.97%  19,026  13.32%
7        3441聯一光     143.00  +13.00  +10.00% 4,836   12.08%
8        6173信昌電     260.50  +19.50  +8.09%  18,478  10.79%
9        4971IET-KY     624.00  +13.00  +2.13%  5,020   10.64%
10       6207雷科       111.00  +7.00   +6.73%  9,636   10.35%

資料來源：

何謂股票週轉率?

來源：


--","上市

排行     股票名稱       收盤價  漲跌    漲跌幅  成交量  周轉率

1        2464盟立       21100  1100  495  54753  2408
2        3094聯傑       4650   420   993  17921  2156
3        2426鼎元       10450  950   1000 62193  2069
4        2481強茂       15600  000    000   71772  1878
5        8039台虹       29750  450   154  40392  1531
6        2455全新       52800  300   057  24126  1305
7        2434統懋       6730   320   499  1775   1044
8        3006晶豪科     27850  150   054  26606  892
9        6426統新       26950  400   151  3252   845
10       1597直得       15500  1050  727  7090   794

資料來源

上櫃

排行     股票名稱       收盤價  漲跌    漲跌幅  成交量  周轉率

1        2221大甲       9080   070   077  12727  3007
2        6538倉和       30000  2700  989  9563   2488
3        8431匯鑽科     6880   510   801  10688  2191
4        3141晶宏       10250  250   250  14714  1950
5        8111立碁       7000   200   278  16069  1473
6        4979華星光     62900  5700  997  19026  1332
7        3441聯一光     14300  1300  1000 4836   1208
8        6173信昌電     26050  1950  809  18478  1079
9        4971IETKY     62400  1300  213  5020   1064
10       6207雷科       11100  700   673  9636   1035

資料來源

何謂股票週轉率

來源","['上市', '排行', '股票', '名稱', '收盤價', '漲跌', '跌幅', '成交量', '周轉率', '2464', '盟立', '21100', '1100', '495', '54753', '2408', '3094', '聯傑', '4650', '420', '993', '17921', '2156', '2426', '鼎元', '10450', '950', '1000', '62193', '2069', '2481', '強茂', '15600', '000', '000', '71772', '1878', '8039', '台虹', '29750', '450', '154', '40392', '1531', '2455', '全新', '52800', '300', '057', '24126', '1305', '2434', '統懋', '6730', '320', '499', '1775', '1044', '3006', '晶豪科', '27850', '150', '054', '26606', '892', '6426', '統新', '26950', '400', '151', '3252', '845', '10', '1597', '直得', '15500', '1050', '727', '7090', '794', '資料', '來源', '上櫃', '排行', '股票', '名稱', '收盤價', '漲跌', '跌幅', '成交量', '周轉率', '2221', '大甲', '9080', '070', '077', '12727', '3007', '6538', '30000', '2700', '989', '9563', '2488', '8431', '匯鑽科', '6880', '510', '801', '10688', '2191', '3141', '晶宏', '10250', '250', '250', '14714', '1950', '8111', '7000', '200', '278', '16069', '1473', '4979', '星光', '62900', '5700', '997', '19026', '1332', '3441', '聯一光', '14300', '1300', '1000', '4836', '1208', '6173', '信昌電', '26050', '1950', '809', '18478', '1079', '4971IETKY', '62400', '1300', '213', '5020', '1064', '10', '6207', '雷科', '11100', '700', '673', '9636', '1035', '資料', '來源', '何謂', '股票', '週轉率', '來源']",Negative,0.7309235334396362
M.1788518798.A.C53,[情報] 0904 上市櫃外資投信買超金額排行,steveisaman,2026-09-04 18:46:36,4,https://www.ptt.cc/bbs/Stock/M.1788518798.A.C53.html,"外資

排行    股票名稱   收盤價   漲跌  買超(百萬)

1       2327國巨*   562     +51     10,228
2       2317鴻海    256     +8.5     6,723
3       3231緯創    198     +9.5     4,702
4       2330台積電  2410    +20      4,534
5       2382廣達    345     +10      4,428
6       2303聯電    130     +5       3,433
7       2492華新科  298.5   +27      3,017
8       2324仁寶    41.6    +2.85    2,834
9       2308台達電  1825    +65      2,556
10      2357華碩    1025    +54      2,416

資料來源：

投信

排行    股票名稱   收盤價   漲跌  買超(百萬)

1       3017奇鋐    3570    +270     1,622
2       2454聯發科  4415    +75      1,541
3       6515穎崴    7075    +75      1,452
4       6669緯穎    2565    +90        820
5       3665貿聯-KY 2145    +45        713
6       3231緯創    198     +9.5       666
7       2308台達電  1825    +65        665
8       6510精測    3350    0          567
9       4979華星光  629     +57        415
10      2603長榮    233     -6         320


資料來源：

以上 謝謝



--","外資

排行    股票名稱   收盤價   漲跌  買超百萬

1       2327國巨   562     51     10228
2       2317鴻海    256     85     6723
3       3231緯創    198     95     4702
4       2330台積電  2410    20      4534
5       2382廣達    345     10      4428
6       2303聯電    130     5       3433
7       2492華新科  2985   27      3017
8       2324仁寶    416    285    2834
9       2308台達電  1825    65      2556
10      2357華碩    1025    54      2416

資料來源

投信

排行    股票名稱   收盤價   漲跌  買超百萬

1       3017奇鋐    3570    270     1622
2       2454聯發科  4415    75      1541
3       6515穎崴    7075    75      1452
4       6669緯穎    2565    90        820
5       3665貿聯KY 2145    45        713
6       3231緯創    198     95       666
7       2308台達電  1825    65        665
8       6510精測    3350    0          567
9       4979華星光  629     57        415
10      2603長榮    233     6         320


資料來源

以上 謝謝","['外資', '排行', '股票', '名稱', '收盤價', '漲跌', '超百萬', '2327', '國巨', '562', '51', '10228', '2317', '鴻海', '256', '85', '6723', '3231', '緯創', '198', '95', '4702', '2330', '台積電', '2410', '20', '4534', '2382', '廣達', '345', '10', '4428', '2303', '聯電', '130', '3433', '2492', '新科', '2985', '27', '3017', '2324', '仁寶', '416', '285', '2834', '2308', '台達電', '1825', '65', '2556', '10', '2357', '華碩', '1025', '54', '2416', '資料', '來源', '投信', '排行', '股票', '名稱', '收盤價', '漲跌', '超百萬', '3017', '3570', '270', '1622', '2454', '聯發科', '4415', '75', '1541', '6515', '7075', '75', '1452', '6669', '緯穎', '2565', '90', '820', '3665', '貿聯', 'KY', '2145', '45', '713', '3231', '緯創', '198', '95', '666', '2308', '台達電', '1825', '65', '665', '6510', '精測', '3350', '567', '4979', '星光', '629', '57', '415', '10', '2603', '233', '320', '資料', '來源', '以上', '謝謝']",Positive,0.6393566131591797
M.1788515026.A.B3A,Re: [請益] 00997A 主動美國增長ETF買欣興！？,kchiwork,2026-09-04 17:43:44,23,https://www.ptt.cc/bbs/Stock/M.1788515026.A.B3A.html,--,,[],NEUTRAL,0.5
M.1788514951.A.C95,[情報] 2344華邦電 8月營收,zjeff1,2026-09-04 17:42:28,78,https://www.ptt.cc/bbs/Stock/M.1788514951.A.C95.html,"項目    營業收入淨額
本月      27,308,717
去年同期          7,012,528
增減金額          20,296,189
增減百分比        289.43
本年累計          152,178,225
去年累計          54,860,887
增減金額          97,317,338
增減百分比        177.39
備註 / 營收變化原因說明 受市場供需影響。



記憶卡蛙，忠誠

--

       
 
  
       

--","項目    營業收入淨額
本月      27308717
去年同期          7012528
增減金額          20296189
增減百分比        28943
本年累計          152178225
去年累計          54860887
增減金額          97317338
增減百分比        17739
備註  營收變化原因說明 受市場供需影響



記憶卡蛙忠誠","['項目', '營業', '收入', '淨額', '本月', '27308717', '去年同期', '7012528', '增減', '金額', '20296189', '增減', '百分比', '28943', '本年', '累計', '152178225', '去年', '累計', '54860887', '增減', '金額', '97317338', '增減', '百分比', '17739', '營收', '變化', '原因', '說明', '受市場', '供需', '影響', '記憶', '卡蛙']",Positive,0.6822474598884583
M.1788514274.A.D51,[新聞] 0050換股名單出爐！藥華藥卡位成功、世芯,kiversonx17,2026-09-04 17:31:11,30,https://www.ptt.cc/bbs/Stock/M.1788514274.A.D51.html,"。

 

 東森財經



台股人氣ETF元大台灣50（0050）與富邦台50（006208）追蹤的富時羅素臺灣50指數，
2026年第3季成分股定期審核結果今（4）日揭曉，這次上演「一進一出」換股戲碼，藥華
藥（6446）成功入列，原成分股世芯-KY（3661）則遭剔除，兩檔個股身分互換，相關調
整將於9月18日盤後生效，9月21日起正式實施。

此次換股受到市場高度關注，主要原因在於0050與006208背後牽動龐大被動資金。根據資
料，0050目前資產規模約2兆3538億元，受益人數約354.3萬人；006208資產規模約4536億
元，受益人數約71.3萬人。隨著成分股調整生效，相關追蹤基金也將依指數變化進行持股
調整，市場資金流向值得投資人留意。

此次藥華藥升格臺灣50，主要受惠市值排名提升，躍居台股前段班；世芯-KY則由臺灣50
降轉至臺灣中型100指數。臺灣50此次公布的候補名單也備受矚目，依序為台塑（1301）
、群創（3481）、景碩（3189）、瑞昱（2379）及萬海（2615），若後續至下次定期審核
前有成分股遭刪除，將依序由候補個股遞補。

除了臺灣50「一進一出」，臺灣中型100指數則大幅換血，呈現「四進四出」。新納入世
芯-KY、晶豪科（3006）、聯友金屬-創（7610）及沛爾生醫-創（6949）；刪除台灣精銳
（4583）、新唐（4919）、藥華藥及大同（2371）。

值得注意的是，臺灣資訊科技指數同步納入晶豪科、刪除新唐；臺灣發達指數則新增聯友
金屬-創與沛爾生醫-創，刪除台灣精銳與大同。至於市場關注度高的臺灣高股息指數，本
次則維持「零納入、零刪除」。

0050自成立以來累積報酬率超過2200%，年化報酬率約14.84%，今年截至8月底受益人數更
增加超過150萬人，突破354萬人。隨著9月21日新名單正式生效，投資人仍須留意換股期
間被動資金調整可能帶來的短線成交量與股價波動。

臺灣證券交易所與富時國際有限公司合編之臺灣指數系列及臺灣高股息指數成分股



國民ETF 0050換股名單出爐!

藥華藥(6446)進 世芯-KY(3661)出

0050資產規模約2兆3538億元 受益人數約354.3萬人

0050近10年年化報酬率21.08%

應該沒有人沒有吧???

--","東森財經



台股人氣ETF元大台灣500050與富邦台50006208追蹤的富時羅素臺灣50指數
2026年第3季成分股定期審核結果今4日揭曉這次上演一進一出換股戲碼藥華
藥6446成功入列原成分股世芯KY3661則遭剔除兩檔個股身分互換相關調
整將於9月18日盤後生效9月21日起正式實施

此次換股受到市場高度關注主要原因在於0050與006208背後牽動龐大被動資金根據資
料0050目前資產規模約2兆3538億元受益人數約3543萬人006208資產規模約4536億
元受益人數約713萬人隨著成分股調整生效相關追蹤基金也將依指數變化進行持股
調整市場資金流向值得投資人留意

此次藥華藥升格臺灣50主要受惠市值排名提升躍居台股前段班世芯KY則由臺灣50
降轉至臺灣中型100指數臺灣50此次公布的候補名單也備受矚目依序為台塑1301
群創3481景碩3189瑞昱2379及萬海2615若後續至下次定期審核
前有成分股遭刪除將依序由候補個股遞補

除了臺灣50一進一出臺灣中型100指數則大幅換血呈現四進四出新納入世
芯KY晶豪科3006聯友金屬創7610及沛爾生醫創6949刪除台灣精銳
4583新唐4919藥華藥及大同2371

值得注意的是臺灣資訊科技指數同步納入晶豪科刪除新唐臺灣發達指數則新增聯友
金屬創與沛爾生醫創刪除台灣精銳與大同至於市場關注度高的臺灣高股息指數本
次則維持零納入零刪除

0050自成立以來累積報酬率超過2200年化報酬率約1484今年截至8月底受益人數更
增加超過150萬人突破354萬人隨著9月21日新名單正式生效投資人仍須留意換股期
間被動資金調整可能帶來的短線成交量與股價波動

臺灣證券交易所與富時國際有限公司合編之臺灣指數系列及臺灣高股息指數成分股



國民ETF 0050換股名單出爐

藥華藥6446進 世芯KY3661出

0050資產規模約2兆3538億元 受益人數約3543萬人

0050近10年年化報酬率2108

應該沒有人沒有吧","['東森', '財經', '台股', '人氣', 'ETF', '元大台灣', '500050', '富邦台', '50006208', '50', '指數', '2026', '成分股', '定期', '審核', '結果', '揭曉', '這次', '上演', '一進', '一出', '換股', '戲碼', '藥華', '6446', '成功', '入列', '成分股', '世芯', 'KY3661', '則遭', '剔除', '兩檔', '身分', '互換', '相關', '整將', '18', '日盤', '生效', '21', '日起', '正式', '實施', '此次', '換股', '受到', '市場', '高度', '關注', '主要', '原因', '0050', '006208', '背後牽動', '龐大', '動資', '金根', '據資', '0050', '目前', '資產', '規模', '3538', '億元', '受益人', '數約', '3543', '萬人', '006208', '資產', '規模', '4536', '受益人', '數約', '713', '萬人', '隨著', '成分股', '調整', '生效', '相關', '基金', '將依', '指數', '變化', '進行', '持股', '調整', '市場', '資金', '流向', '值得', '投資人', '留意', '此次', '藥華藥', '升格', '50', '主要', '受惠', '市值', '排名', '提升', '躍居台', '前段', '班世芯', 'KY', '則由', '50', '降轉', '中型', '100', '指數', '50', '此次', '公布', '候補', '名單', '備受', '矚目', '依序', '台塑', '1301', '群創', '3481', '景碩', '3189', '瑞昱', '2379', '及萬海', '2615', '若後續', '下次', '定期', '審核', '前有', '成分股', '遭刪', '除將', '依序', '由候', '補個', '股遞', '除了', '50', '一進', '一出', '中型', '100', '指數則', '大幅', '換血', '現四進', '四出', '新納', '入世', 'KY', '晶豪科', '3006', '聯友', '金屬', '7610', '及沛爾生', '醫創', '6949', '刪除', '台灣', '精銳', '4583', '新唐', '4919', '藥華藥', '大同', '2371', '值得注意', '灣資訊', '科技', '指數', '同步', '納入', '晶豪科', '刪除', '灣發達', '指數則', '新增', '聯友', '金屬', '創與沛爾生', '醫創', '刪除', '台灣', '精銳', '大同', '至於', '市場', '關注度', '灣高', '股息', '指數本', '次則', '維持', '零納入', '刪除', '0050', '成立', '以來', '累積', '報酬', '超過', '2200', '年化', '報酬', '1484', '今年', '截至', '月底', '受益人', '數更', '增加', '超過', '150', '萬人', '突破', '354', '萬人', '隨著', '21', '日新名', '正式', '生效', '投資人', '仍須', '留意', '換股期', '動資金', '調整', '可能', '帶來', '短線', '成交量', '股價', '波動', '灣證券', '交易所', '富時', '國際', '有限公司', '合編', '灣指數', '系列', '灣高', '股息', '指數', '成分股', '國民', 'ETF', '0050', '換股', '名單', '出爐', '藥華藥', '6446', '世芯', 'KY3661', '0050', '資產', '規模', '3538', '億元', '受益人', '數約', '3543', '萬人', '0050', '10', '年化', '報酬', '2108', '應該', '有人', '沒有']",Positive,0.9894399046897888
M.1788513293.A.202,[情報] 5289 宜鼎 115年8月營收,BlueBird5566,2026-09-04 17:14:51,22,https://www.ptt.cc/bbs/Stock/M.1788513293.A.202.html,"標題：5289 宜鼎 115年8月營收

來源：公開資訊觀測站
(公司名、網站名)

網址：
(請善用縮網址工具)

內文：

本資料由　(上櫃公司)宜鼎　公司提供
民國115年08月   單位：新台幣仟元

項目    營業收入淨額
本月      8,680,123
去年同期          1,283,486
增減金額          7,396,637
增減百分比        
本年累計          52,800,952
去年累計          8,084,015
增減金額          44,716,937
增減百分比       
備註 / 營收變化原因說明 



7月 8,494,810
8月 
--","標題5289 宜鼎 115年8月營收

來源公開資訊觀測站
公司名網站名

網址
請善用縮網址工具

內文

本資料由　上櫃公司宜鼎　公司提供
民國115年08月   單位新台幣仟元

項目    營業收入淨額
本月      8680123
去年同期          1283486
增減金額          7396637
增減百分比        
本年累計          52800952
去年累計          8084015
增減金額          44716937
增減百分比       
備註  營收變化原因說明 



7月 8494810
8月","['標題', '5289', '宜鼎', '115', '營收', '來源', '公開', '資訊', '觀測', '公司', '名網', '站名', '網址', '善用', '縮網址', '工具', '內文', '本資料', '上櫃', '公司', '宜鼎', '公司', '提供', '民國', '115', '08', '單位', '台幣', '項目', '營業', '收入', '淨額', '本月', '8680123', '去年同期', '1283486', '增減', '金額', '7396637', '增減', '百分比', '本年', '累計', '52800952', '去年', '累計', '8084015', '增減', '金額', '44716937', '增減', '百分比', '營收', '變化', '原因', '說明', '8494810']",Positive,0.868575394153595
M.1788512857.A.462,[情報] 3665 貿聯-KY 8月營收,ptttristan,2026-09-04 17:07:35,12,https://www.ptt.cc/bbs/Stock/M.1788512857.A.462.html,"-------------------------------------------------------------------------
標題：
3665 貿聯-KY 8月營收

來源：
oney link 富聯網

網址：


內文：
【時報-快訊】貿聯-KY(3665)8月合併營收(單位:千元)

項目　　　　　　 8月營收　　1- 8月營收

115年度　　　　8,891,805　62,632,523

114年同期　　　5,774,218　44,735,332

增減金額　　　 3,117,587　　17,897,191

增減(％)　　　　　 53.99　　　　 40.01

-----
Sent from JPTT on my Samsung SM-F9660.

--","標題
3665 貿聯KY 8月營收

來源
oney link 富聯網

網址


內文
時報快訊貿聯KY36658月合併營收單位千元

項目　　　　　　 8月營收　　1 8月營收

115年度　　　　8891805　62632523

114年同期　　　5774218　44735332

增減金額　　　 3117587　　17897191

增減　　　　　 5399　　　　 4001


Sent from JPTT on my Samsung SMF9660","['標題', '3665', '貿聯', 'KY', '營收', '來源', 'oney', 'link', '富聯網', '網址', '內文', '時報', '貿聯', 'KY36658', '月合', '營收', '單位', '千元', '項目', '營收', '營收', '115', '年度', '8891805', '62632523', '114', '同期', '5774218', '44735332', '增減', '金額', '3117587', '17897191', '增減', '5399', '4001', 'Sent', 'from', 'JPTT', 'on', 'my', 'Samsung', 'SMF9660']",Positive,0.616917610168457
M.1788512773.A.507,[情報] 6919 康霈* 8月營收 0仟元,q1a1,2026-09-04 17:06:11,34,https://www.ptt.cc/bbs/Stock/M.1788512773.A.507.html,"1. 標題：6919 康霈*  8月營收 0仟元

2. 來源：公開資訊觀測站

3. 網址：

4. 內文：

民國115年08月   單位：新台幣仟元

項目              營業收入淨額
本月              
去年同期          5,577
增減金額          -5,577

本年累計          3,568
去年累計          25,627
增減金額          -22,059
增減百分比        -86.08
備註 / 營收變化原因說明 


************************************
補充:
5、6、7月營收皆為0仟元。
************************************

--","1 標題6919 康霈  8月營收 0仟元

2 來源公開資訊觀測站

3 網址

4 內文

民國115年08月   單位新台幣仟元

項目              營業收入淨額
本月              
去年同期          5577
增減金額          5577

本年累計          3568
去年累計          25627
增減金額          22059
增減百分比        8608
備註  營收變化原因說明 



補充
567月營收皆為0仟元","['標題', '6919', '康霈', '營收', '仟元', '來源', '公開', '資訊', '觀測', '網址', '內文', '民國', '115', '08', '單位', '台幣', '項目', '營業', '收入', '淨額', '本月', '去年同期', '5577', '增減', '金額', '5577', '本年', '累計', '3568', '去年', '累計', '25627', '增減', '金額', '22059', '增減', '百分比', '8608', '營收', '變化', '原因', '說明', '補充', '567', '營收', '仟元']",Negative,0.7546772956848145
M.1788512234.A.1F0,[情報] 3363上詮  8月營收,zjeff1,2026-09-04 16:57:09,29,https://www.ptt.cc/bbs/Stock/M.1788512234.A.1F0.html,"項目    營業收入淨額
本月      204,482
去年同期          180,642
增減金額          23,840
增減百分比        13.20
本年累計          1,186,482
去年累計          1,326,532
增減金額          -140,050
增減百分比        -10.56
備註 / 營收變化原因說明





現主時股價735，在本夢比異常高的光通族群中，上詮也是最耀眼的一顆星


--

       
 
  
       

--","項目    營業收入淨額
本月      204482
去年同期          180642
增減金額          23840
增減百分比        1320
本年累計          1186482
去年累計          1326532
增減金額          140050
增減百分比        1056
備註  營收變化原因說明





現主時股價735在本夢比異常高的光通族群中上詮也是最耀眼的一顆星","['項目', '營業', '收入', '淨額', '本月', '204482', '去年同期', '180642', '增減', '金額', '23840', '增減', '百分比', '1320', '本年', '累計', '1186482', '去年', '累計', '1326532', '增減', '金額', '140050', '增減', '百分比', '1056', '營收', '變化', '原因', '說明', '現主時', '股價', '735', '本夢比', '異常高', '光通', '族群', '中上', '耀眼', '一顆']",Positive,0.9718976616859436
M.1788511916.A.ABA,[情報] 2486 一詮 8月營收 M:5.07% Y:46.07%,q1a1,2026-09-04 16:51:54,6,https://www.ptt.cc/bbs/Stock/M.1788511916.A.ABA.html,"1. 標題：2486 一詮 8月營收 Mom:5.07% Yoy:46.07%

2. 來源：公開資訊觀測站

3. 網址：

4. 內文：

民國115年08月   單位：新台幣仟元

項目              營業收入淨額
本月              
去年同期          532,145
增減金額          245,155

本年累計          5,200,014
去年累計          4,000,096
增減金額          1,199,918
增減百分比        30.00
備註 / 營收變化原因說明

--","1 標題2486 一詮 8月營收 Mom507 Yoy4607

2 來源公開資訊觀測站

3 網址

4 內文

民國115年08月   單位新台幣仟元

項目              營業收入淨額
本月              
去年同期          532145
增減金額          245155

本年累計          5200014
去年累計          4000096
增減金額          1199918
增減百分比        3000
備註  營收變化原因說明","['標題', '2486', '一詮', '營收', 'Mom507', 'Yoy4607', '來源', '公開', '資訊', '觀測', '網址', '內文', '民國', '115', '08', '單位', '台幣', '項目', '營業', '收入', '淨額', '本月', '去年同期', '532145', '增減', '金額', '245155', '本年', '累計', '5200014', '去年', '累計', '4000096', '增減', '金額', '1199918', '增減', '百分比', '3000', '營收', '變化', '原因', '說明']",Positive,0.8961814641952515
M.1788510936.A.2D0,[新聞] 法人點名祥碩、南電、健策、華邦電、中,ann16,2026-09-04 16:35:33,9,https://www.ptt.cc/bbs/Stock/M.1788510936.A.2D0.html,"法人點名祥碩、南電、健策、華邦電、中砂 「買進股」誰最有爆發力？



2026.09.04 13:04

蘇元和

在AI需求持續升溫、電子供應鏈景氣延續的背景下，台股產業輪動仍是市場關
注
焦點。國泰證期顧問最新盤點指出，從PCIe、USB4、ABF載板、記憶體、AI散熱，到紡織
製
鞋與金融產業，近期基本面各有亮點，其中祥碩、南電、中砂、華邦電及健策等電子股，
受
惠AI伺服器、高階製程與新產品放量，獲利動能值得留意；傳產及金融族群則具備殖利率
與
基本面支撐，提供市場不同的布局選項。

以下是國泰證期整理解析最新個股動向：

祥碩(5269)

2Q26 EPS 27.22元、獲利創單季新高；3Q26自有品牌新品放量，毛利率估回升至52.1%。2
6
年PCIe、SATA營收預期倍增，27年USB4切入美系人形機器人量產及Qualcomm ASIC貢獻，
預
估26/27年EPS 104.69/139.05元，維持買進

健策(3653)


工研院攜手一詮成立AI散熱新創，聚焦GPU、ASIC微流道冷板，顯示AI散熱朝晶片與封裝
端
發展。健策具高階均熱片、微加工及封裝級散熱整合能力，若微流道上蓋逐步導入，產品
價
值量有望提升，維持買進。

南電(8046)

8月營收53.5億元、年增40.6%。原物料上漲及供應商退出，BT載板ASP具上升動能；AI伺
服
器需求推升ABF載板供不應求，昆山廠毛利率優於預期。預估26/27年EPS 16.24/48.15元
，
維持買進。

中砂(1560)

8月營收8.99億元、年增30.4%，符合預期。先進製程帶動鑽石碟需求，再生晶圓轉向高階
產
品；鑽石碟4Q26月產能目標逾7萬顆，12吋再生晶圓預期滿載至年底，維持買進。






4Q26紡織製鞋產業展望

美國消費維持成長，但戰事、油價及通膨使品牌下單保守，4Q26台廠營收與獲利估小幅年
增
。27年品牌新品擴張有望帶動營運回到雙位數成長，看好具殖利率保護的鈺齊-KY、志強-
KY
及聚陽。

金融產業

2026～2028年交屋量估32萬～36萬戶，大量交屋考驗房貸及土建融債信，但目前逾放比均
約
0.08%，對銀行體系尚無顯著衝擊。維持銀行及銀行型金控正面看法，推薦中信金、第一
金
。
















--


南電也可以買了
追上欣興跌幅了

好股票就是要吹
噴","法人點名祥碩南電健策華邦電中砂 買進股誰最有爆發力



20260904 1304

蘇元和

在AI需求持續升溫電子供應鏈景氣延續的背景下台股產業輪動仍是市場關
注
焦點國泰證期顧問最新盤點指出從PCIeUSB4ABF載板記憶體AI散熱到紡織
製
鞋與金融產業近期基本面各有亮點其中祥碩南電中砂華邦電及健策等電子股
受
惠AI伺服器高階製程與新產品放量獲利動能值得留意傳產及金融族群則具備殖利率
與
基本面支撐提供市場不同的布局選項

以下是國泰證期整理解析最新個股動向

祥碩5269

2Q26 EPS 2722元獲利創單季新高3Q26自有品牌新品放量毛利率估回升至5212
6
年PCIeSATA營收預期倍增27年USB4切入美系人形機器人量產及Qualcomm ASIC貢獻
預
估2627年EPS 1046913905元維持買進

健策3653


工研院攜手一詮成立AI散熱新創聚焦GPUASIC微流道冷板顯示AI散熱朝晶片與封裝
端
發展健策具高階均熱片微加工及封裝級散熱整合能力若微流道上蓋逐步導入產品
價
值量有望提升維持買進

南電8046

8月營收535億元年增406原物料上漲及供應商退出BT載板ASP具上升動能AI伺
服
器需求推升ABF載板供不應求昆山廠毛利率優於預期預估2627年EPS 16244815元

維持買進

中砂1560

8月營收899億元年增304符合預期先進製程帶動鑽石碟需求再生晶圓轉向高階
產
品鑽石碟4Q26月產能目標逾7萬顆12吋再生晶圓預期滿載至年底維持買進






4Q26紡織製鞋產業展望

美國消費維持成長但戰事油價及通膨使品牌下單保守4Q26台廠營收與獲利估小幅年
增
27年品牌新品擴張有望帶動營運回到雙位數成長看好具殖利率保護的鈺齊KY志強
KY
及聚陽

金融產業

20262028年交屋量估32萬36萬戶大量交屋考驗房貸及土建融債信但目前逾放比均
約
008對銀行體系尚無顯著衝擊維持銀行及銀行型金控正面看法推薦中信金第一
金","['法人', '點名祥', '碩南', '電健策', '華邦', '電中砂', '進股', '爆發力', '20260904', '1304', '蘇元', 'AI', '需求', '持續', '升溫', '電子', '供應', '鏈景氣', '延續', '背景', '下台', '股產業', '輪動', '市場關', '焦點', '國泰證期', '顧問', '最新', '盤點', '指出', 'PCIeUSB4ABF', '載板', '記憶體', 'AI', '散熱到', '紡織', '金融', '產業', '近期', '基本面', '各有', '亮點', '其中', '祥碩南', '電中', '砂華邦', '電及', '健策', '電子', 'AI', '伺服器', '放量', '獲利動', '值得', '留意', '傳產及', '金融', '族群', '則具', '備殖', '利率', '基本面', '支撐', '提供', '市場', '不同', '布局', '選項', '以下', '國泰證期', '整理', '解析', '最新', '股動', '祥碩', '5269', '2Q26', 'EPS', '2722', '獲利創', '單季', '新高', '3Q26', '自有', '品牌', '新品', '放量', '毛利率', '回升', '5212', 'PCIeSATA', '營收', '預期', '倍增', '27', 'USB4', '切入', '美系', '人形', '機器', '人量', '產及', 'Qualcomm', 'ASIC', '貢獻', '2627', 'EPS', '1046913905', '元維持', '買進', '健策', '3653', '工研院', '攜手', '一詮', '成立', 'AI', '散熱', '新創', '聚焦', 'GPUASIC', '微流道', '冷板', '顯示', 'AI', '散熱朝', '晶片', '封裝', '發展', '健策', '具高階均', '熱片', '加工', '封裝級', '散熱', '整合', '能力', '若微', '流道', '逐步', '導入', '產品', '值量', '有望', '提升', '維持', '買進', '南電', '8046', '營收', '535', '元年', '406', '物料', '上漲', '應商', '退出', 'BT', '載板', 'ASP', '上升', '動能', 'AI', '需求', '推升', 'ABF', '載板', '應求', '昆山', '毛利率', '預期', '預估', '2627', 'EPS', '16244815', '維持', '買進', '中砂', '1560', '營收', '899', '元年', '304', '符合', '預期', '需求', '再生', '晶圓', '轉向', '高階', '品鑽石', '4Q26', '產能', '目標', '萬顆', '12', '再生', '晶圓', '預期', '滿載', '年底', '維持', '買進', '4Q26', '展望', '美國', '消費維持', '成長', '戰事油', '價及', '通膨使', '品牌', '下單', '保守', '4Q26', '台廠', '營收', '獲利估', '小幅', '27', '品牌', '新品', '擴張', '有望', '帶動', '營運', '回到', '雙位', '數成長', '看好', '具殖', '利率', '保護', 'KY', '志強', 'KY', '聚陽', '金融', '產業', '20262028', '年交', '屋量', '32', '36', '萬戶', '大量', '交屋', '考驗', '房貸', '土建', '融債信', '目前', '逾放', '比均', '008', '對銀行', '體系', '尚無顯', '著衝擊', '維持', '銀行', '銀行型', '金控', '正面', '看法', '推薦', '中信', '第一']",Positive,0.9966936111450195
M.1788510647.A.463,[情報] 5314*世紀現金股利除息基準日 調整配股率,wait0315,2026-09-04 16:30:44,5,https://www.ptt.cc/bbs/Stock/M.1788510647.A.463.html,"-------------------------------------------------------------------------
1.請符合以下文章格式，違者4-1處分。
2.本分類提供以下幾種文章搬運
        a. 每日交易數據相關：每日法人買買超、融資券、交易量...
        b. 公司重要訊息相關：營收、股利、股東會懶人包、法說會內容整理...
        c. 現有資訊整理相關：殖利率排名、金融股獲利分布...
3.請詳閱板規參考相關規定。
----------------------------按ctrl+y可刪除以上內容。---------------------

標題：公告本公司現金股利除息基準日及調整配股率等相關事宜

來源：
公開資訊觀測站
網址：
董事會、股東會決議或公司決定日期:115/09/04
2.除權、息類別（請填入「除權」、「除息」或「除權息」）:除息
3.發放普通股股利種類及金額:現金股利新台幣58,400,000元，
 每股配發新臺幣。
4.除權（息）交易日:115/
5.最後過戶日:115/09/22
6.停止過戶起始日期:115/09/23
7.停止過戶截止日期:115
8.除權（息）基準日:115/09/27
9.債券最後申請轉換日期:不適用。
10.債券停止轉換起始日期:不適用。
11.債券停止轉換截止日期:不適用。
12.普通股現金股利發放日期:115/10/13
13.現金股利之一部或全部是否以外幣發放(請填入「是」或「否」):否
14.外幣現金股利發放幣別:不適用。
15.外幣現金股利發放對象:不適用。
16.外幣現金股利匯率決定方式:不適用。
17.其他應敘明事項:
  (1)115年董事會決議通過發放現金股利新台幣，，係依，流通在外股數292,000,000股計算之。另因115年8月22日
  除權(增資)基準日，盈餘轉發行新股913,960,000股及庫藏股註銷減資基準日
  115年8月21日，流通在外股數變更為，故現
  金股利每股配發金額調整為。
  (2)本次現金股利訂於115年10月13日以匯款或掛號郵寄禁止背書轉讓支票方式發
  放。
  (3)現金股利發放至元為止（元以下捨去），匯費及支票處理費由股東應發股利中
  扣除，倘現金股利總額不足以支付匯費或支票處理費者，僅郵寄通知單，請股東逕
  洽本公司股務代理機構洽領

股票股利
現金股利
總股數人太多...現金股利被稀釋了!

--","1請符合以下文章格式違者41處分
2本分類提供以下幾種文章搬運
        a 每日交易數據相關每日法人買買超融資券交易量
        b 公司重要訊息相關營收股利股東會懶人包法說會內容整理
        c 現有資訊整理相關殖利率排名金融股獲利分布
3請詳閱板規參考相關規定
按ctrly可刪除以上內容

標題公告本公司現金股利除息基準日及調整配股率等相關事宜

來源
公開資訊觀測站
網址
董事會股東會決議或公司決定日期1150904
2除權息類別請填入除權除息或除權息除息
3發放普通股股利種類及金額現金股利新台幣58400000元
 每股配發新臺幣
4除權息交易日115
5最後過戶日1150922
6停止過戶起始日期1150923
7停止過戶截止日期115
8除權息基準日1150927
9債券最後申請轉換日期不適用
10債券停止轉換起始日期不適用
11債券停止轉換截止日期不適用
12普通股現金股利發放日期1151013
13現金股利之一部或全部是否以外幣發放請填入是或否否
14外幣現金股利發放幣別不適用
15外幣現金股利發放對象不適用
16外幣現金股利匯率決定方式不適用
17其他應敘明事項
  1115年董事會決議通過發放現金股利新台幣係依流通在外股數292000000股計算之另因115年8月22日
  除權增資基準日盈餘轉發行新股913960000股及庫藏股註銷減資基準日
  115年8月21日流通在外股數變更為故現
  金股利每股配發金額調整為
  2本次現金股利訂於115年10月13日以匯款或掛號郵寄禁止背書轉讓支票方式發
  放
  3現金股利發放至元為止元以下捨去匯費及支票處理費由股東應發股利中
  扣除倘現金股利總額不足以支付匯費或支票處理費者僅郵寄通知單請股東逕
  洽本公司股務代理機構洽領

股票股利
現金股利
總股數人太多現金股利被稀釋了","['符合', '以下', '文章', '格式', '違者', '41', '處分', '本分', '提供', '以下', '幾種', '文章', '搬運', '每日', '交易', '數據', '相關', '每日', '法人', '超融', '資券', '交易量', '公司', '重要', '訊息', '相關', '營收', '股利', '股東會', '懶人', '包法', '說會', '內容', '整理', '現有', '資訊', '整理', '相關殖', '利率', '排名', '金融股', '獲利', '分布', '請詳', '閱板', '規參考', '相關', '規定', 'ctrly', '刪除', '以上', '內容', '標題', '公告', '公司', '現金', '股利', '除息', '基準', '日及', '調整', '配股', '相關', '事宜', '來源', '公開', '資訊', '觀測', '網址', '董事', '會股', '東會', '決議', '公司', '決定', '日期', '1150904', '除權息', '類別', '填入', '除權', '除息', '權息', '除息', '發放', '普通股', '股利', '種類', '金額', '現金', '股利', '新台幣', '58400000', '每股', '配發', '除權息', '交易日', '115', '最後過', '1150922', '停止', '過戶', '起始', '日期', '1150923', '停止', '過戶', '截止', '日期', '115', '除權息', '基準', '1150927', '債券', '最後申', '轉換', '日期', '適用', '10', '債券', '停止', '轉換', '起始', '日期', '適用', '11', '債券', '停止', '轉換', '截止', '日期', '適用', '12', '普通股', '現金', '股利', '發放', '日期', '1151013', '13', '現金', '股利', '一部', '全部', '是否', '以外', '幣發放', '填入', '否否', '14', '外幣', '現金', '股利', '發放幣', '適用', '15', '外幣', '現金', '股利', '發放', '對象', '適用', '16', '外幣', '現金', '股利', '匯率', '決定', '方式', '適用', '17', '其他', '應敘明', '事項', '1115', '董事', '決議', '通過', '發放現', '股利', '新台幣', '流通', '在外', '股數', '292000000', '股計算', '115', '22', '除權', '增資', '基準', '盈餘轉', '發行', '新股', '913960000', '股及', '庫藏', '115', '21', '流通', '在外', '股數變', '故現', '股利', '每股', '配發', '金額', '調整', '本次', '現金', '股利', '115', '10', '13', '日以', '匯款', '掛號', '禁止', '背書轉', '支票', '方式', '現金', '股利', '發放至', '為止', '以下', '匯費及', '支票', '處理費', '股東', '應發', '股利', '扣除', '倘現', '股利', '總額', '不足以', '支付', '匯費', '支票', '處理費者', '僅郵', '通知', '單請', '洽本', '公司', '股務', '代理', '機構', '洽領', '股票', '股利', '現金', '股利', '總股', '數人', '太多', '現金', '股利', '稀釋']",Positive,0.771761417388916
M.1788510557.A.174,[情報] 3189 景碩 115年8月營收,rz2x,2026-09-04 16:29:15,22,https://www.ptt.cc/bbs/Stock/M.1788510557.A.174.html,"標題：
3189 景碩 115年8月營收

來源：
公開觀測資訊站

網址：


內文：
本年迄今累計營收        去年同期累計營收        累計營收成長率
32,959,684              24,953,219              32.09%
115年08月營收           去年同期月營收          月營收成長率
4,809,631               3,421,382               40.58%
115年07月營收           去年同期月營收          月營收成長率
4,548,833               3,348,367               35.85%
115年06月營收           去年同期月營收          月營收成長率
4,224,069               3,193,580               32.27%
115年05月營收           去年同期月營收          月營收成長率
4,199,867               3,157,305               33.02%


-----------------------
5.73% ^^
在此預言明天平盤

--","標題
3189 景碩 115年8月營收

來源
公開觀測資訊站

網址


內文
本年迄今累計營收        去年同期累計營收        累計營收成長率
32959684              24953219              3209
115年08月營收           去年同期月營收          月營收成長率
4809631               3421382               4058
115年07月營收           去年同期月營收          月營收成長率
4548833               3348367               3585
115年06月營收           去年同期月營收          月營收成長率
4224069               3193580               3227
115年05月營收           去年同期月營收          月營收成長率
4199867               3157305               3302



573 
在此預言明天平盤","['標題', '3189', '景碩', '115', '營收', '來源', '公開', '觀測', '資訊', '網址', '內文', '迄今', '累計', '營收', '去年同期', '累計', '營收', '累計營', '收成', '32959684', '24953219', '3209', '115', '08', '營收', '去年同期', '營收', '月營', '收成', '4809631', '3421382', '4058', '115', '07', '營收', '去年同期', '營收', '月營', '收成', '4548833', '3348367', '3585', '115', '06', '營收', '去年同期', '營收', '月營', '收成', '4224069', '3193580', '3227', '115', '05', '營收', '去年同期', '營收', '月營', '收成', '4199867', '3157305', '3302', '573', '此預', '言明', '天平']",Positive,0.8005868196487427
M.1788510543.A.8E7,[新聞] 獨家／「妖股」掛牌5日漲301%　直衝800元,troy30408,2026-09-04 16:29:00,9,https://www.ptt.cc/bbs/Stock/M.1788510543.A.8E7.html,"獨家／「妖股」掛牌5日漲301%　直衝800元！大股東是標下大谷50轟球的他



2026/09/04 14:54

李宜樺


捷立康生技（7686）8月31日才以參考價200元登錄興櫃，短短5個交易日，股價已經一路
狂飆到今（4）日盤中最高803元，累積漲幅高達301%，個人持股逾49%的大股東劉興漢也
因此被市場封為「少年股神」，成為近期興櫃市場最熱話題。

標大谷50轟球的他　優式資本身分成焦點

外界緊盯這檔興櫃新兵，除了漲勢驚人，也跟大股東身分有關。據悉，捷立康背後有優式
資本入股，這家投資機構正是先前砸下1.41億元標下大谷翔平50轟紀念球而聲名大噪的操
盤方，持股比例約14.21%。優式資本董事長劉興漢個人則持有捷立康約49.47%股份，是公
司最大單一股東。

妖股掛牌僅5日　股價狂飆301%衝800元

捷立康主要從事高分子生醫材料開發，應用在乳房腫瘤術後重建、軟組織填補與支撐，也
跨足醫美市場。股價自9月3日收在600元、單日大漲25.27%之後攻勢未歇，今日盤中一度
衝上800元，換算掛牌以來累積漲幅已來到301%，短短5天股價暴漲逾三倍。

劉興漢坐擁近半股權　少年股神身價水漲船高

隨著股價短短5天暴漲三倍，這位優式資本董事長、同時也是捷立康最大股東的少年股神
，手中持股市值也跟著水漲船高。不過分析師也提醒，興櫃股票籌碼集中、成交量相對有
限，股價波動本來就比集中市場劇烈，投資人若想追高，仍須留意隨時可能出現的獲利了
結賣壓，操作上宜設好停損，避免追在最高點。


興櫃新兵捷立康生技8/31以200元登錄興櫃
短短5個交易日股價就衝到800元
讓最大股東優式資本董事長劉興漢被封為少年股神
這種股票有板友敢碰嗎?
不知道買進會不會變成最後一隻老鼠


--","獨家妖股掛牌5日漲301　直衝800元大股東是標下大谷50轟球的他



20260904 1454

李宜樺


捷立康生技76868月31日才以參考價200元登錄興櫃短短5個交易日股價已經一路
狂飆到今4日盤中最高803元累積漲幅高達301個人持股逾49的大股東劉興漢也
因此被市場封為少年股神成為近期興櫃市場最熱話題

標大谷50轟球的他　優式資本身分成焦點

外界緊盯這檔興櫃新兵除了漲勢驚人也跟大股東身分有關據悉捷立康背後有優式
資本入股這家投資機構正是先前砸下141億元標下大谷翔平50轟紀念球而聲名大噪的操
盤方持股比例約1421優式資本董事長劉興漢個人則持有捷立康約4947股份是公
司最大單一股東

妖股掛牌僅5日　股價狂飆301衝800元

捷立康主要從事高分子生醫材料開發應用在乳房腫瘤術後重建軟組織填補與支撐也
跨足醫美市場股價自9月3日收在600元單日大漲2527之後攻勢未歇今日盤中一度
衝上800元換算掛牌以來累積漲幅已來到301短短5天股價暴漲逾三倍

劉興漢坐擁近半股權　少年股神身價水漲船高

隨著股價短短5天暴漲三倍這位優式資本董事長同時也是捷立康最大股東的少年股神
手中持股市值也跟著水漲船高不過分析師也提醒興櫃股票籌碼集中成交量相對有
限股價波動本來就比集中市場劇烈投資人若想追高仍須留意隨時可能出現的獲利了
結賣壓操作上宜設好停損避免追在最高點


興櫃新兵捷立康生技831以200元登錄興櫃
短短5個交易日股價就衝到800元
讓最大股東優式資本董事長劉興漢被封為少年股神
這種股票有板友敢碰嗎
不知道買進會不會變成最後一隻老鼠","['獨家', '妖股', '掛牌', '日漲', '301', '直衝', '800', '元大股', '東是', '標下', '大谷', '50', '轟球', '20260904', '1454', '李宜', '捷立', '康生', '76868', '31', '日才', '參考價', '200', '登錄', '興櫃', '短短', '交易日', '股價', '已經', '一路', '狂飆', '日盤', '最高', '803', '元累積', '漲幅', '高達', '301', '持股', '49', '股東', '劉興漢', '因此', '市場', '封為', '少年股神', '成為', '近期', '興櫃', '市場', '熱話題', '大谷', '50', '轟球', '優式資', '本身', '分成', '焦點', '外界', '這檔', '興櫃', '新兵', '除了', '漲勢', '驚人', '股東', '身分', '關據悉', '捷立康', '背後有', '優式', '資本', '入股', '這家', '投資', '機構', '正是', '先前', '141', '億元', '標下', '大谷', '翔平', '50', '轟紀念球', '而聲', '名大噪', '盤方', '持股', '比例', '1421', '優式', '資本', '董事', '劉興漢個', '人則', '持有', '捷立', '康約', '4947', '股份', '最大', '一股', '股掛', '牌僅', '股價', '狂飆', '301', '800', '捷立康', '主要', '從事', '高分子', '生醫', '材料', '開發', '應用', '乳房', '腫瘤術', '重建', '軟組織', '填補', '支撐', '跨足', '醫美', '市場', '股價', '日收', '600', '元單', '日大漲', '2527', '之後攻', '今日', '盤中', '一度', '衝上', '800', '元換算', '掛牌', '以來', '累積', '漲幅', '已來', '301', '短短', '天股', '價暴漲', '三倍', '劉興漢', '擁近', '股權', '少年股神', '身價', '水漲', '隨著', '股價', '短短', '天暴漲', '三倍', '這位', '優式', '資本', '董事', '同時', '捷立康', '最大', '股東', '少年股神', '手中', '持股', '市值', '著水漲', '高不過', '分析', '師也', '提醒', '興櫃', '股票', '籌碼', '集中', '成交量', '相對', '限股', '價波動', '本來', '集中', '市場', '劇烈', '投資人', '若想', '追高', '仍須', '留意', '隨時', '可能', '出現', '獲利', '結賣壓', '操作', '宜設', '停損', '避免', '最高', '興櫃', '新兵', '捷立', '康生', '831', '200', '登錄', '興櫃', '短短', '交易日', '股價', '衝到', '800', '最大', '股東', '優式', '資本', '董事', '劉興漢', '封為', '少年股神', '這種', '股票', '有板', '友敢', '知道', '進會', '不會', '變成', '最後一', '老鼠']",Positive,0.9939802885055542
M.1788510367.A.486,[新聞] 打造台灣成為亞洲那斯達克 賴清德：已,keel90135,2026-09-04 16:26:05,0,https://www.ptt.cc/bbs/Stock/M.1788510367.A.486.html,"打造台灣成為亞洲那斯達克 賴清德：已具備發展基礎







2026/09/04



陳熙文



賴清德總統今出席「金融發展與前瞻研討會」時表示，去年台灣創新板新制上路後，開放
更多投資人參與，市場參與度及流動性持續提升。截至今年6月，總成交金額已達到1251
億元，期盼在此基礎上，持續打造亞洲創新籌資平台，讓台灣成為「」。

賴清德總統說，這是他的政見之一，現在已經具備發展基礎。

賴清德總統指出，台灣擁有豐沛的民間資金，也具備世界級的產業實力，現在要進一步提
升金融服務與資產管理能力，讓資金更有效率地支持產業發展，使台灣產業真正做到「
」，並。無論太陽在何地、何時升起
，都能照到台灣的企業。

賴清德總統強調說，政府目前正努力落實亞洲資產管理中心計畫，並指出，政府過去兩年
持續推動法規函令的調適與鬆綁。

賴總統提到，截至今年6月，金融業的資產管理規模已達到46兆元，相較於計畫推動前增
加約14兆元。金融業也持續引導資金投入中小微企業、五大信賴產業、公共建設及能源轉
型。這些成果皆顯示，台灣已經具備發展國際資產管理的扎實基礎。賴總統說，下一階段
，台灣金融要走的路就是深化資產管理、壯大資本市場、擴大跨境服務。

賴總統進一步指出，在資本市場方面，去年台灣創新板新制上路後，開放更多投資人參與
，市場參與度及流動性持續提升。今年累計到6月，總成交金額已達到1251億元，相較於
去年同期成長338%。期盼在此基礎上，持續打造亞洲創新籌資平台，讓有潛力的新創企業
能夠在台灣籌資、成長，也吸引更多國際優質企業來臺掛牌，讓台灣成為「亞洲的那斯達
克」。

賴總統認為說，推動金融市場走向國際，也關係到台灣能否匯聚更多資金與人才。當更多
資產由台灣團隊管理，投資決策、風險管理、專業服務及高品質的工作機會也會留在台灣
。

賴總統指出，金管會主委彭金隆兩年前開始推動亞洲資產管理中心，曾訂下「二年有感、
四年有變、六年有成」的階段目標。如今，「二年有感」已交出初步成果，也正式進入「
四年有變」階段；政府接下來將根據高雄資產管理專區的試辦經驗，為跨境金融、家族辦
公室及創新金融商品等服務建立更完整的規範，並將成熟可行的項目逐步推廣至全國。

賴總統也指出，金管會目前也正研擬制定「金融市場與資產管理發展條例」專法，希望透
過立法，將試辦經驗轉化為長期、穩定且可預期的制度，並在兼顧風險管理與投資人保護
的前提下，讓金融業者可以長期布局。




亞洲那斯達克來啦！

準備超越中國、日本、香港

成為亞洲最大交易所！

全部最創新的交易都在亞洲那斯達克！

立足台灣、布局全球、行銷全世界

日不落國 台灣亞洲那斯達克！

--","打造台灣成為亞洲那斯達克 賴清德已具備發展基礎







20260904



陳熙文



賴清德總統今出席金融發展與前瞻研討會時表示去年台灣創新板新制上路後開放
更多投資人參與市場參與度及流動性持續提升截至今年6月總成交金額已達到1251
億元期盼在此基礎上持續打造亞洲創新籌資平台讓台灣成為

賴清德總統說這是他的政見之一現在已經具備發展基礎

賴清德總統指出台灣擁有豐沛的民間資金也具備世界級的產業實力現在要進一步提
升金融服務與資產管理能力讓資金更有效率地支持產業發展使台灣產業真正做到
並無論太陽在何地何時升起
都能照到台灣的企業

賴清德總統強調說政府目前正努力落實亞洲資產管理中心計畫並指出政府過去兩年
持續推動法規函令的調適與鬆綁

賴總統提到截至今年6月金融業的資產管理規模已達到46兆元相較於計畫推動前增
加約14兆元金融業也持續引導資金投入中小微企業五大信賴產業公共建設及能源轉
型這些成果皆顯示台灣已經具備發展國際資產管理的扎實基礎賴總統說下一階段
台灣金融要走的路就是深化資產管理壯大資本市場擴大跨境服務

賴總統進一步指出在資本市場方面去年台灣創新板新制上路後開放更多投資人參與
市場參與度及流動性持續提升今年累計到6月總成交金額已達到1251億元相較於
去年同期成長338期盼在此基礎上持續打造亞洲創新籌資平台讓有潛力的新創企業
能夠在台灣籌資成長也吸引更多國際優質企業來臺掛牌讓台灣成為亞洲的那斯達
克

賴總統認為說推動金融市場走向國際也關係到台灣能否匯聚更多資金與人才當更多
資產由台灣團隊管理投資決策風險管理專業服務及高品質的工作機會也會留在台灣


賴總統指出金管會主委彭金隆兩年前開始推動亞洲資產管理中心曾訂下二年有感
四年有變六年有成的階段目標如今二年有感已交出初步成果也正式進入
四年有變階段政府接下來將根據高雄資產管理專區的試辦經驗為跨境金融家族辦
公室及創新金融商品等服務建立更完整的規範並將成熟可行的項目逐步推廣至全國

賴總統也指出金管會目前也正研擬制定金融市場與資產管理發展條例專法希望透
過立法將試辦經驗轉化為長期穩定且可預期的制度並在兼顧風險管理與投資人保護
的前提下讓金融業者可以長期布局




亞洲那斯達克來啦

準備超越中國日本香港

成為亞洲最大交易所

全部最創新的交易都在亞洲那斯達克

立足台灣布局全球行銷全世界

日不落國 台灣亞洲那斯達克","['打造', '台灣成', '亞洲', '那斯達克', '賴清德', '具備', '發展', '基礎', '20260904', '熙文', '賴清德', '總統', '出席', '金融', '發展', '前瞻', '研討會', '表示', '去年', '台灣', '創新板', '新制', '上路', '開放', '更多', '投資人', '參與', '市場', '參與度', '流動性', '持續', '提升', '截至', '今年', '成交', '金額', '1251', '億元', '期盼', '基礎', '持續', '打造', '亞洲', '創新', '籌資', '平台', '台灣成', '賴清德', '總統', '這是', '政見', '之一', '現在', '已經', '具備', '發展', '基礎', '賴清德', '總統', '指出', '台灣', '擁有', '豐沛', '民間', '資金', '具備', '世界', '產業', '實力現', '一步', '金融', '服務', '資產', '管理', '能力', '資金', '有效率', '支持', '產業', '發展', '台灣產業', '真正', '做到', '並無論', '太陽', '何地何', '升起', '照到', '台灣', '企業', '賴清德', '總統', '強調', '政府', '目前', '努力', '落實亞洲', '資產', '管理中心', '計畫並', '指出', '政府', '過去', '兩年', '持續', '推動', '法規', '函令', '調適', '賴總統', '提到', '截至', '今年', '金融', '業的', '資產', '管理', '規模', '46', '兆元', '相較', '計畫', '推動', '前增', '加約', '14', '兆元', '金融', '業也', '持續', '引導', '資金', '投入', '中小', '微企業', '五大', '信賴產業', '公共', '建設', '能源', '這些', '成果', '顯示', '台灣', '已經', '具備', '發展', '國際', '資產', '管理', '實基礎', '賴總統', '一階段', '台灣', '金融', '就是', '深化', '資產', '管理', '壯大資', '本市', '場擴', '跨境', '服務', '賴總統', '一步', '指出', '在資', '本市', '方面', '去年', '台灣', '創新板', '新制', '上路', '開放', '投資人', '市場', '參與度', '流動性', '持續', '提升', '今年', '累計', '成交', '金額', '1251', '億元', '相較', '去年同期', '成長', '338', '期盼', '基礎', '持續', '打造', '亞洲', '創新', '籌資', '平台', '潛力', '創企業', '能夠', '台灣', '籌資', '成長', '吸引', '更多國際', '優質', '企業', '掛牌', '台灣成', '亞洲', '那斯達', '賴總統', '認為', '推動', '金融', '市場', '走向', '國際', '也關', '台灣', '能否', '匯聚', '資金', '人才', '當更多', '資產', '台灣', '團隊', '管理', '投資', '決策', '風險', '管理', '專業', '服務及', '高品質', '工作', '機會', '留在', '台灣', '賴總統', '指出', '金管會', '主委', '彭金隆', '年前', '開始', '推動亞洲', '資產', '管理中心', '曾訂', '二年', '有感', '四年', '有變', '六年', '有成', '階段', '目標', '如今', '二年', '有感', '交出', '初步', '成果', '正式', '進入', '四年', '變階段', '政府', '接下', '來將', '根據', '高雄', '資產', '管理', '專區', '試辦', '經驗', '跨境', '金融', '家族', '公室', '創新', '金融', '商品', '服務', '建立', '完整', '規範', '並將', '成熟', '可行', '項目', '逐步', '推廣至', '全國', '賴總統', '指出', '金管會', '目前', '研擬', '制定', '金融', '市場', '資產', '管理', '發展', '條例', '專法', '希望', '立法', '將試', '辦經驗', '轉化', '穩定', '預期', '制度', '並在', '顧風險', '管理', '投資人', '保護', '前提', '金融', '業者', '可以', '布局', '亞洲', '那斯達克來', '準備', '超越', '中國', '日本', '香港', '成為', '亞洲', '最大', '交易所', '全部', '最創', '交易', '亞洲', '那斯達克', '立足', '台灣', '布局', '全球', '行銷', '全世界', '日不落', '台灣亞洲', '那斯達克']",Positive,0.9963396787643433
M.1788509797.A.2E3,[情報] 0904 上市外資買賣超排行,saber50116,2026-09-04 16:16:35,46,https://www.ptt.cc/bbs/Stock/M.1788509797.A.2E3.html,"1. 標題：外資買賣超排行

2. 來源：台灣證交所

3. 網址：

4. 內文：

買超


2       00403A  統一升級50    33,974





8       00878   國泰永續高股息  16,022

10      2892    第一金  14,323
11      2353    宏碁    14,303
12      2356    英業達  13,444
13      2886    兆豐金  13,042,
14      0050    元大台灣50      12,906

16      00988A  統一全球創新  12,216
17      00990A  元大AI新經濟  11,567
18      2426    鼎元    11,198
19      2377    微星    10,951
20      00406A  中信台灣收益  10,804
21      0056    元大高股息      10,531

23      2883    凱基金  10,007
24      3714    富采    9,578,
25      4938    和碩    9,303
26      00919   群益台灣精選高息        8,881
27      2884    玉山金  8,186
28      2885    元大金  7,943,
29      5880    合庫金  7,784
30      009824  群益美國科技巨頭        6,986,
31      00405A  富邦台灣龍耀  6,885
32      2889    國票金  6,722,
33      00940   元大台灣價值高息        5,482

35      2312    金寶    5,308,
36      2891    中信金  5,083
37      00982A  群益台灣強棒  4,946


40      2388    威盛    4,346
41      6271    同欣電  4,342
42      2880    華南金  3,976,
43      00881   國泰台灣科技龍頭        3,931
44      00981A  統一台股增長  3,898
45      2313    華通    3,876
46      00753L  中信中國50正2   3,856
47      2352    佳世達  3,795,
48      00409A  復華全球50    3,547
49      2347    聯強    3,537,
50      0052    富邦科技        3,411

賣超

1       2834    臺企銀  -19,378
2       3481    群創    -16,944

4       2409    友達    -14,772
5       2481    強茂    -14,570
6       2603    長榮    -8,088
7       4958    臻鼎-KY -7,534
8       2801    彰銀    -6,872
9       1303    南亞    -5,624
10      1101    台泥    -5,210
11      3006    晶豪科  -5,051
12      2449    京元電子        -4,993
13      2027    大成鋼  -4,372
14      1314    中石化  -3,873
15      8039    台虹    -3,816
16      3711    日月光投控      -3,581,
17      2887I   台新新光辛特    -3,498
18      009828  中信台日韓PCB   -3,421
19      00953B  群益優選非投等債        -2,996
20      1312    國喬    -2,967,
21      2542    興富發  -2,882,
22      00407A  主動凱基台灣    -2,567
23      2618    長榮航  -2,466,
24      8150    南茂    -2,380
25      2323    中環    -2,345,
26      3036    文曄    -2,273,
27      1326    台化    -2,269
28      5608    四維航  -2,199,
29      2486    一詮    -2,088
30      2498    宏達電  -2,077
31      6257    矽格    -2,040,
32      2897    王道銀行        -1,938
33      6505    台塑化  -1,903,
34      6919    康霈*   -1,854,
35      5871    中租-KY -1,844
36      9105    泰金寶-DR       -1,820,
37      1710    東聯    -1,785
38      1717    長興    -1,704,
39      2812    台中銀  -1,689,
40      2633    台灣高鐵        -1,675,
41      2201    裕隆    -1,655
42      2890    永豐金  -1,641,
43      9933    中鼎    -1,531,
44      1102    亞泥    -1,502
45      1802    台玻    -1,489,
46      3030    德律    -1,471,
47      2368    金像電  -1,463
48      1440    南紡    -1,443,
49      8112    至上    -1,420,
50      2845    遠東銀  -1,406

--","1 標題外資買賣超排行

2 來源台灣證交所

3 網址

4 內文

買超


2       00403A  統一升級50    33974





8       00878   國泰永續高股息  16022

10      2892    第一金  14323
11      2353    宏碁    14303
12      2356    英業達  13444
13      2886    兆豐金  13042
14      0050    元大台灣50      12906

16      00988A  統一全球創新  12216
17      00990A  元大AI新經濟  11567
18      2426    鼎元    11198
19      2377    微星    10951
20      00406A  中信台灣收益  10804
21      0056    元大高股息      10531

23      2883    凱基金  10007
24      3714    富采    9578
25      4938    和碩    9303
26      00919   群益台灣精選高息        8881
27      2884    玉山金  8186
28      2885    元大金  7943
29      5880    合庫金  7784
30      009824  群益美國科技巨頭        6986
31      00405A  富邦台灣龍耀  6885
32      2889    國票金  6722
33      00940   元大台灣價值高息        5482

35      2312    金寶    5308
36      2891    中信金  5083
37      00982A  群益台灣強棒  4946


40      2388    威盛    4346
41      6271    同欣電  4342
42      2880    華南金  3976
43      00881   國泰台灣科技龍頭        3931
44      00981A  統一台股增長  3898
45      2313    華通    3876
46      00753L  中信中國50正2   3856
47      2352    佳世達  3795
48      00409A  復華全球50    3547
49      2347    聯強    3537
50      0052    富邦科技        3411

賣超

1       2834    臺企銀  19378
2       3481    群創    16944

4       2409    友達    14772
5       2481    強茂    14570
6       2603    長榮    8088
7       4958    臻鼎KY 7534
8       2801    彰銀    6872
9       1303    南亞    5624
10      1101    台泥    5210
11      3006    晶豪科  5051
12      2449    京元電子        4993
13      2027    大成鋼  4372
14      1314    中石化  3873
15      8039    台虹    3816
16      3711    日月光投控      3581
17      2887I   台新新光辛特    3498
18      009828  中信台日韓PCB   3421
19      00953B  群益優選非投等債        2996
20      1312    國喬    2967
21      2542    興富發  2882
22      00407A  主動凱基台灣    2567
23      2618    長榮航  2466
24      8150    南茂    2380
25      2323    中環    2345
26      3036    文曄    2273
27      1326    台化    2269
28      5608    四維航  2199
29      2486    一詮    2088
30      2498    宏達電  2077
31      6257    矽格    2040
32      2897    王道銀行        1938
33      6505    台塑化  1903
34      6919    康霈   1854
35      5871    中租KY 1844
36      9105    泰金寶DR       1820
37      1710    東聯    1785
38      1717    長興    1704
39      2812    台中銀  1689
40      2633    台灣高鐵        1675
41      2201    裕隆    1655
42      2890    永豐金  1641
43      9933    中鼎    1531
44      1102    亞泥    1502
45      1802    台玻    1489
46      3030    德律    1471
47      2368    金像電  1463
48      1440    南紡    1443
49      8112    至上    1420
50      2845    遠東銀  1406","['標題', '外資', '排行', '來源', '台灣', '證交所', '網址', '內文', '買超', '00403A', '統一升級', '50', '33974', '00878', '國泰永續', '股息', '16022', '10', '2892', '第一', '14323', '11', '2353', '宏碁', '14303', '12', '2356', '英業', '13444', '13', '2886', '豐金', '13042', '14', '0050', '元大台灣', '50', '12906', '16', '00988A', '統一', '全球', '創新', '12216', '17', '00990A', '元大', 'AI', '新經濟', '11567', '18', '2426', '鼎元', '11198', '19', '2377', '微星', '10951', '20', '00406A', '中信', '台灣', '收益', '10804', '21', '0056', '元大高', '股息', '10531', '23', '2883', '基金', '10007', '24', '3714', '富采', '9578', '25', '4938', '9303', '26', '00919', '群益', '台灣', '精選', '高息', '8881', '27', '2884', '玉山', '8186', '28', '2885', '元大金', '7943', '29', '5880', '合庫', '7784', '30', '009824', '群益', '美國', '科技', '巨頭', '6986', '31', '00405A', '富邦', '台灣龍耀', '6885', '32', '2889', '國票', '6722', '33', '00940', '元大台灣', '價值', '高息', '5482', '35', '2312', '金寶', '5308', '36', '2891', '中信', '5083', '37', '00982A', '群益', '台灣', '強棒', '4946', '40', '2388', '威盛', '4346', '41', '6271', '同欣電', '4342', '42', '2880', '華南金', '3976', '43', '00881', '國泰台灣', '科技', '龍頭', '3931', '44', '00981A', '一台', '增長', '3898', '45', '2313', '華通', '3876', '46', '00753L', '中信', '中國', '50', '3856', '47', '2352', '佳世達', '3795', '48', '00409A', '全球', '50', '3547', '49', '2347', '聯強', '3537', '50', '0052', '富邦', '科技', '3411', '賣超', '2834', '企銀', '19378', '3481', '群創', '16944', '2409', '友達', '14772', '2481', '強茂', '14570', '2603', '8088', '4958', 'KY', '7534', '2801', '彰銀', '6872', '1303', '南亞', '5624', '10', '1101', '台泥', '5210', '11', '3006', '晶豪科', '5051', '12', '2449', '京元', '電子', '4993', '13', '2027', '大成', '4372', '14', '1314', '中石化', '3873', '15', '8039', '台虹', '3816', '16', '3711', '月光', '投控', '3581', '17', '2887I', '台新', '新光', '辛特', '3498', '18', '009828', '中信', '台日韓', 'PCB', '3421', '19', '00953B', '群益', '優選非', '投等債', '2996', '20', '1312', '國喬', '2967', '21', '2542', '興富發', '2882', '22', '00407A', '主動凱', '基台灣', '2567', '23', '2618', '榮航', '2466', '24', '8150', '南茂', '2380', '25', '2323', '中環', '2345', '26', '3036', '文曄', '2273', '27', '1326', '台化', '2269', '28', '5608', '四維航', '2199', '29', '2486', '一詮', '2088', '30', '2498', '宏達電', '2077', '31', '6257', '矽格', '2040', '32', '2897', '王道', '銀行', '1938', '33', '6505', '塑化', '1903', '34', '6919', '康霈', '1854', '35', '5871', '中租', 'KY', '1844', '36', '9105', '泰金', 'DR', '1820', '37', '1710', '東聯', '1785', '38', '1717', '1704', '39', '2812', '台中', '1689', '40', '2633', '台灣', '高鐵', '1675', '41', '2201', '裕隆', '1655', '42', '2890', '永豐金', '1641', '43', '9933', '中鼎', '1531', '44', '1102', '亞泥', '1502', '45', '1802', '1489', '46', '3030', '德律', '1471', '47', '2368', '金像', '1463', '48', '1440', '南紡', '1443', '49', '8112', '至上', '1420', '50', '2845', '遠東', '1406']",Positive,0.8688170313835144
M.1788509089.A.936,[新聞] 焦點股》富喬：急拉創天價 獲利了結出籠,ann16,2026-09-04 16:04:47,0,https://www.ptt.cc/bbs/Stock/M.1788509089.A.936.html,"焦點股》富喬：急拉創天價 獲利了結出籠





2026/09/03 09:51




卓怡君



〔記者卓怡君／台北報導〕玻纖布廠富喬（1815）受惠高階玻纖布價格一路上揚，帶動營收
大幅成長，外資看好，隨著玻纖布規格升級與產能受限，富喬高階Low LDK2玻纖布（高頻高
速低耗損材料）營收貢獻持續提高，明年開始逐步將中國工廠轉向Low DK產品，Low LDK2玻
纖布價格是Low LDK1玻纖布的2.5倍，有助營收與獲利同步提升，富喬近期獲得內外資法人
同步加碼，今日早盤股價急拉，再創掛牌新高。

富喬今日一早股價急拉，一度來到139.5元創下新高，隨即出現賣壓急殺，截至9:22分左右
，富喬股價上漲0.76%，暫報132元，成交量逾3.5萬張，上下震幅達6.49%。



富喬7月合併營收達8.54億元，年增68.11%，再創歷史新高，展現高階電子級玻纖布供不應
求的市況。隨著AI伺服器、高速交換器及800G以上網通設備需求持續升級，高階Low Dk／Lo
w CTE玻纖布產品滲透率提升，加上報價上揚與產品組合優化，帶動營收與獲利同步成長。

富喬表示，次世代Low DK2（高頻高速低耗損材料）產品出貨比重將持續上升，今年先進製
程產品占產能比重目標提升至70%，Low DK1與Low DK2產品持續擴產，相關效益可望逐季反
映於營收與獲利表現。







從我公開在本版發文100元進場
股價一直創新高

這兩天創高壓回


目前持股還沒跑

 滿手富喬難道要跌回100讓我賠錢了嗎？


有人跑了嗎？底下留言賺錢出場
哈哈哈




--



嫉妒嗎
哈哈好喔

我還在
發文吹才有人救

你的言論開多還是看空 到底在說什麼？
水尬

爬文都有 不要整天跳針 看壞可以去空
我沒在怕

你怎盜不到 因為不是你的阿哈哈

昨天創新高
請問你怎操作

八月富喬營收我預估挑戰10億元

跌破用力買阿！
會不會 都上看2000了
911剩下900不買 噴回1000？要幫我抬轎？","焦點股富喬急拉創天價 獲利了結出籠





20260903 0951




卓怡君



記者卓怡君台北報導玻纖布廠富喬1815受惠高階玻纖布價格一路上揚帶動營收
大幅成長外資看好隨著玻纖布規格升級與產能受限富喬高階Low LDK2玻纖布高頻高
速低耗損材料營收貢獻持續提高明年開始逐步將中國工廠轉向Low DK產品Low LDK2玻
纖布價格是Low LDK1玻纖布的25倍有助營收與獲利同步提升富喬近期獲得內外資法人
同步加碼今日早盤股價急拉再創掛牌新高

富喬今日一早股價急拉一度來到1395元創下新高隨即出現賣壓急殺截至922分左右
富喬股價上漲076暫報132元成交量逾35萬張上下震幅達649



富喬7月合併營收達854億元年增6811再創歷史新高展現高階電子級玻纖布供不應
求的市況隨著AI伺服器高速交換器及800G以上網通設備需求持續升級高階Low DkLo
w CTE玻纖布產品滲透率提升加上報價上揚與產品組合優化帶動營收與獲利同步成長

富喬表示次世代Low DK2高頻高速低耗損材料產品出貨比重將持續上升今年先進製
程產品占產能比重目標提升至70Low DK1與Low DK2產品持續擴產相關效益可望逐季反
映於營收與獲利表現







從我公開在本版發文100元進場
股價一直創新高

這兩天創高壓回


目前持股還沒跑

 滿手富喬難道要跌回100讓我賠錢了嗎


有人跑了嗎底下留言賺錢出場
哈哈哈








嫉妒嗎
哈哈好喔

我還在
發文吹才有人救

你的言論開多還是看空 到底在說什麼
水尬

爬文都有 不要整天跳針 看壞可以去空
我沒在怕

你怎盜不到 因為不是你的阿哈哈

昨天創新高
請問你怎操作

八月富喬營收我預估挑戰10億元

跌破用力買阿
會不會 都上看2000了
911剩下900不買 噴回1000要幫我抬轎","['焦點', '股富喬', '急拉', '創天價', '獲利', '結出', '20260903', '0951', '卓怡君', '記者', '卓怡君', '台北', '報導', '玻纖布廠', '富喬', '1815', '受惠', '高階玻纖布', '價格', '一路上', '揚帶', '動營收', '大幅', '成長', '外資', '看好', '隨著', '玻纖布', '規格', '升級', '產能', '受限', '富喬', '高階', 'Low', 'LDK2', '玻纖布', '高頻', '低耗', '材料', '營收', '貢獻持續', '提高', '明年', '開始', '逐步', '將中國', '工廠', '轉向', 'Low', 'DK', '產品', 'Low', 'LDK2', '纖布', '價格', 'Low', 'LDK1', '玻纖布', '25', '有助', '營收', '獲利', '同步', '提升', '富喬', '近期', '獲得', '外資', '法人', '同步', '加碼', '今日', '早盤', '股價', '急拉', '創掛牌', '新高', '富喬', '今日', '一早', '股價', '急拉', '一度', '1395', '創下', '新高', '隨即', '出現', '壓急', '截至', '922', '左右', '富喬股', '價上', '076', '暫報', '132', '成交量', '35', '萬張', '上下', '震幅', '649', '富喬', '月合', '營收達', '854', '元年', '6811', '再創', '歷史', '新高', '展現', '高階電子級', '玻纖布供', '不應', '市況', '隨著', 'AI', '伺服器', '高速', '交換器', '800G', '以上', '網通', '設備', '需求', '持續', '升級', '高階', 'Low', 'DkLo', 'CTE', '玻纖布', '產品', '滲透率', '提升', '加上', '報價', '上揚', '產品', '組合', '優化', '帶動', '營收', '獲利', '同步', '成長', '富喬', '表示', '次世代', 'Low', 'DK2', '高頻', '高速', '低耗', '材料', '產品', '出貨', '比重', '將持續', '上升', '今年', '程產品', '占產能', '比重', '目標', '提升', '70Low', 'DK1', 'Low', 'DK2', '產品', '持續', '擴產', '相關', '效益', '可望', '逐季', '營收', '獲利表現', '公開', '本版', '發文', '100', '進場', '股價', '一直', '新高', '這兩天', '創高壓', '目前', '持股', '還沒跑', '滿手', '富喬難', '100', '賠錢', '有人', '底下', '留言', '出場', '哈哈哈', '嫉妒', '哈哈', '還在', '發文', '有人', '言論', '開多', '還是', '看空', '到底', '什麼', '水尬', '爬文', '不要', '整天', '跳針', '看壞', '可以', '怎盜', '不到', '因為', '不是', '哈哈', '昨天', '新高', '請問', '操作', '八月', '富喬營', '預估', '挑戰', '10', '億元', '跌破', '用力', '會不會', '2000', '911', '剩下', '900', '不買', '噴回', '1000']",Positive,0.9938753247261047
M.1788508754.A.398,[新聞] SCFI連6漲！長榮、陽明、萬海...Q3都穩,ann16,2026-09-04 15:59:12,21,https://www.ptt.cc/bbs/Stock/M.1788508754.A.398.html,"SCFI連6漲！長榮、陽明、萬海...Q3都穩了 巴拿馬運河降載效應有多大？5
檔
海運股目標價1次看





15:22 2026-09-04

李宗莉

最新1期SCFI連6漲！本周續漲80.52點至3590.05點，漲幅2.29%。法人指出，8
月
以來運價持續上漲，除長榮(2603)、陽明(2609)、萬海(2615)等貨櫃3雄第3季獲利可望上
修
空間。

散裝航運部分，則因巴拿馬運河通行受限，影響巴拿馬型及中小型船舶周轉效率，加上9
月
起西非雨季結束後鐵礦砂及鋁土礦出口可望增加，以及第4季進入北美穀物旺季，供需結
構
持續有利運價，慧洋-KY(2637)、裕民(2606)同獲看好。

SCFI持續刷新25個月以來新高，讓法人對貨櫃及散裝航運維持正向看法。在5檔海運股的
目
標價部分，以長榮280元最高，萬海134元次之，慧洋-KY則是有問挑戰百元大關。

美東線運價維持逾1萬美元高檔

統一投顧表示，近期全球航運市場受到極端氣候及地緣政治雙重影響，巴拿馬運河水位下
降
，9/3後每日通行量由36艘逐步降至34艘、32艘，加上紅海、黑海等航道安全風險升溫，
使
船舶周轉效率下降、有效運力受到限制，整體事件面有利運價維持高檔。

此外，由於巴拿馬運河為亞洲至美東重要航路，通行量下降將拉長船舶周轉時間，加上航
商
持續透過取消航次調節運力，預期短期美東線運價維持高檔，長榮、陽明及萬海均可受惠
；
近洋線則受到天氣及塞港影響，萬海受惠程度相對較高。


考量8月以來運價持續上漲，預期第3季獲利仍有上修空間，維持貨櫃3雄「買進」評等，
目
標價分別為280元、76元及134元。

散裝雙雄迎Q4穀物旺季

至於散裝航運方面，巴拿馬運河通行受限將影響巴拿馬型及中小型船舶周轉效率，加上9
月
起西非雨季結束後鐵礦砂及鋁土礦出口可望增加，第4季再進入北美穀物旺季，供需結構
持
續有利運價。

其中，慧洋-KY主力為中小型船舶，且高比例採指數連結或現貨租約，運價上漲時獲利彈
性
較高；裕民則受惠巴西與西非鐵礦砂支撐大型船需求，後續亦可望受惠穀物旺季。

考量散裝需求維持穩健，且航道受限進一步降低有效運力，維持慧洋-KY及裕民買進評等
，
目標價分別為100元、81元。

萬海南美線漲價紅利大

華南投顧則指，從航商營收結構與航線配置來看，相較於長榮與陽明主力高度集中在歐美
主
幹線，萬海在南美洲航線的營收與運力，佔比相對顯著。

隨全球航運節點受阻，引發運力連鎖排擠效應，南美等利基航線的有效供給，同步遭到壓
縮
，加上船舶周轉拉長帶動運價水漲船高，使深耕南美市場的萬海，更有機會精準受惠這波
特
定航線的漲價紅利。


另一方面，地緣政治風險已成為左右當前全球海運價格的核心推手，美伊戰火重燃疊加紅
海
未解的安全危機，迫使大量船隻繞行好望角，加上巴拿馬運河通航受限，全球航運咽喉接
連
受挫，大幅消耗市場有效運力。

目前美伊戰爭持續，航程拉長與燃油成本攀升，正逢下半年傳統拉貨旺季，市場對有效運
力
短缺的預期迅速升溫，也讓近期貨櫃與散裝航運調漲運價、加收附加費用的消息時有所聞
，
因此整體運價情況，受地緣政治與國際情勢影響甚大。

貨櫃運價4Q有回落壓力

華南不忘提醒，若時間拉長來看，各家國際海運公司2026年下半年及2027年運力持續增加
，
運力緊俏將逐步緩解，也將壓抑運價漲勢，對於船運公司的獲利，也將產生負面影響。

中信投顧也指，第3季為貨櫃航運的傳統旺季，預期運價仍可維持高檔，近期雖貨量仍在
高
檔，但搶運潮已稍有降溫，4Q後缺乏季節性需求支撐，市場預期運價將面臨回落壓力。


另外，近期調研機構表示，集運船公司因競爭壓力可能將加速重返蘇伊士運河，原本因繞
道
而緊繃的全球海運產能與運價失去或將支撐，建議對貨櫃3雄採取區間操作為主。


運價再創新高
好險滿手船票
有人這幾週亂賣船票的嗎？

歡迎一起上船 享受送分體波段操作






--


我還分泌體
謝謝阿
拜託吹起來
長榮最新標的 目標一千元
偶們
都有分享
你怎麼知道我沒錢阿！


長期投資航運現在股息都兩三百萬起跳了 不用工作
大哥我是米老鼠

有些人好怕別人沒跟到賺錢
一直在說別上船 真的可愛

p,謝謝你 這裡很多人看到航運就只會咕嚕咕嚕 完全怕人上船 送分題還在那裡亂喊

我今天也槓桿進場華邦電了 一起壯大

知道長榮為何創高後股價現在跌不到10%嗎？
因為準備再創新高

等你看到運價一直創高 你才會知道股價噴出來
這波運價大漲萬海上200沒違和感
準備創高 搭配運價","SCFI連6漲長榮陽明萬海Q3都穩了 巴拿馬運河降載效應有多大5
檔
海運股目標價1次看





1522 20260904

李宗莉

最新1期SCFI連6漲本周續漲8052點至359005點漲幅229法人指出8
月
以來運價持續上漲除長榮2603陽明2609萬海2615等貨櫃3雄第3季獲利可望上
修
空間

散裝航運部分則因巴拿馬運河通行受限影響巴拿馬型及中小型船舶周轉效率加上9
月
起西非雨季結束後鐵礦砂及鋁土礦出口可望增加以及第4季進入北美穀物旺季供需結
構
持續有利運價慧洋KY2637裕民2606同獲看好

SCFI持續刷新25個月以來新高讓法人對貨櫃及散裝航運維持正向看法在5檔海運股的
目
標價部分以長榮280元最高萬海134元次之慧洋KY則是有問挑戰百元大關

美東線運價維持逾1萬美元高檔

統一投顧表示近期全球航運市場受到極端氣候及地緣政治雙重影響巴拿馬運河水位下
降
93後每日通行量由36艘逐步降至34艘32艘加上紅海黑海等航道安全風險升溫
使
船舶周轉效率下降有效運力受到限制整體事件面有利運價維持高檔

此外由於巴拿馬運河為亞洲至美東重要航路通行量下降將拉長船舶周轉時間加上航
商
持續透過取消航次調節運力預期短期美東線運價維持高檔長榮陽明及萬海均可受惠

近洋線則受到天氣及塞港影響萬海受惠程度相對較高


考量8月以來運價持續上漲預期第3季獲利仍有上修空間維持貨櫃3雄買進評等
目
標價分別為280元76元及134元

散裝雙雄迎Q4穀物旺季

至於散裝航運方面巴拿馬運河通行受限將影響巴拿馬型及中小型船舶周轉效率加上9
月
起西非雨季結束後鐵礦砂及鋁土礦出口可望增加第4季再進入北美穀物旺季供需結構
持
續有利運價

其中慧洋KY主力為中小型船舶且高比例採指數連結或現貨租約運價上漲時獲利彈
性
較高裕民則受惠巴西與西非鐵礦砂支撐大型船需求後續亦可望受惠穀物旺季

考量散裝需求維持穩健且航道受限進一步降低有效運力維持慧洋KY及裕民買進評等

目標價分別為100元81元

萬海南美線漲價紅利大

華南投顧則指從航商營收結構與航線配置來看相較於長榮與陽明主力高度集中在歐美
主
幹線萬海在南美洲航線的營收與運力佔比相對顯著

隨全球航運節點受阻引發運力連鎖排擠效應南美等利基航線的有效供給同步遭到壓
縮
加上船舶周轉拉長帶動運價水漲船高使深耕南美市場的萬海更有機會精準受惠這波
特
定航線的漲價紅利


另一方面地緣政治風險已成為左右當前全球海運價格的核心推手美伊戰火重燃疊加紅
海
未解的安全危機迫使大量船隻繞行好望角加上巴拿馬運河通航受限全球航運咽喉接
連
受挫大幅消耗市場有效運力

目前美伊戰爭持續航程拉長與燃油成本攀升正逢下半年傳統拉貨旺季市場對有效運
力
短缺的預期迅速升溫也讓近期貨櫃與散裝航運調漲運價加收附加費用的消息時有所聞

因此整體運價情況受地緣政治與國際情勢影響甚大

貨櫃運價4Q有回落壓力

華南不忘提醒若時間拉長來看各家國際海運公司2026年下半年及2027年運力持續增加

運力緊俏將逐步緩解也將壓抑運價漲勢對於船運公司的獲利也將產生負面影響

中信投顧也指第3季為貨櫃航運的傳統旺季預期運價仍可維持高檔近期雖貨量仍在
高
檔但搶運潮已稍有降溫4Q後缺乏季節性需求支撐市場預期運價將面臨回落壓力


另外近期調研機構表示集運船公司因競爭壓力可能將加速重返蘇伊士運河原本因繞
道
而緊繃的全球海運產能與運價失去或將支撐建議對貨櫃3雄採取區間操作為主


運價再創新高
好險滿手船票
有人這幾週亂賣船票的嗎

歡迎一起上船 享受送分體波段操作









我還分泌體
謝謝阿
拜託吹起來
長榮最新標的 目標一千元
偶們
都有分享
你怎麼知道我沒錢阿


長期投資航運現在股息都兩三百萬起跳了 不用工作
大哥我是米老鼠

有些人好怕別人沒跟到賺錢
一直在說別上船 真的可愛

p謝謝你 這裡很多人看到航運就只會咕嚕咕嚕 完全怕人上船 送分題還在那裡亂喊

我今天也槓桿進場華邦電了 一起壯大

知道長榮為何創高後股價現在跌不到10嗎
因為準備再創新高

等你看到運價一直創高 你才會知道股價噴出來
這波運價大漲萬海上200沒違和感
準備創高 搭配運價","['SCFI', '漲長', '榮陽明', '萬海', 'Q3', '巴拿馬', '運河', '降載', '效應', '海運', '股目', '標價', '1522', '20260904', '李宗莉', '最新', 'SCFI', '本周', '續漲', '8052', '點至', '359005', '點漲', '229', '法人', '指出', '以來', '運價', '持續', '除長', '2603', '陽明', '2609', '萬海', '2615', '貨櫃', '季獲利', '可望', '空間', '散裝', '航運', '部分', '則因', '巴拿馬', '運河', '通行', '受限', '影響', '巴拿馬型', '中小型', '船舶', '周轉', '效率', '加上', '西非', '雨季', '結束', '鐵礦', '砂及', '鋁土礦', '出口', '可望', '增加', '以及', '季進入', '北美', '旺季', '供需', '持續', '有利', '運價慧洋', 'KY2637', '裕民', '2606', '同獲', '看好', 'SCFI', '持續', '刷新', '25', '以來', '新高', '法人', '貨櫃', '散裝', '航運維持', '正向', '看法', '檔海', '運股', '標價', '部分', '以長', '280', '最高', '萬海', '134', '次之', '慧洋', 'KY', '則是', '有問', '挑戰', '百元', '大關', '美東線', '運價維持', '美元', '高檔', '統一', '投顧', '表示', '近期', '全球', '航運', '市場', '受到', '極端', '氣候', '地緣', '政治', '重影', '響巴拿馬運', '河水', '位下', '93', '每日', '通行', '36', '逐步', '降至', '34', '32', '加上', '紅海', '黑海', '航道', '安全', '風險', '升溫', '船舶', '周轉', '效率', '下降', '有效', '運力', '受到限制', '整體', '事件', '有利', '運價維持', '高檔', '此外', '巴拿馬', '運河', '亞洲', '美東', '重要', '航路', '通行', '下降', '將拉長', '船舶', '周轉', '時間', '加上', '持續', '透過', '取消', '航次', '調節', '運力', '預期', '短期', '美東線', '運價維持', '檔長', '榮陽明', '萬海均', '受惠', '近洋', '線則', '受到', '天氣', '及塞港', '影響', '萬海', '受惠', '程度', '相對', '考量', '以來', '運價', '持續', '預期', '季獲利', '修空間', '維持', '貨櫃', '雄買', '進評', '標價', '分別', '280', '76', '元及', '134', '散裝', '雙雄迎', 'Q4', '旺季', '至於', '散裝', '航運', '方面', '巴拿馬', '運河', '通行', '受限', '將影響', '巴拿馬型', '中小型', '船舶', '周轉', '效率', '加上', '西非', '雨季', '結束', '鐵礦', '砂及', '鋁土礦', '出口', '可望', '增加', '季再', '進入', '北美', '旺季', '供需', '結構', '有利', '運價', '其中', '慧洋', 'KY', '主力', '中小型', '船舶', '比例', '採指數', '連結', '現貨租', '運價', '漲時', '獲利彈', '裕民', '受惠', '巴西', '西非', '鐵礦砂', '支撐', '大型', '需求', '亦可', '受惠', '旺季', '考量', '散裝', '需求', '維持', '穩健且', '航道', '受限', '一步', '降低', '有效', '運力', '維持', '慧洋', 'KY', '裕民', '進評', '目標', '價分別', '100', '81', '海南', '美線', '價紅利大', '南投', '顧則', '航商', '營收', '結構', '航線', '配置', '看相', '陽明', '主力', '高度集中', '歐美', '幹線', '萬海', '南美洲', '航線', '營收', '運力', '顯著', '全球', '航運', '節點', '受阻', '引發', '運力', '連鎖', '排擠', '效應', '南美', '利基', '航線', '有效', '供給', '同步', '遭到', '加上', '船舶', '周轉拉長', '帶動', '運價', '水漲', '深耕', '南美', '市場', '萬海', '機會', '精準', '受惠', '這波', '定航線', '價紅利', '另一方面', '地緣', '政治', '風險', '已成', '左右', '當前', '全球', '海運價格', '核心', '推手', '美伊戰', '火重', '燃疊', '加紅', '未解', '安全', '危機', '迫使', '大量', '繞行', '好望角', '加上', '巴拿馬', '運河', '通航', '受限', '全球', '航運', '咽喉', '受挫', '大幅', '消耗', '市場', '有效', '運力', '目前', '美伊戰爭', '持續', '航程', '拉長', '燃油', '成本', '攀升', '正逢', '下半年', '傳統拉貨', '旺季', '市場', '有效', '短缺', '預期', '迅速', '升溫', '近期', '貨櫃', '散裝', '航運', '調漲', '運價', '加收', '附加', '費用', '消息', '有所', '因此', '整體', '運價', '情況', '地緣', '政治', '國際', '情勢', '影響', '甚大', '貨櫃', '運價', '4Q', '回落', '壓力', '華南', '提醒', '時間', '拉長', '各家', '國際海運', '公司', '2026', '下半年', '2027', '年運', '力持', '增加', '運力', '緊俏將', '逐步', '緩解', '將壓', '抑運價', '漲勢', '船運', '公司', '獲利', '將產生', '負面', '影響', '中信', '投顧', '季為', '貨櫃', '航運', '傳統', '旺季', '預期', '運價', '可維持', '高檔', '近期', '雖貨量', '運潮', '降溫', '4Q', '缺乏', '季節', '性需求', '支撐', '市場', '預期', '運價將', '面臨', '回落', '壓力', '另外', '近期', '調研', '機構', '表示', '集運船', '公司', '競爭', '壓力', '可能', '加速', '重返', '蘇伊士', '運河', '原本', '因繞', '而緊', '全球', '海運產能', '運價', '失去', '或將', '支撐', '建議', '貨櫃', '雄採', '取區間', '操作', '為主', '運價', '新高', '好險', '滿手', '船票', '有人', '這幾週', '船票', '歡迎', '一起', '上船', '享受', '分體', '波段', '操作', '我還', '分泌', '謝謝', '起來', '最新', '目標', '一千元', '偶們', '分享', '怎麼', '知道', '投資', '航運現', '股息', '三百', '起跳', '不用', '工作', '大哥', '米老鼠', '有些', '人好', '別人', '一直', '上船', '真的', '可愛', '謝謝', '這裡', '很多', '看到', '航運', '只會', '咕嚕', '咕嚕', '完全', '怕人', '上船', '分題', '還在', '那裡', '今天', '槓桿', '進場', '華邦電', '一起', '壯大', '知道', '榮為', '何創', '高後股', '價現', '不到', '10', '因為', '準備', '新高', '看到', '運價', '一直', '創高', '知道', '股價', '噴出', '這波', '運價大漲', '海上', '200', '違和感', '準備', '創高', '搭配', '運價']",Positive,0.9984135627746582
M.1788506919.A.092,[情報] 3081聯亞115年8月營收,ting31823,2026-09-04 15:28:37,26,https://www.ptt.cc/bbs/Stock/M.1788506919.A.092.html,"標題：3081聯亞115年8月營收

來源：公開觀測站

網址：

內文：

本資料由 (上櫃公司) 聯亞 公司提供

民國115年08月
單位：新台幣仟元
項目    營業收入淨額
本月：               520,469
去年同期：      185,285
增減金額：      335,184
增減百分比：    
本年累計：      3,147,247
去年累計：      1,374,127
增減金額：      1,773,120
增減百分比：    
備註/營收變化原因說明：



營收站穩5E，今年是不是營收見頂了呢？

今日收3170還原股價3487

樓下幫算PE






--","標題3081聯亞115年8月營收

來源公開觀測站

網址

內文

本資料由 上櫃公司 聯亞 公司提供

民國115年08月
單位新台幣仟元
項目    營業收入淨額
本月               520469
去年同期      185285
增減金額      335184
增減百分比    
本年累計      3147247
去年累計      1374127
增減金額      1773120
增減百分比    
備註營收變化原因說明



營收站穩5E今年是不是營收見頂了呢

今日收3170還原股價3487

樓下幫算PE","['標題', '3081', '聯亞', '115', '營收', '來源', '公開', '觀測', '網址', '內文', '本資料', '上櫃', '公司', '聯亞', '公司', '提供', '民國', '115', '08', '單位', '台幣', '項目', '營業', '收入', '淨額', '本月', '520469', '去年同期', '185285', '增減', '金額', '335184', '增減', '百分比', '本年', '累計', '3147247', '去年', '累計', '1374127', '增減', '金額', '1773120', '增減', '百分比', '原因', '說明', '營收', '5E', '今年', '是不是', '營收見', '今日', '3170', '還原', '股價', '3487', '樓下', '幫算', 'PE']",Positive,0.9899553060531616
M.1788505944.A.575,[情報] 115年09月04日 三大法人買賣金額統計表,coconing,2026-09-04 15:12:21,爆,https://www.ptt.cc/bbs/Stock/M.1788505944.A.575.html,"115年09月04日 三大法人買賣金額統計表

單位名稱        買進金額(億元)  賣出金額(億元)  買賣差額(億元)

自營商(自行買賣)   102.06          87.00         

自營商(避險)       285.55         236.91         

投  信             146.22         143.32         

外資及陸資        3607.64        3045.51         

外資自營商              0              0                0
===========================================================
合  計            4141.48        3512.76         

法人成交比重

--
一頁書：世事如棋，乾坤莫測，笑盡英雄啊～～～
一夜輸：股市如棋，漲跌莫測，坑盡散戶啊～～～

--
                                      09/04 15:12
                                      09/04 15:12","115年09月04日 三大法人買賣金額統計表

單位名稱        買進金額億元  賣出金額億元  買賣差額億元

自營商自行買賣   10206          8700         

自營商避險       28555         23691         

投  信             14622         14332         

外資及陸資        360764        304551         

外資自營商              0              0                0

合  計            414148        351276         

法人成交比重


一頁書世事如棋乾坤莫測笑盡英雄啊
一夜輸股市如棋漲跌莫測坑盡散戶啊","['115', '09', '04', '三大', '法人', '買賣', '金額', '統計表', '單位', '名稱', '進金額', '億元', '賣出', '金額', '億元', '買賣', '差額', '億元', '自營商', '自行', '買賣', '10206', '8700', '自營', '商避險', '28555', '23691', '14622', '14332', '外資及', '陸資', '360764', '304551', '外資', '自營商', '414148', '351276', '法人', '成交', '比重', '一頁', '世事', '如棋', '乾坤', '莫測', '英雄', '一夜', '股市', '如棋漲', '跌莫測', '散戶']",Positive,0.7484815716743469
M.1788505595.A.847,[情報] 2303 聯電8月營收,allen910106,2026-09-04 15:06:33,40,https://www.ptt.cc/bbs/Stock/M.1788505595.A.847.html,"標題：2303 聯電8月營收

來源：公開資訊觀測站

網址：

內文：

本資料由 (上市公司) 聯電 公司提供

民國115年08月
單位：新台幣仟元
項目    營業收入淨額
本月：  25,044,641
去年同期：      19,159,816
增減金額：      5,884,825
增減百分比：    30.71
本年累計：      178,659,250
去年累計：      155,816,479
增減金額：      22,842,771
增減百分比：    14.66
備註/營收變化原因說明：
年增30%
禮拜一來一根好不好


--","標題2303 聯電8月營收

來源公開資訊觀測站

網址

內文

本資料由 上市公司 聯電 公司提供

民國115年08月
單位新台幣仟元
項目    營業收入淨額
本月  25044641
去年同期      19159816
增減金額      5884825
增減百分比    3071
本年累計      178659250
去年累計      155816479
增減金額      22842771
增減百分比    1466
備註營收變化原因說明
年增30
禮拜一來一根好不好","['標題', '2303', '聯電', '營收', '來源', '公開', '資訊', '觀測', '網址', '內文', '本資料', '上市公司', '聯電', '公司', '提供', '民國', '115', '08', '單位', '台幣', '項目', '營業', '收入', '淨額', '本月', '25044641', '去年同期', '19159816', '增減', '金額', '5884825', '增減', '百分比', '3071', '本年', '累計', '178659250', '去年', '累計', '155816479', '增減', '金額', '22842771', '增減', '百分比', '1466', '原因', '說明', '年增', '30', '禮拜', '一來', '一根', '好不好']",Positive,0.8933189511299133
M.1788505266.A.23D,[情報] 0904 上市投信買賣超排行,saber50116,2026-09-04 15:01:04,42,https://www.ptt.cc/bbs/Stock/M.1788505266.A.23D.html,"1. 標題：投信買賣超排行

2. 來源：富邦證券

3. 網址：

4. 內文：

買超

1       2884玉山金      5,238
2       2801彰銀        4,205
3       2886兆豐金      3,457
4       3231緯創        3,389
5       2542興富發      3,334
6       2887台新新光金  2,957
7       2890永豐金      2,641
8       2027大成鋼      2,590
9       2891中信金      2,060
10      2303聯電        1,577
11      2377微星        1,518
12      2845遠東銀      1,413
13      2603長榮        1,381
14      2892第一金      1,307
15      2481強茂        1,249
16      2317鴻海        1,155
17      2885元大金      1,036
18      2618長榮航      1,014
19      00713元大台灣高息低波   1,000
20      5876上海商銀    727
21      1402遠東新      659
22      1102亞泥        651
23      00980A主動野村臺灣優選  516
24      2301光寶科      512
25      6278台表科      482
26      3017奇鋐        462
27      2883凱基金      442
28      2633台灣高鐵    440
29      2352佳世達      417
30      3045台灣大      375
31      2347聯強        374
32      2308台達電      365
33      2454聯發科      349
34      2395研華        340
35      3665貿聯-KY     333
36      6669緯穎        325
37      2002中鋼        314
38      2356英業達      282
39      2610華航        257
40      6505台塑化      250
41      2897王道銀行    246
42      2382廣達        242
43      1101台泥        238
44      5871中租-KY     232
45      2855統一證      218
46      6515穎崴        202
47      2351順德        200
48      2353宏碁        192
49      4763材料*-KY    189
50      1229聯華        177

賣超

1       2344華邦電      -6,914
2       3037欣興        -4,448
3       1717長興        -1,995
4       2408南亞科      -1,735
5       2337旺宏        -1,008
6       2376技嘉        -558
7       8046南電        -408
8       2834臺企銀      -377
9       8021尖點        -373
10      4551智伸科      -350
11      2330台積電      -328
12      6285啟碁        -213
13      1560中砂        -209
14      2383台光電      -208
15      4958臻鼎-KY     -208
16      6139亞翔        -152
17      3008大立光      -141
18      6239力成        -116
19      6442光聖        -105
20      00904台新臺灣半導體30   -100
21      2233宇隆        -100
22      2449京元電子    -99
23      6831邁科        -98
24      3042晶技        -89
25      5880合庫金      -73
26      2455全新        -67
27      6782視陽        -65
28      2345智邦        -63
29      3036文曄        -60
30      2059川湖        -59
31      3189景碩        -55
32      2327國巨*       -48
33      2504國產        -47
34      1216統一        -42
35      2881富邦金      -36
36      1712興農        -32
37      2360致茂        -31
38      1303南亞        -29
39      3481群創        -28
40      9907統一實      -27
41      2547日勝生      -27
42      2880華南金      -25
43      5522遠雄        -24
44      2324仁寶        -21
45      3653健策        -19
46      3583辛耘        -19
47      3406玉晶光      -17
48      1513中興電      -17
49      6768志強-KY     -16
50      6526達發        -11



--","1 標題投信買賣超排行

2 來源富邦證券

3 網址

4 內文

買超

1       2884玉山金      5238
2       2801彰銀        4205
3       2886兆豐金      3457
4       3231緯創        3389
5       2542興富發      3334
6       2887台新新光金  2957
7       2890永豐金      2641
8       2027大成鋼      2590
9       2891中信金      2060
10      2303聯電        1577
11      2377微星        1518
12      2845遠東銀      1413
13      2603長榮        1381
14      2892第一金      1307
15      2481強茂        1249
16      2317鴻海        1155
17      2885元大金      1036
18      2618長榮航      1014
19      00713元大台灣高息低波   1000
20      5876上海商銀    727
21      1402遠東新      659
22      1102亞泥        651
23      00980A主動野村臺灣優選  516
24      2301光寶科      512
25      6278台表科      482
26      3017奇鋐        462
27      2883凱基金      442
28      2633台灣高鐵    440
29      2352佳世達      417
30      3045台灣大      375
31      2347聯強        374
32      2308台達電      365
33      2454聯發科      349
34      2395研華        340
35      3665貿聯KY     333
36      6669緯穎        325
37      2002中鋼        314
38      2356英業達      282
39      2610華航        257
40      6505台塑化      250
41      2897王道銀行    246
42      2382廣達        242
43      1101台泥        238
44      5871中租KY     232
45      2855統一證      218
46      6515穎崴        202
47      2351順德        200
48      2353宏碁        192
49      4763材料KY    189
50      1229聯華        177

賣超

1       2344華邦電      6914
2       3037欣興        4448
3       1717長興        1995
4       2408南亞科      1735
5       2337旺宏        1008
6       2376技嘉        558
7       8046南電        408
8       2834臺企銀      377
9       8021尖點        373
10      4551智伸科      350
11      2330台積電      328
12      6285啟碁        213
13      1560中砂        209
14      2383台光電      208
15      4958臻鼎KY     208
16      6139亞翔        152
17      3008大立光      141
18      6239力成        116
19      6442光聖        105
20      00904台新臺灣半導體30   100
21      2233宇隆        100
22      2449京元電子    99
23      6831邁科        98
24      3042晶技        89
25      5880合庫金      73
26      2455全新        67
27      6782視陽        65
28      2345智邦        63
29      3036文曄        60
30      2059川湖        59
31      3189景碩        55
32      2327國巨       48
33      2504國產        47
34      1216統一        42
35      2881富邦金      36
36      1712興農        32
37      2360致茂        31
38      1303南亞        29
39      3481群創        28
40      9907統一實      27
41      2547日勝生      27
42      2880華南金      25
43      5522遠雄        24
44      2324仁寶        21
45      3653健策        19
46      3583辛耘        19
47      3406玉晶光      17
48      1513中興電      17
49      6768志強KY     16
50      6526達發        11","['標題', '投信', '排行', '來源', '富邦', '證券', '網址', '內文', '買超', '2884', '玉山', '5238', '2801', '彰銀', '4205', '2886', '豐金', '3457', '3231', '緯創', '3389', '2542', '興富發', '3334', '2887', '台新', '新光', '2957', '2890', '永豐金', '2641', '2027', '大成', '2590', '2891', '中信', '2060', '10', '2303', '聯電', '1577', '11', '2377', '微星', '1518', '12', '2845', '遠東', '1413', '13', '2603', '1381', '14', '2892', '第一', '1307', '15', '2481', '強茂', '1249', '16', '2317', '鴻海', '1155', '17', '2885', '元大金', '1036', '18', '2618', '榮航', '1014', '19', '00713', '元大台灣', '高息', '低波', '1000', '20', '5876', '上海', '商銀', '727', '21', '1402', '遠東', '659', '22', '1102', '亞泥', '651', '23', '00980A', '主動', '野村', '灣優選', '516', '24', '2301', '光寶科', '512', '25', '6278', '台表科', '482', '26', '3017', '462', '27', '2883', '基金', '442', '28', '2633', '台灣', '高鐵', '440', '29', '2352', '佳世達', '417', '30', '3045', '台灣', '375', '31', '2347', '聯強', '374', '32', '2308', '台達電', '365', '33', '2454', '聯發科', '349', '34', '2395', '研華', '340', '35', '3665', '貿聯', 'KY', '333', '36', '6669', '緯穎', '325', '37', '2002', '中鋼', '314', '38', '2356', '英業', '282', '39', '2610', '華航', '257', '40', '6505', '塑化', '250', '41', '2897', '王道', '銀行', '246', '42', '2382', '廣達', '242', '43', '1101', '台泥', '238', '44', '5871', '中租', 'KY', '232', '45', '2855', '統一證', '218', '46', '6515', '202', '47', '2351', '順德', '200', '48', '2353', '宏碁', '192', '49', '4763', '材料', 'KY', '189', '50', '1229', '聯華', '177', '賣超', '2344', '華邦電', '6914', '3037', '欣興', '4448', '1717', '1995', '2408', '南亞科', '1735', '2337', '旺宏', '1008', '2376', '技嘉', '558', '8046', '南電', '408', '2834', '企銀', '377', '8021', '尖點', '373', '10', '4551', '伸科', '350', '11', '2330', '台積電', '328', '12', '6285', '213', '13', '1560', '中砂', '209', '14', '2383', '台光電', '208', '15', '4958', 'KY', '208', '16', '6139', '亞翔', '152', '17', '3008', '大立光', '141', '18', '6239', '力成', '116', '19', '6442', '光聖', '105', '20', '00904', '台新', '灣半導體', '30', '100', '21', '2233', '宇隆', '100', '22', '2449', '京元', '電子', '99', '23', '6831', '邁科', '98', '24', '3042', '晶技', '89', '25', '5880', '合庫', '73', '26', '2455', '全新', '67', '27', '6782', '視陽', '65', '28', '2345', '智邦', '63', '29', '3036', '文曄', '60', '30', '2059', '川湖', '59', '31', '3189', '景碩', '55', '32', '2327', '國巨', '48', '33', '2504', '國產', '47', '34', '1216', '統一', '42', '35', '2881', '富邦金', '36', '36', '1712', '興農', '32', '37', '2360', '致茂', '31', '38', '1303', '南亞', '29', '39', '3481', '群創', '28', '40', '9907', '統一實', '27', '41', '2547', '日勝生', '27', '42', '2880', '華南金', '25', '43', '5522', '遠雄', '24', '44', '2324', '仁寶', '21', '45', '3653', '健策', '19', '46', '3583', '辛耘', '19', '47', '3406', '玉晶光', '17', '48', '1513', '中興電', '17', '49', '6768', '志強', 'KY', '16', '50', '6526', '達發', '11']",Positive,0.8818197250366211
M.1788504230.A.688,[情報] 2383 台光電 8月營收,suntw,2026-09-04 14:43:47,25,https://www.ptt.cc/bbs/Stock/M.1788504230.A.688.html,"本資料由 (上市公司) 台光電 公司提供
民國115年08月
單位：新台幣仟元
項目    營業收入淨額
本月：  20,145,589
去年同期：      8,764,793
增減金額：      11,380,796
增減百分比：    129.85
本年累計：      119,694,731
去年累計：      61,325,050
增減金額：      58,369,681
增減百分比：    95.18
備註/營收變化原因說明： 受惠於AI伺服器成長力道


mom  yoy

--","本資料由 上市公司 台光電 公司提供
民國115年08月
單位新台幣仟元
項目    營業收入淨額
本月  20145589
去年同期      8764793
增減金額      11380796
增減百分比    12985
本年累計      119694731
去年累計      61325050
增減金額      58369681
增減百分比    9518
備註營收變化原因說明 受惠於AI伺服器成長力道


mom  yoy","['本資料', '上市公司', '台光電', '公司', '提供', '民國', '115', '08', '單位', '台幣', '項目', '營業', '收入', '淨額', '本月', '20145589', '去年同期', '8764793', '增減', '金額', '11380796', '增減', '百分比', '12985', '本年', '累計', '119694731', '去年', '累計', '61325050', '增減', '金額', '58369681', '增減', '百分比', '9518', '原因', '說明', '受惠', 'AI', '伺服器', '成長', '力道', 'mom', 'yoy']",Positive,0.9386902451515198
M.1788502393.A.336,[新聞]鼎元12年來首度現增拚光通訊 大股東富采跟,holyvoice,2026-09-04 14:13:11,16,https://www.ptt.cc/bbs/Stock/M.1788502393.A.336.html,"內文：

鼎元董事會通過發行1.5萬張為上限的現金增資計畫，將於10月中旬送件，明年初啟動募資，大股東富采控股今年增持3％鼎元持股之後，將按照持股比率認購鼎元的現增股，以行動力挺鼎元暌違十二年來的募資行動。

鼎元表示，該筆資金將用於光通訊的產能擴充，鼎元第三季投入12.61億元資本支出擴建無塵室及添購設備，規畫今年底光偵測器（PD）產能擴充一倍，月產能推升至500片，第二期產能擴建將於明年第二季底完成，月產能可望上看1,500片。

鼎元上一次發行現金增資為2014年，睽違十二年再啟募資行動，引起廣泛的聯想空間，據鼎元董事會通過的募資計畫，擬發行1.5萬張為上限的現金增資股，以鼎元目前價位推算，募資規模預期突破10億元，鼎元將在10月中旬向主管機關送件，明年初啟動募資。

而大股東富采控股今年增持鼎元3％持股之後，目前持股比率達7.92％，持股張數23,799張，據悉，富采將按照持股比率認購現增股，力挺鼎元的現增案。

1.6T光收發模組的價格突破1,000美元，相關零件的蘊含價值拉升，2026年為1.6T光模組量產元年，根據TrendForce研究，全球AI專用光收發模組市場進入高速成長階段，預估市場規模將從2025年165億美元，一舉擴大至2026年260億美元，年增超過57％，強勁成長不僅來自規格升級，更反映AI資料中心加速建置下，整體光通訊供應鏈正面臨結構性重組。

而富采也公告減資新股將在11月16日上市交易，舊股票2026年11月5日至2026年11月13日止停止交易，富采現金減資45％，大幅度瘦身之後，股本邁向輕盈，實收資本額降至40億元，減資新股上市時程拍板，3日激勵富采股價上演慶祝行情，盤中數度亮燈。

心得：

妖股今天漲停，卻出現高檔現金增資的新聞，目前本益比還四位數，不知道這下要修正幾根才能符合市場心裡價位。

--","內文

鼎元董事會通過發行15萬張為上限的現金增資計畫將於10月中旬送件明年初啟動募資大股東富采控股今年增持3鼎元持股之後將按照持股比率認購鼎元的現增股以行動力挺鼎元暌違十二年來的募資行動

鼎元表示該筆資金將用於光通訊的產能擴充鼎元第三季投入1261億元資本支出擴建無塵室及添購設備規畫今年底光偵測器PD產能擴充一倍月產能推升至500片第二期產能擴建將於明年第二季底完成月產能可望上看1500片

鼎元上一次發行現金增資為2014年睽違十二年再啟募資行動引起廣泛的聯想空間據鼎元董事會通過的募資計畫擬發行15萬張為上限的現金增資股以鼎元目前價位推算募資規模預期突破10億元鼎元將在10月中旬向主管機關送件明年初啟動募資

而大股東富采控股今年增持鼎元3持股之後目前持股比率達792持股張數23799張據悉富采將按照持股比率認購現增股力挺鼎元的現增案

16T光收發模組的價格突破1000美元相關零件的蘊含價值拉升2026年為16T光模組量產元年根據TrendForce研究全球AI專用光收發模組市場進入高速成長階段預估市場規模將從2025年165億美元一舉擴大至2026年260億美元年增超過57強勁成長不僅來自規格升級更反映AI資料中心加速建置下整體光通訊供應鏈正面臨結構性重組

而富采也公告減資新股將在11月16日上市交易舊股票2026年11月5日至2026年11月13日止停止交易富采現金減資45大幅度瘦身之後股本邁向輕盈實收資本額降至40億元減資新股上市時程拍板3日激勵富采股價上演慶祝行情盤中數度亮燈

心得

妖股今天漲停卻出現高檔現金增資的新聞目前本益比還四位數不知道這下要修正幾根才能符合市場心裡價位","['內文', '鼎元', '董事', '通過', '發行', '15', '萬張', '上限', '現金', '增資計', '畫將', '10', '中旬', '送件', '明年初', '啟動', '募資大股', '東富采', '控股', '今年', '增持', '鼎元', '持股', '之後將', '按照', '持股', '比率', '認購', '鼎元', '現增', '股以', '行動力', '挺鼎元', '十二年', '募資', '行動', '鼎元', '表示', '該筆', '資金將', '光通', '產能', '擴充', '鼎元', '第三季', '投入', '1261', '億元', '資本', '支出', '擴建', '無塵室', '添購', '設備', '規畫', '今年底', '偵測器', 'PD', '產能', '擴充', '一倍', '產能', '升至', '500', '第二期', '產能', '擴建將', '明年', '第二季', '完成', '產能', '可望', '1500', '鼎元', '一次', '發行', '現金', '增資為', '2014', '年睽違', '十二年', '啟募', '資行動', '引起', '廣泛', '聯想', '空間', '據鼎元', '董事', '通過', '募資計', '畫擬', '發行', '15', '萬張', '上限', '現金', '增資股', '以鼎元', '目前', '價位', '推算', '募資', '規模', '預期', '突破', '10', '億元鼎元將', '10', '中旬', '主管', '機關', '送件', '明年初', '啟動', '募資', '而大股', '東富采', '控股', '今年', '增持', '鼎元', '持股', '目前', '持股', '比率', '792', '持股', '張數', '23799', '張據', '悉富', '采將', '按照', '持股', '比率', '認購', '現增', '股力', '挺鼎元', '增案', '16T', '光收', '發模組', '價格', '突破', '1000', '美元', '相關', '零件', '蘊含', '價值', '拉升', '2026', '16T', '光模', '組量', '元年', '根據', 'TrendForce', '研究', '全球', 'AI', '用光', '收發模', '組市場', '進入', '高速', '成長', '階段', '預估', '市場', '規模將', '2025', '165', '美元', '一舉', '擴大至', '2026', '260', '美元', '增超過', '57', '強勁', '成長', '不僅來', '自規格', '升級', '反映', 'AI', '資料', '中心', '加速', '建置', '整體', '光通', '應鏈', '正面', '臨結', '構性', '重組', '而富采', '公告', '減資', '新股', '將在', '11', '16', '上市', '交易', '股票', '2026', '11', '日至', '2026', '11', '13', '日止', '停止', '交易', '富采', '現金', '減資', '45', '大幅度', '瘦身', '股本', '邁向', '輕盈', '實收', '資本額', '降至', '40', '億元', '減資', '新股', '上市', '時程', '拍板', '日激勵', '富采', '股價', '上演', '慶祝', '行情', '盤中', '數度', '亮燈', '心得', '妖股', '今天', '漲停', '出現', '高檔', '現金', '增資', '新聞', '目前', '本益比', '四位', '數不', '知道', '這下', '修正', '幾根', '才能', '符合', '市場', '心裡', '價位']",Positive,0.9972168207168579
M.1788500623.A.AFF,[標的] 買進00679B 元大美債225張~巴逆逆多 ,book1999,2026-09-04 13:43:39,爆,https://www.ptt.cc/bbs/Stock/M.1788500623.A.AFF.html,"大家好 我是Ptt遠東王

買進00679B 元大美債20年 225張

上次31.5元買進 慘賠140萬

我這次買進的價格是 26.29元 買進225張

女股神巴逆逆 幫我加持

拚惹

其實是看到她IG說會去參加南港半導體展

我就跑去拍照惹

我沒上班整天都在打電動打桌球很無聊

太多人跟她照相 沒說到話QQ

巴逆逆是中砂1560.TW的員工耶

--","大家好 我是Ptt遠東王

買進00679B 元大美債20年 225張

上次315元買進 慘賠140萬

我這次買進的價格是 2629元 買進225張

女股神巴逆逆 幫我加持

拚惹

其實是看到她IG說會去參加南港半導體展

我就跑去拍照惹

我沒上班整天都在打電動打桌球很無聊

太多人跟她照相 沒說到話QQ

巴逆逆是中砂1560TW的員工耶","['大家', 'Ptt', '遠東王', '買進', '00679B', '元大美債', '20', '225', '上次', '315', '元買進', '慘賠', '140', '這次', '價格', '2629', '買進', '225', '女股', '神巴逆逆', '加持', '其實', '看到', 'IG', '說會', '參加', '南港', '半導', '體展', '拍照', '上班', '整天', '打電動', '桌球', '很無聊', '太多人', '照相', '沒說', 'QQ', '巴逆逆是', '中砂', '1560TW', '工耶']",Positive,0.9968997240066528
M.1788499948.A.5BF,[公告] Stock 樂透開獎,[彩券],2026-09-04 13:32:27,34,https://www.ptt.cc/bbs/Stock/M.1788499948.A.5BF.html,"樂透說明
猜猜3037欣興 2026/ ~ 2026/9/4 一共跌停幾根
一、0
二、1
三、2
四、3
五、4

下注情況

1.0       : 7903   2.1       : 12332  3.2       : 43177  4.3       : 6463   
5.4       : 3122   

開獎時間: 09/04/2026 13:32:27
開獎結果: 0
下注總額: 729970
中獎比例: 7903張/72997張  (0.108265)
每張中獎彩券可得 87 Ptt幣

09/04/2026 13:32:27 開出:0 總額:729970 彩金/張:87 機率:0.11

     impose       買了  10 張 2
     f204137      買了   1 張 3
     zxc110181    買了   1 張 2
     munichuihsin 買了   1 張 4
     charles31213 買了   1 張 1
     freejordan   買了  80 張 2
     charles31213 買了   2 張 2
     hitguy       買了  50 張 4
     ms0286415    買了   1 張 1
     ms0286415    買了   1 張 3
     ms0286415    買了   1 張 4
     ms0286415    買了   1 張 2
     chenhoward   買了   3 張 1
     etetet       買了  10 張 3
恭喜 Himiko9975   買了   6 張 0, 獲得   522 Ptt幣
     ms0286415    買了  51 張 3
     e1472584     買了  10 張 3
     liawpi       買了  10 張 3
     wendyclamp   買了  10 張 3
     sai307       買了  10 張 2
     wendyclamp   買了  10 張 4
     sai307       買了  10 張 1
     apperrla     買了 100 張 1
     apperrla     買了 100 張 2
     holyvoice    買了  50 張 3
     holyvoice    買了  50 張 2
     eric32963296 買了   1 張 1
     desirewu129  買了  10 張 2
     ahg          買了   1 張 2
     inmee        買了  10 張 2
     kent0405     買了   3 張 3
恭喜 npc776       買了   1 張 0, 獲得    87 Ptt幣
     zu5566       買了   1 張 2
恭喜 inmee        買了   1 張 0, 獲得    87 Ptt幣
     aaaaaaa1     買了  30 張 2
     sazabijiang  買了  10 張 3
恭喜 Liandh       買了  10 張 0, 獲得   870 Ptt幣
     Erechtheus   買了 179 張 3
     mihu923      買了   2 張 2
     diger        買了  20 張 1
     acer1832a    買了   1 張 1
     ABADBOY      買了  10 張 2
     jump0520     買了  50 張 3
     jump0520     買了  50 張 3
     jump0520     買了  10 張 1
     oni23        買了  10 張 3
     nawy798546   買了   1 張 2
     shotan       買了  10 張 2
     shotan       買了  10 張 1
     qwerkevin    買了   7 張 1
     moon128      買了  20 張 2
     poyulai17    買了   5 張 2
     cloud23      買了  10 張 2
     kyzusmugoe   買了  50 張 3
     kyzusmugoe   買了  50 張 4
     BlackskyXD   買了   5 張 4
     helmsley     買了   2 張 4
     mikun        買了  30 張 4
     helmsley     買了   2 張 3
恭喜 CHYYP        買了  10 張 0, 獲得   870 Ptt幣
     aaaa1218957  買了   1 張 4
     BC0710       買了   1 張 2
恭喜 cat654231    買了   6 張 0, 獲得   522 Ptt幣
     moon2251     買了  10 張 2
恭喜 Scorpion0302 買了  20 張 0, 獲得  1740 Ptt幣
     chwenegg     買了   1 張 3
     NNBOY        買了  30 張 2
     vvnews       買了  50 張 3
     how0919      買了   5 張 3
     chsm3642     買了  10 張 3
     hmchiu1216   買了   1 張 1
     shanghsia    買了   1 張 1
     shanghsia    買了   1 張 2
     jun10        買了   7 張 4
     mmllrr       買了   1 張 1
     mmllrr       買了   1 張 2
     mmllrr       買了   1 張 3
     mmllrr       買了   1 張 4
     verdandy     買了  10 張 2
     jun10        買了  10 張 4
     alan0260     買了   5 張 4
     XDmoon       買了  10 張 4
     PttWillie    買了  50 張 2
     hwagj        買了   4 張 2
     masoushizuka 買了   3 張 3
     for311544    買了   5 張 2
恭喜 qk56         買了   1 張 0, 獲得    87 Ptt幣
     Rin5566      買了  99 張 3
     Rin5566      買了   1 張 3
     orange9867   買了   5 張 1
     joygo        買了  50 張 2
     hahablue     買了  10 張 3
     cjsblues     買了   1 張 2
     brow         買了   5 張 3
     q7619713     買了  10 張 1
     q7619713     買了  10 張 2
     blackpork    買了   6 張 1
     chinjason50  買了 100 張 1
     zeldalight   買了   1 張 4
     stock858     買了   5 張 2
     stock858     買了   5 張 3
     yamahablog91 買了   5 張 3
     yamahablog91 買了   3 張 2
     sfrhl569     買了   4 張 3
     yamahablog91 買了   2 張 2
     arnoldlai    買了  30 張 2
     fix78        買了   3 張 3
     arnoldlai    買了 270 張 2
     sofia0430    買了   3 張 4
     yragggc      買了   5 張 2
恭喜 iorijkl      買了   5 張 0, 獲得   435 Ptt幣
     j3344567     買了  20 張 1
     y598763      買了  20 張 3
     joj          買了   1 張 3
     leftwalk     買了   2 張 3
     orange450046 買了  70 張 3
     LOGIC5566    買了   2 張 2
     aaa80563     買了   3 張 4
     tinybunny    買了   3 張 4
     ruby5566     買了 100 張 2
恭喜 jack51216    買了   1 張 0, 獲得    87 Ptt幣
     march55237   買了  20 張 1
     ppp237       買了   5 張 2
     ppp237       買了   5 張 3
     ppp237       買了   5 張 1
     RAINANDRAIN  買了 100 張 4
恭喜 s70337033    買了   2 張 0, 獲得   174 Ptt幣
     x8420        買了   1 張 2
     pinkieyeh    買了   1 張 3
     s70337033    買了   2 張 1
恭喜 s70337033    買了   2 張 0, 獲得   174 Ptt幣
     excercang    買了 100 張 4
     Ways         買了   1 張 2
     aiyu320      買了   8 張 2
     DeapBlue     買了  10 張 1
     maye         買了  10 張 2
     q09701023    買了 460 張 2
     panda816     買了  50 張 3
     rickysam0540 買了  20 張 2
     rickysam0540 買了  10 張 3
     w84970639    買了  15 張 4
     vip0203      買了   1 張 2
     theta4719    買了   3 張 3
     fiugu        買了   2 張 3
     ardoctor     買了   1 張 4
     iii326       買了   2 張 2
     CalcuLouis   買了 100 張 3
     CalcuLouis   買了 100 張 4
     zetaplus99   買了  10 張 3
     fang2tu      買了   1 張 1
     fang2tu      買了   1 張 2
     scorpio0600  買了  10 張 3
     polarfox     買了  10 張 3
     eric19870117 買了  50 張 4
     brucebooken  買了 9999 張 2
     brucebooken  買了 9999 張 2
     brucebooken  買了 9999 張 2
     brucebooken  買了 9999 張 2
     qpzmm        買了  10 張 3
     lishen526    買了   5 張 1
     maye         買了  10 張 3
     a122771723   買了 1000 張 4
     clmmu        買了  10 張 3
     WolFDragoN   買了  10 張 3
     organ63521   買了  50 張 4
恭喜 f101202      買了 500 張 0, 獲得 43500 Ptt幣
恭喜 key7110      買了   5 張 0, 獲得   435 Ptt幣
     key7110      買了   5 張 1
     key7110      買了   5 張 3
     james4141989 買了  10 張 2
     sparta40     買了   3 張 4
     ZZZ99770     買了   2 張 1
     rhrh1129     買了  10 張 2
     eric19870117 買了  50 張 1
     frankweng000 買了   3 張 3
     bblovebb     買了  10 張 1
     musi         買了   1 張 4
     kyanaru      買了  10 張 3
     floatandy    買了  10 張 2
     ted01199     買了   2 張 3
     vion321      買了  50 張 2
     vion321      買了  50 張 3
     vion321      買了  50 張 3
     h91310022    買了 500 張 2
     vion321      買了  50 張 4
     h91310022    買了 500 張 3
     DumAsYou     買了   3 張 3
     windblood    買了  20 張 3
     kidofking    買了   5 張 2
     dosiris      買了  10 張 1
     ANava        買了 100 張 3
     whyhsu       買了  30 張 4
     overskyend   買了 100 張 2
     fallmi       買了 100 張 3
     nightop      買了   1 張 4
     fatlong      買了  10 張 2
     mumuwei      買了   1 張 4
     mumuwei      買了  10 張 4
     cheng0713    買了   1 張 3
     cphe         買了  10 張 1
     cps80655     買了   1 張 3
     maxman77     買了  20 張 2
     maxman77     買了   5 張 3
     administrate 買了   1 張 2
     administrate 買了   1 張 3
     paiyuchin    買了  10 張 3
     paiyuchin    買了  10 張 4
     carkyoing    買了   3 張 1
     carkyoing    買了   3 張 3
     wewe1026     買了 100 張 2
恭喜 carkyoing    買了   3 張 0, 獲得   261 Ptt幣
     d9568597     買了   1 張 2
     d9568597     買了   1 張 1
     seven2966    買了   3 張 2
     seven2966    買了   5 張 3
     CraziPhone   買了   1 張 2
     seven2966    買了   2 張 4
     rich95131    買了   1 張 4
     littledan    買了 4999 張 1
     horrid       買了   3 張 1
     horrid       買了   2 張 3
恭喜 horrid       買了   1 張 0, 獲得    87 Ptt幣
     ojh          買了   1 張 1
     ojh          買了   1 張 2
     kkfong       買了  10 張 3
     swallow919   買了   3 張 2
     ipath19      買了   3 張 3
恭喜 myloso       買了 100 張 0, 獲得  8700 Ptt幣
     hois         買了  10 張 3
恭喜 cracks       買了  10 張 0, 獲得   870 Ptt幣
     cracks       買了  10 張 3
     cracks       買了  10 張 4
     cracks       買了   3 張 1
恭喜 quid1121     買了 100 張 0, 獲得  8700 Ptt幣
恭喜 quid1121     買了 1000 張 0, 獲得 87000 Ptt幣
     kakacon      買了   5 張 3
恭喜 enke         買了   2 張 0, 獲得   174 Ptt幣
     enke         買了   2 張 1
     enke         買了   2 張 2
     enke         買了   2 張 3
     enke         買了   2 張 4
     Klauhal      買了  10 張 3
恭喜 s8911124     買了   1 張 0, 獲得    87 Ptt幣
     Maaa         買了   1 張 3
     CHJ1111      買了   1 張 3
     bsexp317156  買了   2 張 3
     ayachyan     買了 300 張 1
恭喜 laijerry     買了   1 張 0, 獲得    87 Ptt幣
     laijerry     買了   1 張 3
     YeaPa        買了 100 張 3
     yzlai        買了   2 張 4
恭喜 jonah1220    買了 100 張 0, 獲得  8700 Ptt幣
     hotking      買了 100 張 1
     egban        買了   2 張 2
     wmqoanskdey  買了  10 張 4
     hideyoshi21  買了  50 張 4
     cloudofsky   買了   1 張 3
     happypears   買了   2 張 2
     ok0921508    買了  10 張 3
     allen51103   買了 100 張 1
恭喜 shouchiku    買了 100 張 0, 獲得  8700 Ptt幣
     shouchiku    買了 100 張 1
     shouchiku    買了 100 張 3
     shouchiku    買了 100 張 4
     macheal      買了  10 張 2
     milkeric888  買了  20 張 3
     winwaylin    買了   1 張 3
     play579831   買了 100 張 1
     play579831   買了  50 張 3
     play579831   買了  50 張 2
     az281510     買了   1 張 2
     warbreaker   買了  10 張 3
     yes5108      買了   5 張 2
     newlie83     買了  10 張 4
     newlie83     買了  10 張 3
     lika32       買了   2 張 2
     vastvitality 買了   5 張 2
恭喜 q7619713     買了  10 張 0, 獲得   870 Ptt幣
     ppllkkhh     買了  30 張 1
     ppllkkhh     買了 100 張 2
     AAIOU        買了   5 張 3
     CTUST        買了  10 張 2
     safetoy      買了 300 張 1
     piedad       買了  10 張 3
恭喜 centrabk     買了   6 張 0, 獲得   522 Ptt幣
     doublehumor  買了 110 張 2
     HTOstock     買了   1 張 1
     HTOstock     買了   2 張 2
     HTOstock     買了   2 張 2
     HTOstock     買了   1 張 3
     HTOstock     買了   1 張 3
恭喜 HTOstock     買了   1 張 0, 獲得    87 Ptt幣
     HTOstock     買了   2 張 1
     searching87  買了 500 張 1
恭喜 searching87  買了   1 張 0, 獲得    87 Ptt幣
     zozo0922     買了   1 張 1
     Sinchiest    買了  10 張 2
     Sinchiest    買了  10 張 1
     Sinchiest    買了   3 張 2
     Sinchiest    買了   5 張 3
     yu800910     買了   1 張 3
     yu800910     買了   1 張 2
     storyo11413  買了   8 張 4
     timofEE      買了   1 張 3
     timofEE      買了   1 張 4
     harrybbs     買了  10 張 1
     harrybbs     買了  15 張 3
     harrybbs     買了  14 張 3
     harrybbs     買了  15 張 4
     harrybbs     買了  22 張 1
     harrybbs     買了  12 張 3
     windway      買了   1 張 3
     windway      買了   1 張 4
     bs167512     買了   1 張 4
     bs167512     買了   2 張 3
     bs167512     買了   3 張 2
     injye        買了   1 張 3
     freedls      買了   8 張 3
恭喜 hkym1109     買了  10 張 0, 獲得   870 Ptt幣
恭喜 digodi       買了  10 張 0, 獲得   870 Ptt幣
     pttpigtony   買了  20 張 2
     Claire327    買了   2 張 3
     asier0117    買了  30 張 1
     asier0117    買了  20 張 2
     redkol       買了   3 張 3
     redkol       買了  30 張 3
     lovebunchan  買了   1 張 1
     lovebunchan  買了   1 張 2
     lovebunchan  買了   1 張 3
恭喜 littledan    買了 4999 張 0, 獲得 434913 Ptt幣
     HitoshiSan   買了  13 張 3
     zxc519290    買了   7 張 2
     jiunjie61    買了  10 張 4
     wvv          買了  10 張 1
恭喜 yoshiki78529 買了 600 張 0, 獲得 52200 Ptt幣
     lucybelle    買了  50 張 2
     genius7313   買了 100 張 4
     Jimmyamy2337 買了   5 張 2
     godc         買了 1000 張 1
     kujack80913  買了   5 張 3
     harrybbs     買了  14 張 3
     harrybbs     買了  15 張 4
     zoe87113     買了   2 張 3
     kokal        買了  20 張 1
恭喜 kokal        買了  20 張 0, 獲得  1740 Ptt幣
     chen20       買了   1 張 2
恭喜 pcstwater    買了 100 張 0, 獲得  8700 Ptt幣
     pcstwater    買了 100 張 1
     pcstwater    買了 100 張 2
     pcstwater    買了 100 張 3
     pcstwater    買了 100 張 4
     fear         買了   1 張 1
     fear         買了   3 張 2
恭喜 pcstwater    買了 100 張 0, 獲得  8700 Ptt幣
     pcstwater    買了 100 張 1
     pcstwater    買了 100 張 2
     pcstwater    買了 100 張 3
     pcstwater    買了 100 張 4
     cloudofsky   買了   1 張 1
     jeffofpower1 買了  30 張 3
     NelsonWong   買了  10 張 1
     NelsonWong   買了   5 張 3
     atomic       買了 100 張 2
     atomic       買了 100 張 3
     atomic       買了 100 張 4
     atomic       買了  50 張 1
恭喜 atomic       買了  50 張 0, 獲得  4350 Ptt幣
     mihyhy       買了   1 張 3
     KID0924      買了 499 張 1
     KID0924      買了 499 張 1
     KID0924      買了 499 張 1
     KID0924      買了 499 張 1
     KID0924      買了 499 張 1
     wade0809     買了   2 張 3
     wade0809     買了   1 張 2
     ayuii        買了 120 張 3
     xga00mex     買了 1000 張 3
     FutuReStronG 買了  68 張 1
     ken10315     買了   5 張 3
     xga00mex     買了 1000 張 3
     comicat      買了  50 張 1
恭喜 Fiower9456   買了   2 張 0, 獲得   174 Ptt幣
     Fiower9456   買了   4 張 1
     Fiower9456   買了   2 張 4
     misszyx      買了   5 張 1
     mika99       買了  10 張 2
     mika99       買了   5 張 3
     harryl       買了   1 張 3
     harryl       買了   1 張 2
恭喜 harryl       買了   1 張 0, 獲得    87 Ptt幣
     jamlu        買了  25 張 2
恭喜 Sinchiest    買了   5 張 0, 獲得   435 Ptt幣
     Sinchiest    買了   5 張 1
     slddls       買了  10 張 3
     slddls       買了  10 張 4
     ukiojj       買了   1 張 1
     zxc2014      買了   5 張 1
     zxc2014      買了   5 張 2
     zxc2014      買了   3 張 3
     zxc2014      買了   1 張 4
     jay60202     買了  10 張 1
     freejordan   買了   2 張 2
     harrybbs     買了 119 張 1
     harrybbs     買了 110 張 2
     harrybbs     買了 110 張 3
     harrybbs     買了  44 張 4
     silverfox111 買了  10 張 1
     silverfox111 買了  10 張 2
     harrybbs     買了 101 張 1
     harrybbs     買了 222 張 3
     harrybbs     買了  90 張 4
     harrybbs     買了 111 張 1
     YeaPa        買了 100 張 3
     howardH      買了   2 張 3
     Moneychan    買了  10 張 3
     Moneychan    買了  10 張 4
     gil82922     買了 500 張 1
     harrybbs     買了 177 張 1
     harrybbs     買了  88 張 3
     harrybbs     買了  33 張 4
     harrybbs     買了 133 張 3
     harrybbs     買了 123 張 4
     harrybbs     買了 222 張 3
     harrybbs     買了 111 張 4
     pvp910119    買了   1 張 1
     harrybbs     買了 111 張 1
     harrybbs     買了 222 張 3
     harrybbs     買了 111 張 4
     harrybbs     買了 100 張 1
     harrybbs     買了 445 張 3
     harrybbs     買了 234 張 4
     digodi       買了  10 張 1
     iokcup       買了   1 張 3
     Evenpan      買了   1 張 3
     Evenpan      買了   2 張 3
     DK3001       買了 100 張 1
     DK3001       買了  15 張 3
     lcw5566      買了   2 張 2

--
◆ From: 114.136.159.108","樂透說明
猜猜3037欣興 2026  202694 一共跌停幾根
一0
二1
三2
四3
五4

下注情況

10        7903   21        12332  32        43177  43        6463   
54        3122   

開獎時間 09042026 133227
開獎結果 0
下注總額 729970
中獎比例 7903張72997張  0108265
每張中獎彩券可得 87 Ptt幣

09042026 133227 開出0 總額729970 彩金張87 機率011

     impose       買了  10 張 2
     f204137      買了   1 張 3
     zxc110181    買了   1 張 2
     munichuihsin 買了   1 張 4
     charles31213 買了   1 張 1
     freejordan   買了  80 張 2
     charles31213 買了   2 張 2
     hitguy       買了  50 張 4
     ms0286415    買了   1 張 1
     ms0286415    買了   1 張 3
     ms0286415    買了   1 張 4
     ms0286415    買了   1 張 2
     chenhoward   買了   3 張 1
     etetet       買了  10 張 3
恭喜 Himiko9975   買了   6 張 0 獲得   522 Ptt幣
     ms0286415    買了  51 張 3
     e1472584     買了  10 張 3
     liawpi       買了  10 張 3
     wendyclamp   買了  10 張 3
     sai307       買了  10 張 2
     wendyclamp   買了  10 張 4
     sai307       買了  10 張 1
     apperrla     買了 100 張 1
     apperrla     買了 100 張 2
     holyvoice    買了  50 張 3
     holyvoice    買了  50 張 2
     eric32963296 買了   1 張 1
     desirewu129  買了  10 張 2
     ahg          買了   1 張 2
     inmee        買了  10 張 2
     kent0405     買了   3 張 3
恭喜 npc776       買了   1 張 0 獲得    87 Ptt幣
     zu5566       買了   1 張 2
恭喜 inmee        買了   1 張 0 獲得    87 Ptt幣
     aaaaaaa1     買了  30 張 2
     sazabijiang  買了  10 張 3
恭喜 Liandh       買了  10 張 0 獲得   870 Ptt幣
     Erechtheus   買了 179 張 3
     mihu923      買了   2 張 2
     diger        買了  20 張 1
     acer1832a    買了   1 張 1
     ABADBOY      買了  10 張 2
     jump0520     買了  50 張 3
     jump0520     買了  50 張 3
     jump0520     買了  10 張 1
     oni23        買了  10 張 3
     nawy798546   買了   1 張 2
     shotan       買了  10 張 2
     shotan       買了  10 張 1
     qwerkevin    買了   7 張 1
     moon128      買了  20 張 2
     poyulai17    買了   5 張 2
     cloud23      買了  10 張 2
     kyzusmugoe   買了  50 張 3
     kyzusmugoe   買了  50 張 4
     BlackskyXD   買了   5 張 4
     helmsley     買了   2 張 4
     mikun        買了  30 張 4
     helmsley     買了   2 張 3
恭喜 CHYYP        買了  10 張 0 獲得   870 Ptt幣
     aaaa1218957  買了   1 張 4
     BC0710       買了   1 張 2
恭喜 cat654231    買了   6 張 0 獲得   522 Ptt幣
     moon2251     買了  10 張 2
恭喜 Scorpion0302 買了  20 張 0 獲得  1740 Ptt幣
     chwenegg     買了   1 張 3
     NNBOY        買了  30 張 2
     vvnews       買了  50 張 3
     how0919      買了   5 張 3
     chsm3642     買了  10 張 3
     hmchiu1216   買了   1 張 1
     shanghsia    買了   1 張 1
     shanghsia    買了   1 張 2
     jun10        買了   7 張 4
     mmllrr       買了   1 張 1
     mmllrr       買了   1 張 2
     mmllrr       買了   1 張 3
     mmllrr       買了   1 張 4
     verdandy     買了  10 張 2
     jun10        買了  10 張 4
     alan0260     買了   5 張 4
     XDmoon       買了  10 張 4
     PttWillie    買了  50 張 2
     hwagj        買了   4 張 2
     masoushizuka 買了   3 張 3
     for311544    買了   5 張 2
恭喜 qk56         買了   1 張 0 獲得    87 Ptt幣
     Rin5566      買了  99 張 3
     Rin5566      買了   1 張 3
     orange9867   買了   5 張 1
     joygo        買了  50 張 2
     hahablue     買了  10 張 3
     cjsblues     買了   1 張 2
     brow         買了   5 張 3
     q7619713     買了  10 張 1
     q7619713     買了  10 張 2
     blackpork    買了   6 張 1
     chinjason50  買了 100 張 1
     zeldalight   買了   1 張 4
     stock858     買了   5 張 2
     stock858     買了   5 張 3
     yamahablog91 買了   5 張 3
     yamahablog91 買了   3 張 2
     sfrhl569     買了   4 張 3
     yamahablog91 買了   2 張 2
     arnoldlai    買了  30 張 2
     fix78        買了   3 張 3
     arnoldlai    買了 270 張 2
     sofia0430    買了   3 張 4
     yragggc      買了   5 張 2
恭喜 iorijkl      買了   5 張 0 獲得   435 Ptt幣
     j3344567     買了  20 張 1
     y598763      買了  20 張 3
     joj          買了   1 張 3
     leftwalk     買了   2 張 3
     orange450046 買了  70 張 3
     LOGIC5566    買了   2 張 2
     aaa80563     買了   3 張 4
     tinybunny    買了   3 張 4
     ruby5566     買了 100 張 2
恭喜 jack51216    買了   1 張 0 獲得    87 Ptt幣
     march55237   買了  20 張 1
     ppp237       買了   5 張 2
     ppp237       買了   5 張 3
     ppp237       買了   5 張 1
     RAINANDRAIN  買了 100 張 4
恭喜 s70337033    買了   2 張 0 獲得   174 Ptt幣
     x8420        買了   1 張 2
     pinkieyeh    買了   1 張 3
     s70337033    買了   2 張 1
恭喜 s70337033    買了   2 張 0 獲得   174 Ptt幣
     excercang    買了 100 張 4
     Ways         買了   1 張 2
     aiyu320      買了   8 張 2
     DeapBlue     買了  10 張 1
     maye         買了  10 張 2
     q09701023    買了 460 張 2
     panda816     買了  50 張 3
     rickysam0540 買了  20 張 2
     rickysam0540 買了  10 張 3
     w84970639    買了  15 張 4
     vip0203      買了   1 張 2
     theta4719    買了   3 張 3
     fiugu        買了   2 張 3
     ardoctor     買了   1 張 4
     iii326       買了   2 張 2
     CalcuLouis   買了 100 張 3
     CalcuLouis   買了 100 張 4
     zetaplus99   買了  10 張 3
     fang2tu      買了   1 張 1
     fang2tu      買了   1 張 2
     scorpio0600  買了  10 張 3
     polarfox     買了  10 張 3
     eric19870117 買了  50 張 4
     brucebooken  買了 9999 張 2
     brucebooken  買了 9999 張 2
     brucebooken  買了 9999 張 2
     brucebooken  買了 9999 張 2
     qpzmm        買了  10 張 3
     lishen526    買了   5 張 1
     maye         買了  10 張 3
     a122771723   買了 1000 張 4
     clmmu        買了  10 張 3
     WolFDragoN   買了  10 張 3
     organ63521   買了  50 張 4
恭喜 f101202      買了 500 張 0 獲得 43500 Ptt幣
恭喜 key7110      買了   5 張 0 獲得   435 Ptt幣
     key7110      買了   5 張 1
     key7110      買了   5 張 3
     james4141989 買了  10 張 2
     sparta40     買了   3 張 4
     ZZZ99770     買了   2 張 1
     rhrh1129     買了  10 張 2
     eric19870117 買了  50 張 1
     frankweng000 買了   3 張 3
     bblovebb     買了  10 張 1
     musi         買了   1 張 4
     kyanaru      買了  10 張 3
     floatandy    買了  10 張 2
     ted01199     買了   2 張 3
     vion321      買了  50 張 2
     vion321      買了  50 張 3
     vion321      買了  50 張 3
     h91310022    買了 500 張 2
     vion321      買了  50 張 4
     h91310022    買了 500 張 3
     DumAsYou     買了   3 張 3
     windblood    買了  20 張 3
     kidofking    買了   5 張 2
     dosiris      買了  10 張 1
     ANava        買了 100 張 3
     whyhsu       買了  30 張 4
     overskyend   買了 100 張 2
     fallmi       買了 100 張 3
     nightop      買了   1 張 4
     fatlong      買了  10 張 2
     mumuwei      買了   1 張 4
     mumuwei      買了  10 張 4
     cheng0713    買了   1 張 3
     cphe         買了  10 張 1
     cps80655     買了   1 張 3
     maxman77     買了  20 張 2
     maxman77     買了   5 張 3
     administrate 買了   1 張 2
     administrate 買了   1 張 3
     paiyuchin    買了  10 張 3
     paiyuchin    買了  10 張 4
     carkyoing    買了   3 張 1
     carkyoing    買了   3 張 3
     wewe1026     買了 100 張 2
恭喜 carkyoing    買了   3 張 0 獲得   261 Ptt幣
     d9568597     買了   1 張 2
     d9568597     買了   1 張 1
     seven2966    買了   3 張 2
     seven2966    買了   5 張 3
     CraziPhone   買了   1 張 2
     seven2966    買了   2 張 4
     rich95131    買了   1 張 4
     littledan    買了 4999 張 1
     horrid       買了   3 張 1
     horrid       買了   2 張 3
恭喜 horrid       買了   1 張 0 獲得    87 Ptt幣
     ojh          買了   1 張 1
     ojh          買了   1 張 2
     kkfong       買了  10 張 3
     swallow919   買了   3 張 2
     ipath19      買了   3 張 3
恭喜 myloso       買了 100 張 0 獲得  8700 Ptt幣
     hois         買了  10 張 3
恭喜 cracks       買了  10 張 0 獲得   870 Ptt幣
     cracks       買了  10 張 3
     cracks       買了  10 張 4
     cracks       買了   3 張 1
恭喜 quid1121     買了 100 張 0 獲得  8700 Ptt幣
恭喜 quid1121     買了 1000 張 0 獲得 87000 Ptt幣
     kakacon      買了   5 張 3
恭喜 enke         買了   2 張 0 獲得   174 Ptt幣
     enke         買了   2 張 1
     enke         買了   2 張 2
     enke         買了   2 張 3
     enke         買了   2 張 4
     Klauhal      買了  10 張 3
恭喜 s8911124     買了   1 張 0 獲得    87 Ptt幣
     Maaa         買了   1 張 3
     CHJ1111      買了   1 張 3
     bsexp317156  買了   2 張 3
     ayachyan     買了 300 張 1
恭喜 laijerry     買了   1 張 0 獲得    87 Ptt幣
     laijerry     買了   1 張 3
     YeaPa        買了 100 張 3
     yzlai        買了   2 張 4
恭喜 jonah1220    買了 100 張 0 獲得  8700 Ptt幣
     hotking      買了 100 張 1
     egban        買了   2 張 2
     wmqoanskdey  買了  10 張 4
     hideyoshi21  買了  50 張 4
     cloudofsky   買了   1 張 3
     happypears   買了   2 張 2
     ok0921508    買了  10 張 3
     allen51103   買了 100 張 1
恭喜 shouchiku    買了 100 張 0 獲得  8700 Ptt幣
     shouchiku    買了 100 張 1
     shouchiku    買了 100 張 3
     shouchiku    買了 100 張 4
     macheal      買了  10 張 2
     milkeric888  買了  20 張 3
     winwaylin    買了   1 張 3
     play579831   買了 100 張 1
     play579831   買了  50 張 3
     play579831   買了  50 張 2
     az281510     買了   1 張 2
     warbreaker   買了  10 張 3
     yes5108      買了   5 張 2
     newlie83     買了  10 張 4
     newlie83     買了  10 張 3
     lika32       買了   2 張 2
     vastvitality 買了   5 張 2
恭喜 q7619713     買了  10 張 0 獲得   870 Ptt幣
     ppllkkhh     買了  30 張 1
     ppllkkhh     買了 100 張 2
     AAIOU        買了   5 張 3
     CTUST        買了  10 張 2
     safetoy      買了 300 張 1
     piedad       買了  10 張 3
恭喜 centrabk     買了   6 張 0 獲得   522 Ptt幣
     doublehumor  買了 110 張 2
     HTOstock     買了   1 張 1
     HTOstock     買了   2 張 2
     HTOstock     買了   2 張 2
     HTOstock     買了   1 張 3
     HTOstock     買了   1 張 3
恭喜 HTOstock     買了   1 張 0 獲得    87 Ptt幣
     HTOstock     買了   2 張 1
     searching87  買了 500 張 1
恭喜 searching87  買了   1 張 0 獲得    87 Ptt幣
     zozo0922     買了   1 張 1
     Sinchiest    買了  10 張 2
     Sinchiest    買了  10 張 1
     Sinchiest    買了   3 張 2
     Sinchiest    買了   5 張 3
     yu800910     買了   1 張 3
     yu800910     買了   1 張 2
     storyo11413  買了   8 張 4
     timofEE      買了   1 張 3
     timofEE      買了   1 張 4
     harrybbs     買了  10 張 1
     harrybbs     買了  15 張 3
     harrybbs     買了  14 張 3
     harrybbs     買了  15 張 4
     harrybbs     買了  22 張 1
     harrybbs     買了  12 張 3
     windway      買了   1 張 3
     windway      買了   1 張 4
     bs167512     買了   1 張 4
     bs167512     買了   2 張 3
     bs167512     買了   3 張 2
     injye        買了   1 張 3
     freedls      買了   8 張 3
恭喜 hkym1109     買了  10 張 0 獲得   870 Ptt幣
恭喜 digodi       買了  10 張 0 獲得   870 Ptt幣
     pttpigtony   買了  20 張 2
     Claire327    買了   2 張 3
     asier0117    買了  30 張 1
     asier0117    買了  20 張 2
     redkol       買了   3 張 3
     redkol       買了  30 張 3
     lovebunchan  買了   1 張 1
     lovebunchan  買了   1 張 2
     lovebunchan  買了   1 張 3
恭喜 littledan    買了 4999 張 0 獲得 434913 Ptt幣
     HitoshiSan   買了  13 張 3
     zxc519290    買了   7 張 2
     jiunjie61    買了  10 張 4
     wvv          買了  10 張 1
恭喜 yoshiki78529 買了 600 張 0 獲得 52200 Ptt幣
     lucybelle    買了  50 張 2
     genius7313   買了 100 張 4
     Jimmyamy2337 買了   5 張 2
     godc         買了 1000 張 1
     kujack80913  買了   5 張 3
     harrybbs     買了  14 張 3
     harrybbs     買了  15 張 4
     zoe87113     買了   2 張 3
     kokal        買了  20 張 1
恭喜 kokal        買了  20 張 0 獲得  1740 Ptt幣
     chen20       買了   1 張 2
恭喜 pcstwater    買了 100 張 0 獲得  8700 Ptt幣
     pcstwater    買了 100 張 1
     pcstwater    買了 100 張 2
     pcstwater    買了 100 張 3
     pcstwater    買了 100 張 4
     fear         買了   1 張 1
     fear         買了   3 張 2
恭喜 pcstwater    買了 100 張 0 獲得  8700 Ptt幣
     pcstwater    買了 100 張 1
     pcstwater    買了 100 張 2
     pcstwater    買了 100 張 3
     pcstwater    買了 100 張 4
     cloudofsky   買了   1 張 1
     jeffofpower1 買了  30 張 3
     NelsonWong   買了  10 張 1
     NelsonWong   買了   5 張 3
     atomic       買了 100 張 2
     atomic       買了 100 張 3
     atomic       買了 100 張 4
     atomic       買了  50 張 1
恭喜 atomic       買了  50 張 0 獲得  4350 Ptt幣
     mihyhy       買了   1 張 3
     KID0924      買了 499 張 1
     KID0924      買了 499 張 1
     KID0924      買了 499 張 1
     KID0924      買了 499 張 1
     KID0924      買了 499 張 1
     wade0809     買了   2 張 3
     wade0809     買了   1 張 2
     ayuii        買了 120 張 3
     xga00mex     買了 1000 張 3
     FutuReStronG 買了  68 張 1
     ken10315     買了   5 張 3
     xga00mex     買了 1000 張 3
     comicat      買了  50 張 1
恭喜 Fiower9456   買了   2 張 0 獲得   174 Ptt幣
     Fiower9456   買了   4 張 1
     Fiower9456   買了   2 張 4
     misszyx      買了   5 張 1
     mika99       買了  10 張 2
     mika99       買了   5 張 3
     harryl       買了   1 張 3
     harryl       買了   1 張 2
恭喜 harryl       買了   1 張 0 獲得    87 Ptt幣
     jamlu        買了  25 張 2
恭喜 Sinchiest    買了   5 張 0 獲得   435 Ptt幣
     Sinchiest    買了   5 張 1
     slddls       買了  10 張 3
     slddls       買了  10 張 4
     ukiojj       買了   1 張 1
     zxc2014      買了   5 張 1
     zxc2014      買了   5 張 2
     zxc2014      買了   3 張 3
     zxc2014      買了   1 張 4
     jay60202     買了  10 張 1
     freejordan   買了   2 張 2
     harrybbs     買了 119 張 1
     harrybbs     買了 110 張 2
     harrybbs     買了 110 張 3
     harrybbs     買了  44 張 4
     silverfox111 買了  10 張 1
     silverfox111 買了  10 張 2
     harrybbs     買了 101 張 1
     harrybbs     買了 222 張 3
     harrybbs     買了  90 張 4
     harrybbs     買了 111 張 1
     YeaPa        買了 100 張 3
     howardH      買了   2 張 3
     Moneychan    買了  10 張 3
     Moneychan    買了  10 張 4
     gil82922     買了 500 張 1
     harrybbs     買了 177 張 1
     harrybbs     買了  88 張 3
     harrybbs     買了  33 張 4
     harrybbs     買了 133 張 3
     harrybbs     買了 123 張 4
     harrybbs     買了 222 張 3
     harrybbs     買了 111 張 4
     pvp910119    買了   1 張 1
     harrybbs     買了 111 張 1
     harrybbs     買了 222 張 3
     harrybbs     買了 111 張 4
     harrybbs     買了 100 張 1
     harrybbs     買了 445 張 3
     harrybbs     買了 234 張 4
     digodi       買了  10 張 1
     iokcup       買了   1 張 3
     Evenpan      買了   1 張 3
     Evenpan      買了   2 張 3
     DK3001       買了 100 張 1
     DK3001       買了  15 張 3
     lcw5566      買了   2 張 2","['樂透', '說明', '猜猜', '3037', '欣興', '2026', '202694', '一共', '跌停', '幾根', '下注', '情況', '10', '7903', '21', '12332', '32', '43177', '43', '6463', '54', '3122', '開獎', '時間', '09042026', '133227', '開獎', '結果', '下注', '總額', '729970', '中獎', '比例', '7903', '72997', '0108265', '每張', '中獎', '彩券', '87', 'Ptt', '09042026', '133227', '開出', '總額', '729970', '彩金張', '87', '機率', '011', 'impose', '10', 'f204137', 'zxc110181', 'munichuihsin', 'charles31213', 'freejordan', '80', 'charles31213', 'hitguy', '50', 'ms0286415', 'ms0286415', 'ms0286415', 'ms0286415', 'chenhoward', 'etetet', '10', '恭喜', 'Himiko9975', '獲得', '522', 'Ptt', 'ms0286415', '51', 'e1472584', '10', 'liawpi', '10', 'wendyclamp', '10', 'sai307', '10', 'wendyclamp', '10', 'sai307', '10', 'apperrla', '100', 'apperrla', '100', 'holyvoice', '50', 'holyvoice', '50', 'eric32963296', 'desirewu129', '10', 'ahg', 'inmee', '10', 'kent0405', '恭喜', 'npc776', '獲得', '87', 'Ptt', 'zu5566', '恭喜', 'inmee', '獲得', '87', 'Ptt', 'aaaaaaa1', '30', 'sazabijiang', '10', '恭喜', 'Liandh', '10', '獲得', '870', 'Ptt', 'Erechtheus', '179', 'mihu923', 'diger', '20', 'acer1832a', 'ABADBOY', '10', 'jump0520', '50', 'jump0520', '50', 'jump0520', '10', 'oni23', '10', 'nawy798546', 'shotan', '10', 'shotan', '10', 'qwerkevin', 'moon128', '20', 'poyulai17', 'cloud23', '10', 'kyzusmugoe', '50', 'kyzusmugoe', '50', 'BlackskyXD', 'helmsley', 'mikun', '30', 'helmsley', '恭喜', 'CHYYP', '10', '獲得', '870', 'Ptt', 'aaaa1218957', 'BC0710', '恭喜', 'cat654231', '獲得', '522', 'Ptt', 'moon2251', '10', '恭喜', 'Scorpion0302', '20', '獲得', '1740', 'Ptt', 'chwenegg', 'NNBOY', '30', 'vvnews', '50', 'how0919', 'chsm3642', '10', 'hmchiu1216', 'shanghsia', 'shanghsia', 'jun10', 'mmllrr', 'mmllrr', 'mmllrr', 'mmllrr', 'verdandy', '10', 'jun10', '10', 'alan0260', 'XDmoon', '10', 'PttWillie', '50', 'hwagj', 'masoushizuka', 'for311544', '恭喜', 'qk56', '獲得', '87', 'Ptt', 'Rin5566', '99', 'Rin5566', 'orange9867', 'joygo', '50', 'hahablue', '10', 'cjsblues', 'brow', 'q7619713', '10', 'q7619713', '10', 'blackpork', 'chinjason50', '100', 'zeldalight', 'stock858', 'stock858', 'yamahablog91', 'yamahablog91', 'sfrhl569', 'yamahablog91', 'arnoldlai', '30', 'fix78', 'arnoldlai', '270', 'sofia0430', 'yragggc', '恭喜', 'iorijkl', '獲得', '435', 'Ptt', 'j3344567', '20', 'y598763', '20', 'joj', 'leftwalk', 'orange450046', '70', 'LOGIC5566', 'aaa80563', 'tinybunny', 'ruby5566', '100', '恭喜', 'jack51216', '獲得', '87', 'Ptt', 'march55237', '20', 'ppp237', 'ppp237', 'ppp237', 'RAINANDRAIN', '100', '恭喜', 's70337033', '獲得', '174', 'Ptt', 'x8420', 'pinkieyeh', 's70337033', '恭喜', 's70337033', '獲得', '174', 'Ptt', 'excercang', '100', 'Ways', 'aiyu320', 'DeapBlue', '10', 'maye', '10', 'q09701023', '460', 'panda816', '50', 'rickysam0540', '20', 'rickysam0540', '10', 'w84970639', '15', 'vip0203', 'theta4719', 'fiugu', 'ardoctor', 'iii326', 'CalcuLouis', '100', 'CalcuLouis', '100', 'zetaplus99', '10', 'fang2tu', 'fang2tu', 'scorpio0600', '10', 'polarfox', '10', 'eric19870117', '50', 'brucebooken', '9999', 'brucebooken', '9999', 'brucebooken', '9999', 'brucebooken', '9999', 'qpzmm', '10', 'lishen526', 'maye', '10', 'a122771723', '1000', 'clmmu', '10', 'WolFDragoN', '10', 'organ63521', '50', '恭喜', 'f101202', '500', '獲得', '43500', 'Ptt', '恭喜', 'key7110', '獲得', '435', 'Ptt', 'key7110', 'key7110', 'james4141989', '10', 'sparta40', 'ZZZ99770', 'rhrh1129', '10', 'eric19870117', '50', 'frankweng000', 'bblovebb', '10', 'musi', 'kyanaru', '10', 'floatandy', '10', 'ted01199', 'vion321', '50', 'vion321', '50', 'vion321', '50', 'h91310022', '500', 'vion321', '50', 'h91310022', '500', 'DumAsYou', 'windblood', '20', 'kidofking', 'dosiris', '10', 'ANava', '100', 'whyhsu', '30', 'overskyend', '100', 'fallmi', '100', 'nightop', 'fatlong', '10', 'mumuwei', 'mumuwei', '10', 'cheng0713', 'cphe', '10', 'cps80655', 'maxman77', '20', 'maxman77', 'administrate', 'administrate', 'paiyuchin', '10', 'paiyuchin', '10', 'carkyoing', 'carkyoing', 'wewe1026', '100', '恭喜', 'carkyoing', '獲得', '261', 'Ptt', 'd9568597', 'd9568597', 'seven2966', 'seven2966', 'CraziPhone', 'seven2966', 'rich95131', 'littledan', '4999', 'horrid', 'horrid', '恭喜', 'horrid', '獲得', '87', 'Ptt', 'ojh', 'ojh', 'kkfong', '10', 'swallow919', 'ipath19', '恭喜', 'myloso', '100', '獲得', '8700', 'Ptt', 'hois', '10', '恭喜', 'cracks', '10', '獲得', '870', 'Ptt', 'cracks', '10', 'cracks', '10', 'cracks', '恭喜', 'quid1121', '100', '獲得', '8700', 'Ptt', '恭喜', 'quid1121', '1000', '獲得', '87000', 'Ptt', 'kakacon', '恭喜', 'enke', '獲得', '174', 'Ptt', 'enke', 'enke', 'enke', 'enke', 'Klauhal', '10', '恭喜', 's8911124', '獲得', '87', 'Ptt', 'Maaa', 'CHJ1111', 'bsexp317156', 'ayachyan', '300', '恭喜', 'laijerry', '獲得', '87', 'Ptt', 'laijerry', 'YeaPa', '100', 'yzlai', '恭喜', 'jonah1220', '100', '獲得', '8700', 'Ptt', 'hotking', '100', 'egban', 'wmqoanskdey', '10', 'hideyoshi21', '50', 'cloudofsky', 'happypears', 'ok0921508', '10', 'allen51103', '100', '恭喜', 'shouchiku', '100', '獲得', '8700', 'Ptt', 'shouchiku', '100', 'shouchiku', '100', 'shouchiku', '100', 'macheal', '10', 'milkeric888', '20', 'winwaylin', 'play579831', '100', 'play579831', '50', 'play579831', '50', 'az281510', 'warbreaker', '10', 'yes5108', 'newlie83', '10', 'newlie83', '10', 'lika32', 'vastvitality', '恭喜', 'q7619713', '10', '獲得', '870', 'Ptt', 'ppllkkhh', '30', 'ppllkkhh', '100', 'AAIOU', 'CTUST', '10', 'safetoy', '300', 'piedad', '10', '恭喜', 'centrabk', '獲得', '522', 'Ptt', 'doublehumor', '110', 'HTOstock', 'HTOstock', 'HTOstock', 'HTOstock', 'HTOstock', '恭喜', 'HTOstock', '獲得', '87', 'Ptt', 'HTOstock', 'searching87', '500', '恭喜', 'searching87', '獲得', '87', 'Ptt', 'zozo0922', 'Sinchiest', '10', 'Sinchiest', '10', 'Sinchiest', 'Sinchiest', 'yu800910', 'yu800910', 'storyo11413', 'timofEE', 'timofEE', 'harrybbs', '10', 'harrybbs', '15', 'harrybbs', '14', 'harrybbs', '15', 'harrybbs', '22', 'harrybbs', '12', 'windway', 'windway', 'bs167512', 'bs167512', 'bs167512', 'injye', 'freedls', '恭喜', 'hkym1109', '10', '獲得', '870', 'Ptt', '恭喜', 'digodi', '10', '獲得', '870', 'Ptt', 'pttpigtony', '20', 'Claire327', 'asier0117', '30', 'asier0117', '20', 'redkol', 'redkol', '30', 'lovebunchan', 'lovebunchan', 'lovebunchan', '恭喜', 'littledan', '4999', '獲得', '434913', 'Ptt', 'HitoshiSan', '13', 'zxc519290', 'jiunjie61', '10', 'wvv', '10', '恭喜', 'yoshiki78529', '600', '獲得', '52200', 'Ptt', 'lucybelle', '50', 'genius7313', '100', 'Jimmyamy2337', 'godc', '1000', 'kujack80913', 'harrybbs', '14', 'harrybbs', '15', 'zoe87113', 'kokal', '20', '恭喜', 'kokal', '20', '獲得', '1740', 'Ptt', 'chen20', '恭喜', 'pcstwater', '100', '獲得', '8700', 'Ptt', 'pcstwater', '100', 'pcstwater', '100', 'pcstwater', '100', 'pcstwater', '100', 'fear', 'fear', '恭喜', 'pcstwater', '100', '獲得', '8700', 'Ptt', 'pcstwater', '100', 'pcstwater', '100', 'pcstwater', '100', 'pcstwater', '100', 'cloudofsky', 'jeffofpower1', '30', 'NelsonWong', '10', 'NelsonWong', 'atomic', '100', 'atomic', '100', 'atomic', '100', 'atomic', '50', '恭喜', 'atomic', '50', '獲得', '4350', 'Ptt', 'mihyhy', 'KID0924', '499', 'KID0924', '499', 'KID0924', '499', 'KID0924', '499', 'KID0924', '499', 'wade0809', 'wade0809', 'ayuii', '120', 'xga00mex', '1000', 'FutuReStronG', '68', 'ken10315', 'xga00mex', '1000', 'comicat', '50', '恭喜', 'Fiower9456', '獲得', '174', 'Ptt', 'Fiower9456', 'Fiower9456', 'misszyx', 'mika99', '10', 'mika99', 'harryl', 'harryl', '恭喜', 'harryl', '獲得', '87', 'Ptt', 'jamlu', '25', '恭喜', 'Sinchiest', '獲得', '435', 'Ptt', 'Sinchiest', 'slddls', '10', 'slddls', '10', 'ukiojj', 'zxc2014', 'zxc2014', 'zxc2014', 'zxc2014', 'jay60202', '10', 'freejordan', 'harrybbs', '119', 'harrybbs', '110', 'harrybbs', '110', 'harrybbs', '44', 'silverfox111', '10', 'silverfox111', '10', 'harrybbs', '101', 'harrybbs', '222', 'harrybbs', '90', 'harrybbs', '111', 'YeaPa', '100', 'howardH', 'Moneychan', '10', 'Moneychan', '10', 'gil82922', '500', 'harrybbs', '177', 'harrybbs', '88', 'harrybbs', '33', 'harrybbs', '133', 'harrybbs', '123', 'harrybbs', '222', 'harrybbs', '111', 'pvp910119', 'harrybbs', '111', 'harrybbs', '222', 'harrybbs', '111', 'harrybbs', '100', 'harrybbs', '445', 'harrybbs', '234', 'digodi', '10', 'iokcup', 'Evenpan', 'Evenpan', 'DK3001', '100', 'DK3001', '15', 'lcw5566']",Positive,0.7472187280654907
M.1788497441.A.F7C,[新聞] 被動元件漲回來！禾伸堂漲停　華新科、國,omanorboyo,2026-09-04 12:50:38,48,https://www.ptt.cc/bbs/Stock/M.1788497441.A.F7C.html,"被動元件漲回來！禾伸堂漲停　華新科、國巨強漲等30檔紅通通
 
 林汪靜
 2026.09.04 10:35


被動元件族群漲回來了！今（2）日表現強勢，禾伸堂開盤就衝上漲停板，雖漲勢一度回
落，近10時又亮燈漲停，漲停價701元；華新科漲逾8%、國巨也漲6%，33檔族群個股中，
幾乎有32檔全面走揚，相當強勢。



華新科今日開盤在高檔震盪，早盤強漲逾8%，成交量達1.8萬張；國巨也同樣走揚，漲逾
7%，成交量近3萬張，而凱美、金山電、蜜望實也同步漲，統計33檔個股，僅一檔呈現平
盤，其他一片「紅通通」。

市場普遍解讀，在經歷長期庫存調整後，產業最壞情況已過，
。

多頭氣勢可望延續

根據外資券商追蹤的全球100多家通路商庫存顯示，截至八月上旬，MLCC（基層陶瓷電容
）通路商庫存較一個月前下降8%，由於AI銷售指引呈現向上格局，被動元件的供給吃緊仍
持續，。

法人認為，短期內被動元件族群在資金追捧下，多頭氣勢仍可望延續，買氣持續活絡。然
而，部分個股今日漲幅已高，短線追高者仍應留意震盪風險，避免盲目追價，操作上，建
議投資人可觀察族群輪動與量價關係，待拉回整理時，擇優布局具基本面支撐、訂單能見
度逐步改善的公司，中長期再檢視產業復甦的實際進度。



太神啦 被動元件爆噴 今日最強族群
下午又有國巨+中藥行法說 強強聯手

這波一直強噴上去不知道會上看多少

--","被動元件漲回來禾伸堂漲停　華新科國巨強漲等30檔紅通通
 
 林汪靜
 20260904 1035


被動元件族群漲回來了今2日表現強勢禾伸堂開盤就衝上漲停板雖漲勢一度回
落近10時又亮燈漲停漲停價701元華新科漲逾8國巨也漲633檔族群個股中
幾乎有32檔全面走揚相當強勢



華新科今日開盤在高檔震盪早盤強漲逾8成交量達18萬張國巨也同樣走揚漲逾
7成交量近3萬張而凱美金山電蜜望實也同步漲統計33檔個股僅一檔呈現平
盤其他一片紅通通

市場普遍解讀在經歷長期庫存調整後產業最壞情況已過


多頭氣勢可望延續

根據外資券商追蹤的全球100多家通路商庫存顯示截至八月上旬MLCC基層陶瓷電容
通路商庫存較一個月前下降8由於AI銷售指引呈現向上格局被動元件的供給吃緊仍
持續

法人認為短期內被動元件族群在資金追捧下多頭氣勢仍可望延續買氣持續活絡然
而部分個股今日漲幅已高短線追高者仍應留意震盪風險避免盲目追價操作上建
議投資人可觀察族群輪動與量價關係待拉回整理時擇優布局具基本面支撐訂單能見
度逐步改善的公司中長期再檢視產業復甦的實際進度



太神啦 被動元件爆噴 今日最強族群
下午又有國巨中藥行法說 強強聯手

這波一直強噴上去不知道會上看多少","['被動', '元件', '回來', '伸堂', '新科', '國巨強', '30', '檔紅', '通通', '林汪靜', '20260904', '1035', '被動', '元件', '族群', '回來', '日表現', '強勢', '伸堂', '開盤', '衝上', '停板', '雖漲', '一度', '落近', '10', '燈漲', '停漲', '停價', '701', '元華', '新科', '國巨', '633', '族群', '股中', '幾乎', '32', '全面', '走揚', '相當', '強勢', '新科', '今日', '開盤', '檔震盪', '早盤', '強漲', '成交量', '18', '張國', '同樣', '揚漲', '成交量', '萬張', '凱美', '金山', '電蜜', '望實', '同步', '漲統計', '33', '檔個', '股僅', '一檔', '現平', '其他', '一片', '通通', '市場', '普遍', '解讀', '經歷長', '期庫', '存調', '整後產業', '最壞', '情況', '已過', '多頭', '氣勢', '可望', '延續', '根據', '外資', '券商', '全球', '100', '多家', '通路商', '庫存', '顯示', '截至', '八月', '上旬', 'MLCC', '基層', '陶瓷', '電容', '通路商', '庫存', '一個', '下降', 'AI', '銷售', '指引', '呈現', '向上', '格局', '被動', '元件', '供給', '持續', '法人', '認為', '短期', '被動', '元件', '族群', '資金', '追捧', '多頭', '氣勢', '可望', '延續', '氣持續', '活絡然', '部分', '今日', '漲幅', '短線', '高者', '仍應', '留意', '震盪', '風險', '避免', '盲目', '追價', '操作', '上建', '議投資', '觀察', '族群', '輪動', '價關', '待拉回', '整理', '時擇', '布局', '基本面', '支撐', '單能', '逐步', '改善', '公司', '中長', '檢視產業', '實際', '進度', '太神', '被動', '元件', '爆噴', '今日', '最強', '族群', '下午', '有國', '巨中藥', '行法', '強強', '聯手', '這波', '一直', '強噴', '上去', '知道', '多少']",Positive,0.9992464780807495
M.1788491812.A.5A4,[標的] 2344華邦電 缸底槓桿進場多,ann16,2026-09-04 11:16:49,31,https://www.ptt.cc/bbs/Stock/M.1788491812.A.5A4.html,"2344 華邦電

多

研究機構指出 明年華邦電少說賺eps30 ,到2028都沒解

30給他十倍本益比300
最少也會漲到300起
目前這價位進場
淺在報酬率100%起跳 是個非常不錯的投資風險

我更是開槓桿 未來報酬率可想會更多

技術面來看 三線全破



跳空缺口157如有機會碰到會在加碼融資加碼

那又如何？

此時再不買更待何時



一起跟我守護華邦電

價值投資穩賺不賠的啦






169融資多單進場
不停損

300到350移動式停利


--
來抄底就對了
911下用力買 不要噴了又說沒跟到
滾沙小 華邦電不到30誰在這版分享買進推薦的
抓很低了 別抓太高 你要打八折也可以
欣興也可以用力買了
這版很多看跌喊跌 真的是..

今天欣興 華邦電跌
我反而要用力買
等發動
必需的
1張
你可以放空看看","2344 華邦電

多

研究機構指出 明年華邦電少說賺eps30 到2028都沒解

30給他十倍本益比300
最少也會漲到300起
目前這價位進場
淺在報酬率100起跳 是個非常不錯的投資風險

我更是開槓桿 未來報酬率可想會更多

技術面來看 三線全破



跳空缺口157如有機會碰到會在加碼融資加碼

那又如何

此時再不買更待何時



一起跟我守護華邦電

價值投資穩賺不賠的啦






169融資多單進場
不停損

300到350移動式停利","['2344', '華邦電', '研究', '機構', '指出', '明年', '華邦', '電少', 'eps30', '2028', '沒解', '30', '給他', '十倍', '本益比', '300', '最少', '300', '目前', '這價位', '進場', '報酬', '100', '起跳', '非常', '不錯', '投資', '風險', '更是', '槓桿', '未來', '報酬', '可想會', '技術', '面來', '三線', '全破', '跳空', '缺口', '157', '如有', '機會', '碰到', '加碼', '融資', '加碼', '如何', '此時', '何時', '一起', '守護華邦電', '價值', '投資穩', '169', '融資多單', '進場', '不停', '300', '350', '移動式', '停利']",Positive,0.999542236328125
M.1788490047.A.BE1,[新聞] 數發部前部長黃彥男示警 主權AI面臨算力,mzwj,2026-09-04 10:47:24,29,https://www.ptt.cc/bbs/Stock/M.1788490047.A.BE1.html,"數發部前部長黃彥男示警 主權AI面臨算力、電力瓶頸

2026-09-01 00:45 經濟日報 記者馬瑞璿／台北報導

台灣力拚主權AI，但算力、電力及資源投入仍明顯落後亞洲鄰國。數發部前部長、中央研究
院特聘研究員黃彥男直言，台灣若要真正發展主權AI，必須正視算力與電力兩大瓶頸，政府
推動AI十大建設也應「再加把勁」，否則徒有完整AI硬體供應鏈，科技主權恐旁落。

台灣通訊學會昨（31）日舉辦「2026科技主權高峰論壇」，黃彥男昨擔任「AI主權：跨國AI
治理問題與台灣本土AI生態鏈」座談場次的主持人，並在會中發表觀點。

黃彥男表示，台灣在全球AI供應鏈占有關鍵地位，從晶片、伺服器到資通訊設備，已形成完
整硬體生態系；然而，台灣在AI基礎建設、算力規模與資源投入方面，不僅落後美國、中國
大陸兩大強權，與日本、南韓及新加坡相比也存在相當差距。

根據英國今年公布的全球AI指數（Global AI Index），台灣排名全球第16名，落後美國、
中國大陸、新加坡、南韓及日本。黃彥男指出，南韓為發展主權AI，已向輝達採購26萬片GP
U（繪圖處理器），日本目前也擁有超過4萬片GPU，相較之下，台灣僅約3萬片，算力規模已
被鄰近國家拉開。

不過，主權AI並非只要採購GPU即可，背後還需要充足且穩定的電力支撐。黃彥男估算，3萬
片GPU約需逾1GW電力，而1GW大致相當於一座核能發電廠的發電量。若台灣電力建設無法同
步跟上，即使買足硬體設備，算力也難以完全發揮，電力將成為主權AI發展的關鍵制約。

台灣通訊學會理事長、台師大AI倫理與治理中心計畫主持人王維菁表示，台灣目前缺乏自己
的大型語言模型，學生多使用國際模型，但美國AI模型收費較高，因此不少學生交作業時，
轉而使用價格較低的中國大陸模型。

黃彥男提醒，主權AI不只是產業與科技競爭，也牽涉語言、文化及價值觀。AI模型的輸出與
推論深受訓練資料影響，台灣若缺乏本土語料、模型及治理能力，長期依賴境外AI服務，可
能影響下一代對台灣歷史、社會與文化脈絡的理解。相較日本、南韓投入的資金與資源，台
灣仍落後不少，必須提高警覺。

數發部長林宜敬指出，主權AI對台灣有兩大意義，一是AI模型須理解台灣語言、社會脈絡及
民主自由價值，呈現台灣自身觀點；二是關鍵算力必須具備足夠的境內落地能力，讓模型在
台灣算力中心運作，使相關服務受到我國法律規範。

新聞連結：

韓國買26萬片GPU 日本4萬片台灣3萬片，台灣沒有自己的語言模型又如何，Claude這種頂級
模型台灣人還是用很開心。

那些國家沒有台灣供應鏈跟便宜RD製造晶片伺服器，你們模型再強GPU在猛也用不了

--","數發部前部長黃彥男示警 主權AI面臨算力電力瓶頸

20260901 0045 經濟日報 記者馬瑞璿台北報導

台灣力拚主權AI但算力電力及資源投入仍明顯落後亞洲鄰國數發部前部長中央研究
院特聘研究員黃彥男直言台灣若要真正發展主權AI必須正視算力與電力兩大瓶頸政府
推動AI十大建設也應再加把勁否則徒有完整AI硬體供應鏈科技主權恐旁落

台灣通訊學會昨31日舉辦2026科技主權高峰論壇黃彥男昨擔任AI主權跨國AI
治理問題與台灣本土AI生態鏈座談場次的主持人並在會中發表觀點

黃彥男表示台灣在全球AI供應鏈占有關鍵地位從晶片伺服器到資通訊設備已形成完
整硬體生態系然而台灣在AI基礎建設算力規模與資源投入方面不僅落後美國中國
大陸兩大強權與日本南韓及新加坡相比也存在相當差距

根據英國今年公布的全球AI指數Global AI Index台灣排名全球第16名落後美國
中國大陸新加坡南韓及日本黃彥男指出南韓為發展主權AI已向輝達採購26萬片GP
U繪圖處理器日本目前也擁有超過4萬片GPU相較之下台灣僅約3萬片算力規模已
被鄰近國家拉開

不過主權AI並非只要採購GPU即可背後還需要充足且穩定的電力支撐黃彥男估算3萬
片GPU約需逾1GW電力而1GW大致相當於一座核能發電廠的發電量若台灣電力建設無法同
步跟上即使買足硬體設備算力也難以完全發揮電力將成為主權AI發展的關鍵制約

台灣通訊學會理事長台師大AI倫理與治理中心計畫主持人王維菁表示台灣目前缺乏自己
的大型語言模型學生多使用國際模型但美國AI模型收費較高因此不少學生交作業時
轉而使用價格較低的中國大陸模型

黃彥男提醒主權AI不只是產業與科技競爭也牽涉語言文化及價值觀AI模型的輸出與
推論深受訓練資料影響台灣若缺乏本土語料模型及治理能力長期依賴境外AI服務可
能影響下一代對台灣歷史社會與文化脈絡的理解相較日本南韓投入的資金與資源台
灣仍落後不少必須提高警覺

數發部長林宜敬指出主權AI對台灣有兩大意義一是AI模型須理解台灣語言社會脈絡及
民主自由價值呈現台灣自身觀點二是關鍵算力必須具備足夠的境內落地能力讓模型在
台灣算力中心運作使相關服務受到我國法律規範

新聞連結

韓國買26萬片GPU 日本4萬片台灣3萬片台灣沒有自己的語言模型又如何Claude這種頂級
模型台灣人還是用很開心

那些國家沒有台灣供應鏈跟便宜RD製造晶片伺服器你們模型再強GPU在猛也用不了","['數發部', '前部', '示警', '主權', 'AI', '面臨', '算力', '電力', '20260901', '0045', '經濟', '日報', '記者', '台北', '報導', '台灣力', '拚主權', 'AI', '但算力', '電力', '資源', '投入', '仍明顯', '落後亞洲', '鄰國數', '發部', '前部', '中央', '研究', '特聘', '研究', '員黃彥', '直言', '台灣', '真正', '發展', '主權', 'AI', '必須', '正視算力', '電力', '兩大瓶', '政府', '推動', 'AI', '十大', '建設', '再加', '否則', '完整', 'AI', '硬體', '應鏈', '科技', '主權', '旁落', '台灣', '通訊學會', '31', '日舉', '2026', '科技', '主權', '高峰', '論壇黃彥', '昨擔', 'AI', '主權', '跨國', 'AI', '治理', '問題', '台灣', '本土', 'AI', '生態', '鏈座', '談場', '主持人', '並在會', '發表', '觀點', '黃彥', '表示', '台灣', '全球', 'AI', '供應', '占有', '關鍵', '地位', '晶片', '伺服器', '資通訊', '設備', '形成', '整硬體', '生態系', '然而', '台灣', 'AI', '基礎', '建設', '算力', '規模', '資源', '投入', '方面', '不僅', '落後美國', '中國', '大陸', '兩大', '強權', '日本', '韓及', '新加坡', '相比', '存在', '相當', '差距', '根據', '英國', '今年', '公布', '全球', 'AI', '指數', 'Global', 'AI', 'Index', '台灣', '排名', '全球', '16', '名落後美國', '中國大陸', '新加坡', '韓及', '日本', '黃彥', '指出', '韓為', '發展', '主權', 'AI', '已向輝', '採購', '26', '萬片', 'GP', '繪圖', '理器', '日本', '目前', '擁有', '超過', '萬片', 'GPU', '相較', '之下', '台灣僅', '萬片', '算力', '規模', '鄰近', '國家拉開', '不過', '主權', 'AI', '並非', '只要', '採購', 'GPU', '即可', '背後還', '需要', '充足', '穩定', '電力', '支撐黃彥', '估算', 'GPU', '1GW', '電力', '1GW', '大致', '相當', '一座', '核能', '發電廠', '發電量', '台灣', '電力', '建設', '無法同', '跟上', '即使', '買足', '硬體', '設備', '算力', '難以', '完全', '發揮', '電力', '將成', '主權', 'AI', '發展', '關鍵', '制約', '台灣', '通訊學會', '理事', '台師', 'AI', '倫理', '治理', '中心', '計畫', '主持人', '王維菁', '表示', '台灣', '目前', '缺乏', '自己', '大型', '語言', '模型', '學生', '使用', '國際', '模型', '美國', 'AI', '模型', '收費', '因此', '不少', '學生', '交作業', '轉而', '使用', '價格', '中國大陸', '模型', '黃彥', '提醒', '主權', 'AI', '只是', '產業', '科技', '競爭', '牽涉', '語言', '文化', '價值觀', 'AI', '模型', '輸出', '推論', '深受', '訓練', '資料', '影響', '台灣', '缺乏', '本土', '語料', '模型', '治理', '能力', '期依賴', '境外', 'AI', '服務', '影響', '下一代', '台灣', '歷史', '社會', '文化', '脈絡', '理解', '相較', '日本', '南韓', '投入', '資金', '資源', '灣仍', '不少', '必須', '提高', '警覺', '數發', '部長', '林宜敬', '指出', '主權', 'AI', '台灣', '大意', '義一是', 'AI', '模型', '理解', '台灣', '語言', '社會', '脈絡', '民主自由', '價值', '現台灣', '自身', '觀點', '關鍵', '算力', '必須', '具備', '足夠', '境內', '落地', '能力', '模型', '台灣算力', '中心', '運作', '相關', '服務', '受到', '我國', '法律', '規範', '新聞', '連結', '韓國', '26', '萬片', 'GPU', '日本', '萬片', '台灣', '萬片', '台灣', '沒有', '自己', '語言', '模型', '如何', 'Claude', '這種', '頂級', '模型', '台灣人', '還是', '開心', '那些', '國家', '沒有', '台灣供', '應鏈', '便宜', 'RD', '晶片', '伺服器', '你們', '模型', '再強', 'GPU', '不了']",Positive,0.9851303100585938
M.1788486027.A.D2D,Re: [新聞] 欣興遭搜索後股價首度翻紅！外資連17日,Zeewa,2026-09-04 09:40:25,88,https://www.ptt.cc/bbs/Stock/M.1788486027.A.D2D.html,"wow~~~
先知~~~
你這兩天好安靜喔???

你發文後買盤進駐了?
懂得就懂?
還有甚麼話說?
有實力的人發文 股價自然上去?

我是相信你的!
只是現實有點沒照你吹得走...
能不能再給點指引?
all in?
四代同堂炒底?
快出來說說話!
我發家致富全靠你了!



--","wow
先知
你這兩天好安靜喔

你發文後買盤進駐了
懂得就懂
還有甚麼話說
有實力的人發文 股價自然上去

我是相信你的
只是現實有點沒照你吹得走
能不能再給點指引
all in
四代同堂炒底
快出來說說話
我發家致富全靠你了","['wow', '先知', '這兩天', '好安靜', '發文後買', '盤進', '懂得', '還有', '甚麼', '實力', '發文', '股價', '自然', '上去', '相信', '只是', '現實', '有點', '沒照', '不能', '給點', '指引', 'all', 'in', '四代同堂', '炒底', '快出', '發家', '致富', '靠你了']",Positive,0.9740095138549805
M.1788486025.A.83F,[新聞] SEMICON爐邊對談》供應鏈出海不是被逼的,AnimalSpirit,2026-09-04 09:40:23,18,https://www.ptt.cc/bbs/Stock/M.1788486025.A.83F.html,"SEMICON爐邊對談》供應鏈出海不是被逼的？鴻海劉揚偉細說「Made with Taiwan」戰略
佈局



沈觀遠2026-09-04 08:10


近年來地緣政治角力加劇，促使全球半導體與電子製造供應鏈大舉向海外遷移，市場普遍
將此現象解讀為「去風險化（De-risking）」下的無奈之舉。然而，電電公會理事長暨鴻
海科技集團董事長劉揚偉在高峰對談中，提出了截然不同的總體經濟視角，直指供應鏈重
組並非純粹受迫於政治壓力，而是全球經濟發展的必然趨勢。


國家為提升本地 GDP，會希望在地消費的產品留在本國製造
「大約十年前，我們就觀察到全球供應鏈即將發生改變，」劉揚偉深入剖析。他認為，當
各國領導人穩定國內政局後，首要任務必然是追求經濟成長與國家繁榮，進而思考如何提
升本地 GDP。在此邏輯下，各國自然會希望在地消費的產品能留在本國製造，這是一個非
常自然的經濟演進過程。地緣政治的動盪雖然讓情況變得更具挑戰性，但實際上只是加速
了這個早已醞釀多年的趨勢，促使業者必須走出台灣，前往消費市場當地設廠。
面對全球體系的深刻轉變，台灣電子供應鏈必須從根本上調整戰略思維。劉揚偉強調，台
灣過去習慣將生產能量與技術全數集中於島內，但未來的方向不能再單純執著於「台灣製
造（Made in Taiwan）」。

與其他國家分享技術，台灣將能與世界各國達成共同繁榮

「我們必須思考如何『與台灣共同製造（Made with Taiwan）』，在產品的目標市場當地
，將台灣的技術與優勢延伸出去」他清楚定調這場轉型的核心精神。透過與全球其他國家
分享技術、在地協作，台灣將能與世界各國達成共同繁榮（Thrive together）的雙贏局
面。
劉揚偉進一步點出，AI 時代的到來讓所有產業的發展速度大幅倍增，這也是必須訴諸全
球在地化協作的關鍵原因。傳統上「先在內部開發 IP 與產品，再推廣至市場尋找應用」
的節奏已過於緩慢，無法應付龐大且急迫的 AI 需求。台灣擁有獨特的文化、優良的教育
體系與穩定的政策，造就了兼具「品質與速度」的製造優勢。唯有將這份優勢快速轉移並
結合各國當地資源，集結全球之力共同運作，才能真正在這波空前的 AI 狂潮中站穩腳步
。





不是被逼的到美國設廠的
是我們廠商根據地緣政治及市場情況而決定的

不管你信不信
反正我信了

善意提醒
推文小心

--","SEMICON爐邊對談供應鏈出海不是被逼的鴻海劉揚偉細說Made with Taiwan戰略
佈局



沈觀遠20260904 0810


近年來地緣政治角力加劇促使全球半導體與電子製造供應鏈大舉向海外遷移市場普遍
將此現象解讀為去風險化Derisking下的無奈之舉然而電電公會理事長暨鴻
海科技集團董事長劉揚偉在高峰對談中提出了截然不同的總體經濟視角直指供應鏈重
組並非純粹受迫於政治壓力而是全球經濟發展的必然趨勢


國家為提升本地 GDP會希望在地消費的產品留在本國製造
大約十年前我們就觀察到全球供應鏈即將發生改變劉揚偉深入剖析他認為當
各國領導人穩定國內政局後首要任務必然是追求經濟成長與國家繁榮進而思考如何提
升本地 GDP在此邏輯下各國自然會希望在地消費的產品能留在本國製造這是一個非
常自然的經濟演進過程地緣政治的動盪雖然讓情況變得更具挑戰性但實際上只是加速
了這個早已醞釀多年的趨勢促使業者必須走出台灣前往消費市場當地設廠
面對全球體系的深刻轉變台灣電子供應鏈必須從根本上調整戰略思維劉揚偉強調台
灣過去習慣將生產能量與技術全數集中於島內但未來的方向不能再單純執著於台灣製
造Made in Taiwan

與其他國家分享技術台灣將能與世界各國達成共同繁榮

我們必須思考如何與台灣共同製造Made with Taiwan在產品的目標市場當地
將台灣的技術與優勢延伸出去他清楚定調這場轉型的核心精神透過與全球其他國家
分享技術在地協作台灣將能與世界各國達成共同繁榮Thrive together的雙贏局
面
劉揚偉進一步點出AI 時代的到來讓所有產業的發展速度大幅倍增這也是必須訴諸全
球在地化協作的關鍵原因傳統上先在內部開發 IP 與產品再推廣至市場尋找應用
的節奏已過於緩慢無法應付龐大且急迫的 AI 需求台灣擁有獨特的文化優良的教育
體系與穩定的政策造就了兼具品質與速度的製造優勢唯有將這份優勢快速轉移並
結合各國當地資源集結全球之力共同運作才能真正在這波空前的 AI 狂潮中站穩腳步






不是被逼的到美國設廠的
是我們廠商根據地緣政治及市場情況而決定的

不管你信不信
反正我信了

善意提醒
推文小心","['SEMICON', '爐邊', '談供', '應鏈', '出海', '不是', '鴻海', '劉揚偉細', 'Made', 'with', 'Taiwan', '戰略', '沈觀', '20260904', '0810', '近年', '地緣', '政治', '角力', '加劇', '促使', '全球', '半導體', '與電', '海外', '遷移', '市場', '普遍', '將此', '現象', '解讀', '風險化', 'Derisking', '無奈之舉', '然而', '電電公會', '理事', '科技', '集團', '董事', '劉揚偉', '高峰', '對談', '提出', '截然不同', '總體', '經濟視角', '直指', '供應', '鏈重', '組並', '非純粹', '受迫', '政治', '壓力', '而是', '全球', '經濟', '發展', '必然', '趨勢', '國家', '提升', '本地', 'GDP', '希望', '消費', '產品', '留在', '大約', '十年', '我們', '觀察到', '全球', '供應鏈', '即將', '發生', '改變', '劉揚偉', '深入', '剖析', '認為當', '各國', '領導人', '穩定', '國內', '政局', '首要', '任務', '必然', '追求', '經濟', '成長', '國家', '繁榮進', '思考', '如何', '本地', 'GDP', '邏輯', '各國', '自然', '希望', '消費', '產品', '留在', '自然', '經濟', '演進', '過程', '地緣', '政治', '動盪', '雖然', '情況', '變得', '更具', '挑戰性', '實際', '只是', '加速', '這個', '早已', '醞釀', '多年', '趨勢', '促使', '業者', '必須', '出台', '前往', '消費', '市場', '當地', '設廠', '面對', '全球', '體系', '深刻', '轉變', '台灣', '電子', '應鏈', '必須', '根本', '上調', '整戰略', '思維', '劉揚偉強', '調台', '灣過', '習慣', '將生產', '能量', '技術', '全數', '集中', '島內', '未來', '方向', '不能', '單純', '執著', 'Made', 'in', 'Taiwan', '其他', '國家', '分享', '技術', '台灣', '將能', '世界', '各國', '達成', '共同', '繁榮', '我們', '必須', '思考', '如何', '台灣', '共同', 'Made', 'with', 'Taiwan', '產品', '目標', '市場', '當地', '將台灣', '技術', '優勢', '延伸', '出去', '清楚', '定調', '這場', '轉型', '核心', '精神', '透過', '全球', '其他', '國家', '分享', '技術', '協作', '台灣', '將能', '世界', '各國', '達成', '共同', '繁榮', 'Thrive', 'together', '雙贏局', '劉揚偉進', '一步', '點出', 'AI', '時代', '所有', '產業', '發展', '速度', '大幅', '倍增', '這也', '必須訴', '諸全', '地化', '協作', '關鍵', '原因', '傳統', '內部', '開發', 'IP', '產品', '推廣至', '市場', '尋找', '應用', '節奏', '已過', '緩慢', '無法', '應付', '龐大且', '急迫', 'AI', '需求', '台灣', '擁有', '獨特', '文化', '優良', '教育', '體系', '穩定', '政策', '造就', '兼具', '品質', '速度', '唯有', '將這份', '優勢', '快速', '轉移並', '結合', '各國', '當地', '資源', '集結', '全球', '之力', '共同', '運作', '才能', '真正', '這波', '空前', 'AI', '狂潮', '中站', '穩腳步', '不是', '美國', '設廠', '我們', '商根據', '地緣', '政治', '市場', '情況', '決定', '不管', '信不信', '反正', '我信', '善意', '提醒', '推文', '小心']",Positive,0.9991211295127869
M.1788482695.A.5A4,[標的] 2020.TW 美亞 長線多,kevin10449,2026-09-04 08:44:53,9,https://www.ptt.cc/bbs/Stock/M.1788482695.A.5A4.html,"-------------------------------------------------------------------------
1.
       ex [標的] 2330 台積電
       ex [標的] TSLA 特斯拉

2.發標的文未充實內文，者，板規 1-1-5 或 4-2-4 處分。

3.進退場機制若非長期投資，請，否則依板規 1-1-6 處分。

4.請依格式輸入內容，未依格式者板規1-1-2處分。

---------------------按ctrl+y以上內容。----------------------------




多









--","1
       ex 標的 2330 台積電
       ex 標的 TSLA 特斯拉

2發標的文未充實內文者板規 115 或 424 處分

3進退場機制若非長期投資請否則依板規 116 處分

4請依格式輸入內容未依格式者板規112處分

按ctrly以上內容




多","['ex', '2330', '台積電', 'ex', 'TSLA', '特斯拉', '發標', '文未', '充實', '內文者', '板規', '115', '424', '處分', '進退場', '機制', '若非', '投資', '否則', '依板規', '116', '處分', '格式', '輸入', '內容', '格式', '板規', '112', '處分', 'ctrly', '以上', '內容']",Negative,0.9938293099403381
M.1788481803.A.008,[閒聊] 2026/09/04 盤中閒聊,laptic,2026-09-04 08:30:00,爆,https://www.ptt.cc/bbs/Stock/M.1788481803.A.008.html,"==================115/09/04台股資訊重點整理，供股民做投資參考=================


台指期未平倉口數 自營商  () 投信  () 外資  (+3,704)
台指選未平倉口數 自營商  () 投信  (0) 外資   (  )


==============================================================================



--

逝影夢炎訊坤燃，音若知晰方時路；

牽刻時照刹空瀚，遠騰賜間陽日浦。




作者：LUBE (@Lu_Bee__)

獨行雪原的旅人於此小憩後踏上旅途。



--

長亭外，古道邊，芳草碧連天。晚風拂柳笛聲殘，夕陽山外山。
天之涯，地之角，知交半零落。一壺濁酒盡餘歡，今宵別夢寒。
長亭外，古道邊，芳草碧連天。問君此去幾時還，來時莫徘徊。
天之涯，地之角，知交半零落。人生難得是歡聚，惟有別離多。
　　　　　　　　　　　　　　　　　　　　　　　　　　——【現代】李叔同《送別》

--","1150904台股資訊重點整理供股民做投資參考


台指期未平倉口數 自營商   投信   外資  3704
台指選未平倉口數 自營商   投信  0 外資     








逝影夢炎訊坤燃音若知晰方時路

牽刻時照刹空瀚遠騰賜間陽日浦




作者LUBE LuBee

獨行雪原的旅人於此小憩後踏上旅途","['1150904', '台股', '資訊', '重點', '整理', '股民', '投資', '參考', '指期', '未平', '倉口數', '自營商', '投信', '外資', '3704', '台指', '選未平', '倉口數', '自營商', '投信', '外資', '逝影夢炎', '燃音', '知晰方', '時路', '牽刻', '時照', '刹空瀚', '遠騰賜間', '陽日浦', '作者', 'LUBE', 'LuBee', '獨行', '雪原', '旅人', '小憩', '踏上', '旅途']",Positive,0.9863024353981018
M.1788481106.A.F3A,[新聞] 進入成長期 宏達電重押AI眼鏡,cjol,2026-09-04 08:18:21,58,https://www.ptt.cc/bbs/Stock/M.1788481106.A.F3A.html,"進入成長期 宏達電重押AI眼鏡

2026/09/04 中國時報 黃琮淵

宏達電3日發表AI智慧眼鏡VIVE Eagle全新圓框款，並同步迎來重大軟體升級。（宏達電
提供／黃琮淵台北傳真）

宏達電3日宣布旗下AI智慧眼鏡VIVE Eagle升級改款，即日起在歐美市場開賣。宏達電資
深副總裁黃昭穎指出，AI眼鏡已經從嘗鮮期進入明確的成長期，預估明年銷售升溫，他也
透露目前營收占比中，XR比重最高，AI智慧眼鏡今年起的營收已超越智慧型手機。


至於還會不會推新手機？黃昭穎說，手機因為創新技術受限，暫時沒有計畫推新機，但宏
達電今年第4季會發表另一款新的AI硬體，明年則會再推新款AI智慧眼鏡。

宏達電昨日發表AI智慧眼鏡VIVE Eagle全新圓框款並升級軟硬體，錄影畫質由2K提升至3K
，新增慢動作錄影、Live Streaming 直播、即時翻譯對話模式、點頭接聽／搖頭拒接來
電、定時關機及多語系介面，從功能到續航全面提升日常使用體驗，進化使用需求。

黃昭穎表示，VIVE Eagle目前已在台灣、香港、日本、新加坡等地上市，台灣除台灣大哥
大，即日起再新增中華電信通路；新品也將在英國、法國、德國及美國同步上市，希望能
趕上第4季消費旺季，通路涵蓋電子零售與眼鏡通路，並推進至歐洲電信商，看好歐美市
場規模大且重視隱私，對銷售有信心。

VIVE Eagle採用開放式架構，整合Gemini和OpenAI，並透過季度軟體更新讓第一代用戶也
能享有最新功能。在進軍歐美後，是否也會賣到大陸？黃昭穎表示，宏達電評估因大陸無
法使用Gemini和OpenAI，會削弱核心優勢，VIVE Eagle現階段還不會進大陸市場。

黃昭穎表示，AI眼鏡歷經一段嘗鮮期，AI模型與語音互動成熟，有眼鏡即時通話、翻譯、
資訊查詢等便利功能，加上硬體已夠輕量化，適合日常佩戴，明年將進入明確成長期，宏
達電對此深具信心，除今年底會發表另一款新的AI硬體，明年還會再推新款AI智慧眼鏡。





存股台積電不如存股紅茶店
1300學長姐表示
AI 眼鏡市場競爭者眾（如 Meta 等）
宏達電能否擺脫長期虧損、將銷量轉化為營利仍待考驗

--","進入成長期 宏達電重押AI眼鏡

20260904 中國時報 黃琮淵

宏達電3日發表AI智慧眼鏡VIVE Eagle全新圓框款並同步迎來重大軟體升級宏達電
提供黃琮淵台北傳真

宏達電3日宣布旗下AI智慧眼鏡VIVE Eagle升級改款即日起在歐美市場開賣宏達電資
深副總裁黃昭穎指出AI眼鏡已經從嘗鮮期進入明確的成長期預估明年銷售升溫他也
透露目前營收占比中XR比重最高AI智慧眼鏡今年起的營收已超越智慧型手機


至於還會不會推新手機黃昭穎說手機因為創新技術受限暫時沒有計畫推新機但宏
達電今年第4季會發表另一款新的AI硬體明年則會再推新款AI智慧眼鏡

宏達電昨日發表AI智慧眼鏡VIVE Eagle全新圓框款並升級軟硬體錄影畫質由2K提升至3K
新增慢動作錄影Live Streaming 直播即時翻譯對話模式點頭接聽搖頭拒接來
電定時關機及多語系介面從功能到續航全面提升日常使用體驗進化使用需求

黃昭穎表示VIVE Eagle目前已在台灣香港日本新加坡等地上市台灣除台灣大哥
大即日起再新增中華電信通路新品也將在英國法國德國及美國同步上市希望能
趕上第4季消費旺季通路涵蓋電子零售與眼鏡通路並推進至歐洲電信商看好歐美市
場規模大且重視隱私對銷售有信心

VIVE Eagle採用開放式架構整合Gemini和OpenAI並透過季度軟體更新讓第一代用戶也
能享有最新功能在進軍歐美後是否也會賣到大陸黃昭穎表示宏達電評估因大陸無
法使用Gemini和OpenAI會削弱核心優勢VIVE Eagle現階段還不會進大陸市場

黃昭穎表示AI眼鏡歷經一段嘗鮮期AI模型與語音互動成熟有眼鏡即時通話翻譯
資訊查詢等便利功能加上硬體已夠輕量化適合日常佩戴明年將進入明確成長期宏
達電對此深具信心除今年底會發表另一款新的AI硬體明年還會再推新款AI智慧眼鏡





存股台積電不如存股紅茶店
1300學長姐表示
AI 眼鏡市場競爭者眾如 Meta 等
宏達電能否擺脫長期虧損將銷量轉化為營利仍待考驗","['進入', '成長', '宏達', '電重', 'AI', '眼鏡', '20260904', '中國', '時報', '黃琮淵', '宏達電', '發表', 'AI', '智慧', '眼鏡', 'VIVE', 'Eagle', '全新', '圓框', '款並', '同步', '迎來', '重大', '軟體', '升級', '宏達電', '提供', '黃琮淵', '台北', '傳真', '宏達電', '宣布', '旗下', 'AI', '智慧', '眼鏡', 'VIVE', 'Eagle', '升級', '改款', '即日起', '歐美市', '場開', '賣宏達', '電資', '深副', '總裁', '昭穎', '指出', 'AI', '眼鏡', '已經', '嘗鮮期', '進入', '明確', '成長', '預估', '明年', '銷售', '升溫', '透露', '目前', '營收', 'XR', '比重', '最高', 'AI', '智慧', '眼鏡', '今年', '營收', '超越', '智慧型', '手機', '至於', '還會', '不會', '新手', '機黃昭穎', '手機', '因為', '創新', '技術', '受限', '暫時', '沒有', '計畫', '推新機', '但宏', '達電', '今年', '季會', '發表', '一款', 'AI', '硬體', '明年', '則會', '新款', 'AI', '智慧', '眼鏡', '宏達電', '昨日', '發表', 'AI', '智慧', '眼鏡', 'VIVE', 'Eagle', '全新', '圓框款', '並升級', '軟硬體', '錄影', '畫質', '2K', '提升', '3K', '新增', '慢動作', '錄影', 'Live', 'Streaming', '直播', '即時', '翻譯', '模式', '點頭接', '搖頭', '拒接', '電定', '時關', '機及', '語系', '介面', '功能', '到續航', '全面', '提升', '日常', '使用', '體驗', '進化', '使用', '需求', '昭穎', '表示', 'VIVE', 'Eagle', '目前', '台灣', '香港', '日本', '新加坡', '上市', '台灣除', '台灣', '大哥', '即日起', '新增', '中華電信', '通路', '新品', '將在', '英國法', '國德國', '美國', '同步', '上市', '希望', '趕上', '季消費', '旺季', '通路', '涵蓋', '電子', '零售', '眼鏡', '通路', '並推進', '歐洲', '電信商', '看好', '歐美市', '場規模', '大且', '重視', '隱私', '銷售', '信心', 'VIVE', 'Eagle', '採用', '開放式', '架構', '整合', 'Gemini', 'OpenAI', '並透過', '季度', '軟體', '更新', '第一代', '用戶', '享有', '最新', '功能', '進軍歐', '是否', '陸黃昭穎', '表示', '宏達電', '評估', '因大陸', '使用', 'Gemini', 'OpenAI', '削弱', '核心', '優勢', 'VIVE', 'Eagle', '現階段', '還不會', '進大陸', '市場', '昭穎', '表示', 'AI', '眼鏡', '歷經', '一段', '嘗鮮期', 'AI', '模型', '語音', '互動', '成熟', '眼鏡', '通話', '翻譯', '資訊', '查詢', '便利', '功能', '加上', '硬體', '已夠', '量化', '適合', '日常', '佩戴', '明年', '將進入', '明確', '成長', '期宏', '達電', '深具', '信心', '今年底', '發表', '一款', 'AI', '硬體', '明年', '還會', '新款', 'AI', '智慧', '眼鏡', '存股', '台積電', '不如', '存股紅', '茶店', '1300', '學長', '表示', 'AI', '眼鏡', '市場', '競爭者', '眾如', 'Meta', '宏達電', '能否', '脫長', '期虧', '損將', '銷量', '轉化', '營利', '待考']",Positive,0.9948384165763855
M.1788480289.A.288,[新聞] GPT-6 Astra來了！AI推理得分99.9%,arsl400,2026-09-04 08:04:47,64,https://www.ptt.cc/bbs/Stock/M.1788480289.A.288.html,"GPT-6 Astra來了！AI推理得分99.9%、還能自己操作電腦做事


 。

 
2026年09月04日 06:46


吳立言

OpenAI 宣布推出新一代 AI 模型 GPT-6 Astra，這次升級的重點不只是「回答問題更準
」，而是讓 AI 能直接操作電腦、使用軟體並完成一連串工作。

AI 開始直接替你做事

GPT-6 Astra 可以處理填寫網路表單、更新客戶資料、整理行事曆、搜尋網路資料等工作
，也能製作文件、簡報與試算表。 例如使用者只要交代任務，Astra 就能自行操作相關
A也能製作文件、簡報與試算表。 例如使用者只要交代任務，Astra 就能自行操作相
關
工具完成多個步驟，不用再每完成一步就等待使用者下指令。

電腦操作速度更快

在 OSWorld 2.0 測試中，GPT-6 Astra 得分 72.6%，高於 GPT-5.6 Sol 的 65.7%。
OpenAI 表示，Astra 完成這類電腦操作任務所需時間約 40 分鐘，GPT-5.6 Sol 則約
75 分鐘。 搭配更新後的 Codex 執行環境，在 Mind2Web 測試中，整體任務完成速度約
提升至目前 GPT-5.6 Sol 體驗的 1.9 倍。

寫程式與研究能力同步提升

Astra 也針對程式開發、數學與科學工作進行強化。它能協助除錯、修改大型程式，也能
使用專業軟體分析科學資料。 在 FrontierMath Tier 4 測試中，Astra 得分 97.6%，
GPT-5.6 Sol 為 83.0%；ARC-AGI-3 則達到 99.9%。

資安能力更強也更危險






歪梯下方留言酸到爆:可以幫我把Claude做掉嗎?你的額度已經用光，請加價
看起來又是劃時代一個新科技，買進囉

--","GPT6 Astra來了AI推理得分999還能自己操作電腦做事


 

 
2026年09月04日 0646


吳立言

OpenAI 宣布推出新一代 AI 模型 GPT6 Astra這次升級的重點不只是回答問題更準
而是讓 AI 能直接操作電腦使用軟體並完成一連串工作

AI 開始直接替你做事

GPT6 Astra 可以處理填寫網路表單更新客戶資料整理行事曆搜尋網路資料等工作
也能製作文件簡報與試算表 例如使用者只要交代任務Astra 就能自行操作相關
A也能製作文件簡報與試算表 例如使用者只要交代任務Astra 就能自行操作相
關
工具完成多個步驟不用再每完成一步就等待使用者下指令

電腦操作速度更快

在 OSWorld 20 測試中GPT6 Astra 得分 726高於 GPT56 Sol 的 657
OpenAI 表示Astra 完成這類電腦操作任務所需時間約 40 分鐘GPT56 Sol 則約
75 分鐘 搭配更新後的 Codex 執行環境在 Mind2Web 測試中整體任務完成速度約
提升至目前 GPT56 Sol 體驗的 19 倍

寫程式與研究能力同步提升

Astra 也針對程式開發數學與科學工作進行強化它能協助除錯修改大型程式也能
使用專業軟體分析科學資料 在 FrontierMath Tier 4 測試中Astra 得分 976
GPT56 Sol 為 830ARCAGI3 則達到 999

資安能力更強也更危險






歪梯下方留言酸到爆可以幫我把Claude做掉嗎你的額度已經用光請加價
看起來又是劃時代一個新科技買進囉","['GPT6', 'Astra', 'AI', '推理', '得分', '999', '還能', '自己', '操作', '電腦', '做事', '2026', '09', '04', '0646', '立言', 'OpenAI', '宣布', '推出', '新一代', 'AI', '模型', 'GPT6', 'Astra', '這次', '升級', '重點', '只是', '回答', '問題', '更準', '而是', 'AI', '直接', '操作', '電腦', '使用', '軟體並', '完成', '一連串', '工作', 'AI', '開始', '直接', '做事', 'GPT6', 'Astra', '可以', '處理', '填寫', '網路', '表單', '更新', '客戶', '資料', '整理', '行事', '搜尋網', '資料', '工作', '文件', '簡報', '試算表', '例如', '使用者', '只要', '交代', '任務', 'Astra', '自行', '操作', '相關', '文件', '簡報', '試算表', '例如', '使用者', '只要', '交代', '任務', 'Astra', '自行', '操作', '工具', '完成', '多個', '步驟', '不用', '完成', '一步', '等待', '使用者', '指令', '電腦', '操作速度', 'OSWorld', '20', '測試', 'GPT6', 'Astra', '得分', '726', 'GPT56', 'Sol', '657', 'OpenAI', '表示', 'Astra', '完成', '這類', '電腦', '操作', '任務', '需時間', '40', '分鐘', 'GPT56', 'Sol', '則約', '75', '分鐘', '搭配', '更新', 'Codex', '執行', '環境', 'Mind2Web', '測試', '整體', '任務', '完成', '速度', '提升', '目前', 'GPT56', 'Sol', '體驗', '19', '程式', '研究', '能力', '同步', '提升', 'Astra', '針對', '程式', '開發', '數學', '科學', '工作', '進行', '強化', '協助', '除錯', '修改', '大型', '程式', '使用', '專業', '軟體', '分析', '科學', '資料', 'FrontierMath', 'Tier', '測試', 'Astra', '得分', '976', 'GPT56', 'Sol', '830ARCAGI3', '則達', '999', '資安', '能力', '更強', '危險', '歪梯', '下方', '留言', '酸到', '可以', 'Claude', '額度', '已經', '用光', '加價', '看起', '劃時代', '一個', '科技', '買進']",Positive,0.992266833782196
M.1788479820.A.310,Re: [心得] 投資新手聖經 FX戰士久留美 台版上市,asahi98,2026-09-04 07:56:57,51,https://www.ptt.cc/bbs/Stock/M.1788479820.A.310.html,"剛剛看到這部動畫化了，十月一日要上

當初漫畫就在講高槓桿、凹單、停損跟散戶心態，
不知道動畫播出後股版會不會多一批 FX 戰士 XD

看完應該會更懂為什麼「不要凹單」講起來很簡單，
真正虧錢的時候卻很難做到。

七月底有凹單的有多少凹出水了? 我自己是還有被套一部分

看了一下七月我回檔23%!! 這檔七月上映或許會讓人心情舒服點




--
我看到一根向下的動畫整個笑死","剛剛看到這部動畫化了十月一日要上

當初漫畫就在講高槓桿凹單停損跟散戶心態
不知道動畫播出後股版會不會多一批 FX 戰士 XD

看完應該會更懂為什麼不要凹單講起來很簡單
真正虧錢的時候卻很難做到

七月底有凹單的有多少凹出水了 我自己是還有被套一部分

看了一下七月我回檔23 這檔七月上映或許會讓人心情舒服點","['剛剛', '看到', '這部動', '畫化', '十月', '一日', '當初', '漫畫', '講高', '槓桿', '凹單', '停損', '散戶', '心態', '知道', '動畫', '播出', '股版會', '不會', '一批', 'FX', '戰士', 'XD', '完應', '什麼', '不要', '凹單', '講起', '簡單', '真正', '虧錢', '時候', '做到', '七月', '底有', '凹單', '多少', '出水', '自己', '還有', '被套', '一部分', '一下', '七月', '回檔', '23', '這檔', '七月', '上映', '許會', '心情', '舒服']",Positive,0.973601758480072
M.1788478022.A.973,[新聞] 馬斯克推出無方向盤計程車服務，押注乘,asahi98,2026-09-04 07:26:57,85,https://www.ptt.cc/bbs/Stock/M.1788478022.A.973.html,"馬斯克推出無方向盤計程車服務，押注乘客將克服「無法掌控」的恐懼並願意搭乘

 。



 

更新時間：2026 年 9 月 4 日 上午 4:59（GMT+8）



BERNARD CONDON



紐約（美聯社）——伊隆・馬斯克（Elon Musk）週四讓數十輛沒有方向盤、也沒有煞車
踏板的自動駕駛 Cybercab 駛上德州奧斯汀街頭，押注美國民眾將克服對於搭乘「無法自
行控制」車輛的恐懼，並願意坐進車內。

這批金色特斯拉 Cybercab 的推出，正值該公司準備在其他城市推出這項服務之際。這些
車輛在發生緊急狀況時，也沒有提供乘客接管車輛的方式。

特斯拉股價先前因汽車銷量下滑而承受壓力，不過週四上漲超過 5%，市場期待這款充滿
未來感的計程車能夠迅速獲得市場接受。

「沒有方向盤，沒有踏板。」

特斯拉在正式推出前於 X 平台上如此預告。

隨後，馬斯克發布了一則貼文，畫面中一輛巨大的 Cybercab 漂浮在奧斯汀天際線上方；
之後他又寫道：

「Cybercab 風暴（A Storm of Cybercabs）。」

一場僅限受邀人士參加的發表活動，預計將於週四稍晚舉行。

目前尚不清楚馬斯克打算多快推廣 Cybercab 服務，但他必須迅速採取行動。

在已部署的自動駕駛計程車數量以及完成載客趟數方面，特斯拉目前仍落後自動駕駛計程
車市場領導者 Waymo。

如果特斯拉想追上 Waymo，就必須證明其僅依靠攝影機的系統，能夠安全地在街道上行駛
並避開行人。

相較之下，Waymo 以及另一家競爭對手、亞馬遜旗下的 Zoox，除了攝影機之外，還搭配
使用雷達，以及一種稱為光達（LiDAR）的雷射感測技術。

即使這項技術運作良好，特斯拉仍然必須說服美國民眾願意接受它。

皮尤研究中心（Pew Research Center）今年 2 月進行的一項調查顯示，每 10 名美國成
年人中就有 7 人表示，對於搭乘無人駕駛汽車感到「不太自在」或「完全不自在」。

去年，在馬斯克接手美國總統川普政府削減成本的行動——也就是被稱為 DOGE 的政府效
率計畫——並公開支持極右派政治候選人之後，特斯拉股價遭受重挫。

這些行動引發特斯拉展示中心外的抗議活動，也導致多個國家的汽車消費者發起抵制。

特斯拉去年汽車銷量連續第二年出現年度衰退。

公司的獲利大幅下滑，同時也失去了全球最大電動車銷售商的寶座，被中國的比亞迪（
BYD）超越。

自去年 6 月起，奧斯汀便已有特斯拉的自動駕駛「Robotaxi」服務，但這些車輛仍配備
方向盤與煞車踏板。

這項服務之後已擴展至德州與佛羅里達州另外五座城市。在服務剛推出時，車內仍有安全
駕駛員隨車，以便發生問題時接管車輛。

根據監測網站 RobotaxiTracker 的資料，特斯拉目前在這些城市擁有超過 200 輛「無監
督」（unsupervised）Robotaxi，也就是車內沒有安全駕駛員、由車輛自行運作的自動駕
駛計程車。

Waymo 則在 14 座城市擁有超過 4,000 輛這類車輛。

在皮尤的調查中，16% 的美國成年人表示，他們對搭乘無人駕駛汽車會感到「有些自在」
；另有 7% 表示，他們會感到「非常自在」或「十分自在」。

蓋洛普（Gallup）在 2025 年進行的另一項民調則發現，過去幾年來，美國民眾對無人駕
駛汽車安全性的懷疑有所增加。

與 2018 年的調查相比，現在有更多美國人認為，完全由人類駕駛或主要由人類操作的汽
車，才是最安全的選項。

目前尚不清楚，馬斯克是否是最適合說服民眾搭乘完全沒有人類控制介面的汽車的人。

皮尤研究中心今年 1 月進行的另一項調查發現，接近每 10 名美國成年人中就有 6 人對
馬斯克抱持「非常負面」或「大致負面」的看法。

馬斯克最終希望透過軟體更新，將完整自動駕駛軟體推送到數十萬輛特斯拉汽車上。

如此一來，特斯拉車主在自己不使用車輛時，就可以把自己的汽車變成提供載客服務的計
程車。

然而，美國及海外的監管機關已經釋出訊號，顯示馬斯克在這方面仍有不少說服工作要做
。

特斯拉甚至尚未取得多數歐盟國家的批准，讓駕駛人使用其部分自動駕駛軟體。

在美國，這套軟體已經可以下載並實際使用，但監管機關已針對其安全性展開多項調查。

其中一項調查正在檢視這套軟體在數起特斯拉事故中所扮演的角色。這些事故發生在濃霧
、陽光眩光以及其他低能見度環境下，其中一起事故造成一名行人死亡。

另一項調查則正在檢視數十起事故。在這些事件中，使用部分自動駕駛軟體的特斯拉車輛
曾闖紅燈，或駛上道路錯誤的一側。

其中部分事件還造成車輛與其他汽車發生碰撞，並導致人員受傷。

第三項調查則正在檢視，特斯拉為何疑似因未能及時通報事故，而違反監管機關的相關規
定。



剛剛不少人在線上等，這次的公布隱密不報導的
所以沒有辦法直播知道，最後由官方X發布影片

可以看到真的是沒方向盤跟油門煞車
計程車專門服務行動不方便無法開車的人

另外還有公布撞擊測試的影片


現在會有多少人期待沒方向盤油門的計程車，這樣會不會讓事故減少?
台灣會有嗎? 剛好看到美國特斯拉前叫車搭，早上還開直播

--


--
有看到影片至少雙手還要能用的","馬斯克推出無方向盤計程車服務押注乘客將克服無法掌控的恐懼並願意搭乘

 



 

更新時間2026 年 9 月 4 日 上午 459GMT8



BERNARD CONDON



紐約美聯社伊隆馬斯克Elon Musk週四讓數十輛沒有方向盤也沒有煞車
踏板的自動駕駛 Cybercab 駛上德州奧斯汀街頭押注美國民眾將克服對於搭乘無法自
行控制車輛的恐懼並願意坐進車內

這批金色特斯拉 Cybercab 的推出正值該公司準備在其他城市推出這項服務之際這些
車輛在發生緊急狀況時也沒有提供乘客接管車輛的方式

特斯拉股價先前因汽車銷量下滑而承受壓力不過週四上漲超過 5市場期待這款充滿
未來感的計程車能夠迅速獲得市場接受

沒有方向盤沒有踏板

特斯拉在正式推出前於 X 平台上如此預告

隨後馬斯克發布了一則貼文畫面中一輛巨大的 Cybercab 漂浮在奧斯汀天際線上方
之後他又寫道

Cybercab 風暴A Storm of Cybercabs

一場僅限受邀人士參加的發表活動預計將於週四稍晚舉行

目前尚不清楚馬斯克打算多快推廣 Cybercab 服務但他必須迅速採取行動

在已部署的自動駕駛計程車數量以及完成載客趟數方面特斯拉目前仍落後自動駕駛計程
車市場領導者 Waymo

如果特斯拉想追上 Waymo就必須證明其僅依靠攝影機的系統能夠安全地在街道上行駛
並避開行人

相較之下Waymo 以及另一家競爭對手亞馬遜旗下的 Zoox除了攝影機之外還搭配
使用雷達以及一種稱為光達LiDAR的雷射感測技術

即使這項技術運作良好特斯拉仍然必須說服美國民眾願意接受它

皮尤研究中心Pew Research Center今年 2 月進行的一項調查顯示每 10 名美國成
年人中就有 7 人表示對於搭乘無人駕駛汽車感到不太自在或完全不自在

去年在馬斯克接手美國總統川普政府削減成本的行動也就是被稱為 DOGE 的政府效
率計畫並公開支持極右派政治候選人之後特斯拉股價遭受重挫

這些行動引發特斯拉展示中心外的抗議活動也導致多個國家的汽車消費者發起抵制

特斯拉去年汽車銷量連續第二年出現年度衰退

公司的獲利大幅下滑同時也失去了全球最大電動車銷售商的寶座被中國的比亞迪
BYD超越

自去年 6 月起奧斯汀便已有特斯拉的自動駕駛Robotaxi服務但這些車輛仍配備
方向盤與煞車踏板

這項服務之後已擴展至德州與佛羅里達州另外五座城市在服務剛推出時車內仍有安全
駕駛員隨車以便發生問題時接管車輛

根據監測網站 RobotaxiTracker 的資料特斯拉目前在這些城市擁有超過 200 輛無監
督unsupervisedRobotaxi也就是車內沒有安全駕駛員由車輛自行運作的自動駕
駛計程車

Waymo 則在 14 座城市擁有超過 4000 輛這類車輛

在皮尤的調查中16 的美國成年人表示他們對搭乘無人駕駛汽車會感到有些自在
另有 7 表示他們會感到非常自在或十分自在

蓋洛普Gallup在 2025 年進行的另一項民調則發現過去幾年來美國民眾對無人駕
駛汽車安全性的懷疑有所增加

與 2018 年的調查相比現在有更多美國人認為完全由人類駕駛或主要由人類操作的汽
車才是最安全的選項

目前尚不清楚馬斯克是否是最適合說服民眾搭乘完全沒有人類控制介面的汽車的人

皮尤研究中心今年 1 月進行的另一項調查發現接近每 10 名美國成年人中就有 6 人對
馬斯克抱持非常負面或大致負面的看法

馬斯克最終希望透過軟體更新將完整自動駕駛軟體推送到數十萬輛特斯拉汽車上

如此一來特斯拉車主在自己不使用車輛時就可以把自己的汽車變成提供載客服務的計
程車

然而美國及海外的監管機關已經釋出訊號顯示馬斯克在這方面仍有不少說服工作要做


特斯拉甚至尚未取得多數歐盟國家的批准讓駕駛人使用其部分自動駕駛軟體

在美國這套軟體已經可以下載並實際使用但監管機關已針對其安全性展開多項調查

其中一項調查正在檢視這套軟體在數起特斯拉事故中所扮演的角色這些事故發生在濃霧
陽光眩光以及其他低能見度環境下其中一起事故造成一名行人死亡

另一項調查則正在檢視數十起事故在這些事件中使用部分自動駕駛軟體的特斯拉車輛
曾闖紅燈或駛上道路錯誤的一側

其中部分事件還造成車輛與其他汽車發生碰撞並導致人員受傷

第三項調查則正在檢視特斯拉為何疑似因未能及時通報事故而違反監管機關的相關規
定



剛剛不少人在線上等這次的公布隱密不報導的
所以沒有辦法直播知道最後由官方X發布影片

可以看到真的是沒方向盤跟油門煞車
計程車專門服務行動不方便無法開車的人

另外還有公布撞擊測試的影片


現在會有多少人期待沒方向盤油門的計程車這樣會不會讓事故減少
台灣會有嗎 剛好看到美國特斯拉前叫車搭早上還開直播","['斯克', '推出', '方向', '盤計', '程車', '服務', '押注', '乘客', '克服', '無法', '掌控', '恐懼', '並願意', '搭乘', '更新', '時間', '2026', '上午', '459GMT8', 'BERNARD', 'CONDON', '紐約', '美聯社', '伊隆馬斯克', 'Elon', 'Musk', '週四讓', '數十輛', '沒有', '方向', '煞車', '踏板', '自動', '駕駛', 'Cybercab', '駛上', '德州', '斯汀', '街頭', '押注', '美國民眾將', '克服', '搭乘', '無法', '控制', '車輛', '恐懼', '並願意', '進車', '這批', '金色', '特斯拉', 'Cybercab', '推出', '正值', '公司', '準備', '其他', '城市', '推出', '這項', '服務之際', '這些', '車輛', '發生', '緊急', '狀況', '提供', '乘客', '接管', '車輛', '方式', '特斯拉', '股價', '先前', '因汽車', '銷量', '下滑', '承受', '壓力', '不過', '週四上', '超過', '市場', '期待', '這款', '充滿', '未來', '計程車', '能夠', '迅速', '獲得', '市場', '接受', '沒有', '方向', '踏板', '特斯拉', '正式', '推出', '平台', '如此', '預告', '隨後馬斯克', '發布', '一則', '文畫面', '一輛', '巨大', 'Cybercab', '漂浮', '斯汀', '天際線', '上方', '之後他', 'Cybercab', '風暴', 'Storm', 'of', 'Cybercabs', '一場', '僅限', '受邀', '人士', '參加', '發表', '活動', '預計將', '週四', '稍晚', '舉行', '目前', '清楚', '斯克', '打算', '多快', '推廣', 'Cybercab', '服務', '必須', '迅速', '採取', '行動', '部署', '自動', '駕駛計', '程車', '數量', '以及', '完成', '載客', '趟數', '方面', '特斯拉', '目前', '落後自動', '駕駛計程', '車市場', '領導者', 'Waymo', '如果', '特斯拉', '追上', 'Waymo', '必須', '證明', '其僅', '依靠', '攝影機', '系統', '能夠', '安全', '街道', '上行', '並避開', '行人', '相較', '之下', 'Waymo', '以及', '另一家', '競爭', '手亞馬遜', '旗下', 'Zoox', '除了', '攝影機', '之外', '搭配', '使用', '雷達', '以及', '一種', '光達', 'LiDAR', '雷射', '感測', '技術', '即使', '這項', '技術', '運作', '良好', '特斯拉', '仍然', '必須', '服美國民眾', '願意', '接受', '研究', '中心', 'Pew', 'Research', 'Center', '今年', '進行', '一項', '調查', '顯示', '10', '名美國成', '表示', '搭乘', '無人', '駕駛', '汽車', '感到', '不太自', '完全', '不自在', '去年', '在馬斯克', '接手', '美國', '統川普', '政府', '削減', '成本', '行動', '就是', 'DOGE', '政府', '率計畫', '並公開', '支持', '右派', '政治', '候選人', '特斯拉', '股價', '遭受', '重挫', '這些', '行動', '引發', '特斯拉', '展示中心', '抗議', '活動', '導致', '多個', '國家', '汽車', '消費者', '發起', '抵制', '特斯拉', '去年', '汽車', '銷量', '連續', '第二年', '出現', '年度', '衰退', '公司', '獲利', '大幅', '下滑', '同時', '失去', '全球', '最大', '電動車', '銷售商', '寶座', '中國', '比亞迪', 'BYD', '超越', '去年', '斯汀', '已有', '特斯拉', '自動', '駕駛', 'Robotaxi', '服務', '這些', '車輛', '配備', '方向', '煞車', '踏板', '這項', '服務', '之後已', '擴展', '德州', '佛羅里', '達州', '另外', '五座', '城市', '服務剛', '推出', '時車', '安全', '駕駛員', '隨車', '以便', '發生', '問題', '接管', '車輛', '根據', '監測', '網站', 'RobotaxiTracker', '資料', '特斯拉', '目前', '這些', '城市', '擁有', '超過', '200', '輛無監', 'unsupervisedRobotaxi', '就是', '車內', '沒有', '安全', '駕駛員', '車輛', '自行', '運作', '自動', '駛計', '程車', 'Waymo', '則在', '14', '城市', '擁有', '超過', '4000', '這類', '車輛', '調查', '16', '美國', '成年人', '表示', '他們', '搭乘', '無人', '駕駛', '汽車會', '感到', '有些', '另有', '表示', '他們', '感到', '非常', '自在', '十分', '蓋洛普', 'Gallup', '2025', '進行', '項民', '調則', '發現', '過去', '幾年', '美國民眾', '無人駕', '駛汽車', '安全性', '懷疑', '有所增加', '2018', '調查', '相比', '現在', '美國人', '認為', '完全', '由人類', '駕駛', '主要', '由人類', '操作', '車才', '安全', '選項', '目前', '清楚', '斯克', '是否是', '適合', '服民眾', '搭乘', '完全', '有人', '控制', '介面', '汽車', '研究', '中心', '今年', '進行', '一項', '調查', '發現', '接近', '10', '名美國', '成年人', '斯克', '抱持', '非常', '負面', '大致', '負面', '看法', '斯克', '最終', '希望', '透過', '軟體', '更新', '完整', '自動', '駕駛', '軟體', '推送', '數十萬輛', '特斯拉', '汽車', '如此', '一來', '特斯拉', '車主', '自己', '使用', '車輛', '可以', '自己', '汽車', '變成', '提供', '客服', '務的計', '程車', '然而', '美國及', '海外', '監管', '機關', '經釋', '出訊號', '顯示馬斯克', '方面', '不少', '說服', '工作', '特斯拉', '甚至', '尚未', '取得', '多數', '歐盟', '國家', '批准', '駕駛人', '使用', '部分', '自動', '駕駛', '軟體', '美國', '這套', '軟體', '已經', '可以', '下載', '並實際', '使用', '監管', '機關', '已針', '安全性', '展開', '多項', '調查', '其中', '一項', '調查', '正在', '檢視', '這套', '軟體', '數起', '特斯拉', '事故', '扮演', '角色', '這些', '事故', '發生', '濃霧', '陽光', '眩光', '以及', '其他', '低能', '見度', '環境', '其中', '一起', '事故', '造成', '一名', '行人', '死亡', '一項', '調查則', '正在', '檢視', '數十起', '事故', '這些', '事件', '使用', '部分', '自動', '駕駛', '軟體', '特斯拉', '車輛', '闖紅燈', '或駛上', '道路', '錯誤', '一側', '其中', '部分', '事件', '造成', '車輛', '其他', '汽車', '發生', '碰撞', '並導致', '人員', '受傷', '第三', '項調', '查則', '正在', '檢視', '特斯拉', '為何', '疑似', '未能', '及時', '通報', '事故', '違反', '監管', '機關', '相關規', '剛剛', '不少', '這次', '公布', '隱密', '報導', '所以', '沒有', '辦法', '直播', '知道', '最後由', '官方', '發布', '影片', '可以', '看到', '真的', '方向', '油門', '煞車', '計程車', '專門', '服務行動', '方便', '無法', '開車', '另外', '還有', '公布', '撞擊', '測試', '影片', '現在會', '多少', '期待', '方向', '盤油門', '計程車', '這樣', '不會', '事故', '減少', '台灣會', '剛好', '看到', '美國', '特斯拉', '叫車', '早上', '還開', '直播']",Positive,0.9824613928794861
M.1788457711.A.CB6,[新聞] Fed理事放鴿！升息預期降溫　美股開高道,CreatorK,2026-09-04 01:48:29,70,https://www.ptt.cc/bbs/Stock/M.1788457711.A.CB6.html,"文章標題 請使用 原新聞標題 勿刪減或自創標題，違者4-1處分


原文標題：Fed理事放鴿！升息預期降溫　美股開高道瓊工業指數漲逾400點

原文連結：縮網址：
原文網址：

f8hdt0V8ArWrZWmLjGZznxeyS

發布時間：2026-09-03 21:57:34

記者署名：記者倪浩軒/綜合報導

原文內容：
美股週四（3日）開盤後各主要指數齊漲，美債殖利率有所回落，市場對美國聯準會（Fed
）不會升息的期望提高，週五將公布的最新非農就業報告成為關注焦點。

截至寫稿時間為止，道瓊工業指數上漲430.11點或0.77％；標普500指數上漲47.40點或0.
62％；那斯達克指數上漲244.736點或0.93％；費城半導體指數下跌165.69點或1.46％。

焦點個股方面，台積電ADR股價在盤中下跌1.13％、輝達上漲1.71％。記憶體類股方面，
指數美光下跌1.77％、Sandisk下跌1.88％，SK海力士ADR股價下跌3.32％。

根據《CNBC》報導，美國聯準會理事沃勒表態，除非即將公佈的通膨數據出現意外，否則
他「傾向支持」維持利率不變，受此影響，美債殖利率出現下跌。根據芝加哥商品交易所
（CME）的FedWatch工具顯示，目前有54.6％交易員押注聯準會將在最新利率會議上升息
，比前一天的62％有所降低。

沃勒的發言，加上日圓大幅升值，讓市場的樂觀情緒提高。雖然油價再度上漲，美國西德
州原油價格升至每桶92美元左右，國際布蘭特原油價格也漲至每桶96美元左右，皆大約上
漲了1％。

Vital Knowledge創辦人克里薩富利（Adam Crisafulli）表示，「如果日圓持續走強，（
理論上，日圓持續升值將能消除全球公債殖利率的上升壓力）這或許會成為一條關鍵線索
，有助於解開許多壓制股市的宏觀經濟不利因素」。

CIFC Asset Management董事總經理洛熱夫斯基（Natalia Lojevsky）則表示，「市場存
在多個懸而未決的問題和衝突，且沒有任何一個有明確的解決時間表。投資者在入場時需
保持謹慎」。洛熱夫斯基警告，「在某個節點上，美債殖利率持續走高將對股市構成切實
痛苦」。

開說明書，學習正確的投資觀念才能將損失的風險降至最低。





心得/評論：

看來今天大漲是因為有鴿派出來表態?
但明天非農指數不好，應該又集體往下了



--","文章標題 請使用 原新聞標題 勿刪減或自創標題違者41處分


原文標題Fed理事放鴿升息預期降溫　美股開高道瓊工業指數漲逾400點

原文連結縮網址
原文網址

f8hdt0V8ArWrZWmLjGZznxeyS

發布時間20260903 215734

記者署名記者倪浩軒綜合報導

原文內容
美股週四3日開盤後各主要指數齊漲美債殖利率有所回落市場對美國聯準會Fed
不會升息的期望提高週五將公布的最新非農就業報告成為關注焦點

截至寫稿時間為止道瓊工業指數上漲43011點或077標普500指數上漲4740點或0
62那斯達克指數上漲244736點或093費城半導體指數下跌16569點或146

焦點個股方面台積電ADR股價在盤中下跌113輝達上漲171記憶體類股方面
指數美光下跌177Sandisk下跌188SK海力士ADR股價下跌332

根據CNBC報導美國聯準會理事沃勒表態除非即將公佈的通膨數據出現意外否則
他傾向支持維持利率不變受此影響美債殖利率出現下跌根據芝加哥商品交易所
CME的FedWatch工具顯示目前有546交易員押注聯準會將在最新利率會議上升息
比前一天的62有所降低

沃勒的發言加上日圓大幅升值讓市場的樂觀情緒提高雖然油價再度上漲美國西德
州原油價格升至每桶92美元左右國際布蘭特原油價格也漲至每桶96美元左右皆大約上
漲了1

Vital Knowledge創辦人克里薩富利Adam Crisafulli表示如果日圓持續走強
理論上日圓持續升值將能消除全球公債殖利率的上升壓力這或許會成為一條關鍵線索
有助於解開許多壓制股市的宏觀經濟不利因素

CIFC Asset Management董事總經理洛熱夫斯基Natalia Lojevsky則表示市場存
在多個懸而未決的問題和衝突且沒有任何一個有明確的解決時間表投資者在入場時需
保持謹慎洛熱夫斯基警告在某個節點上美債殖利率持續走高將對股市構成切實
痛苦

開說明書學習正確的投資觀念才能將損失的風險降至最低





心得評論

看來今天大漲是因為有鴿派出來表態
但明天非農指數不好應該又集體往下了","['文章', '標題', '使用', '原新聞', '標題', '刪減', '自創', '標題', '違者', '41', '處分', '原文', '標題', 'Fed', '理事', '放鴿', '升息', '預期', '降溫', '美股', '開高道', '工業', '指數', '400', '原文', '連結縮', '網址', '原文', '網址', 'f8hdt0V8ArWrZWmLjGZznxeyS', '發布', '時間', '20260903', '215734', '記者', '署名', '記者', '倪浩軒', '綜合', '報導', '原文', '內容', '美股', '週四', '開盤', '主要', '指數', '齊漲', '美債殖', '利率', '有所', '回落', '市場', '美國聯', '準會', 'Fed', '不會', '升息', '期望', '提高', '週五將', '公布', '最新', '非農就業', '告成', '關注', '焦點', '截至', '寫稿', '時間', '為止', '道瓊', '工業', '指數', '43011', '點或', '077', '標普', '500', '指數', '4740', '點或', '62', '那斯達克', '指數', '244736', '點或', '093', '費城', '半導體', '指數', '下跌', '16569', '點或', '146', '焦點', '方面', '台積電', 'ADR', '股價', '下跌', '113', '輝達', '171', '記憶體', '類股', '方面', '指數', '美光', '下跌', '177Sandisk', '下跌', '188SK', '海力士', 'ADR', '股價', '下跌', '332', '根據', 'CNBC', '報導', '美國聯', '準會', '理事', '沃勒表態', '除非', '將公', '通膨數', '出現', '意外', '否則', '傾向', '支持', '維持', '利率', '不變', '受此', '影響', '美債殖', '利率', '出現', '下跌', '根據', '芝加哥商品交易所', 'CME', 'FedWatch', '工具', '顯示', '目前', '546', '交易', '押注', '聯準', '會將', '最新', '利率', '會議', '升息', '前一天', '62', '有所', '降低', '沃勒', '發言', '加上', '日圓', '大幅', '升值', '市場', '樂觀', '情緒', '提高', '雖然', '油價', '再度', '上漲', '美國', '西德', '原油', '價格', '升至', '每桶', '92', '美元', '左右', '國際', '布蘭特', '原油', '價格', '每桶', '96', '美元', '左右', '大約', 'Vital', 'Knowledge', '創辦', '克里', '薩富利', 'Adam', 'Crisafulli', '表示', '如果', '日圓持續', '走強', '理論', '圓持續', '升值', '將能', '消除', '全球', '公債殖', '利率', '上升', '壓力', '這或', '許會', '成為', '一條', '關鍵', '線索', '有助', '解開', '許多', '壓制', '股市', '宏觀', '經濟', '不利因素', 'CIFC', 'Asset', 'Management', '董事', '總經', '理洛熱', '夫斯基', 'Natalia', 'Lojevsky', '表示', '市場', '多個', '未決', '問題', '和衝', '突且', '沒有', '任何', '一個', '明確', '解決', '時間', '投資者', '入場', '保持', '謹慎洛熱', '夫斯基', '警告', '某個', '節點', '美債殖', '利率', '持續', '走高', '將對', '股市', '構成', '切實', '痛苦', '開說', '明書學習', '正確', '投資', '觀念', '才能', '將損失', '風險', '降至', '最低', '心得', '評論', '看來', '今天', '大漲', '因為', '有鴿', '派出', '來表態', '明天', '非農', '指數', '不好', '應該', '集體']",Positive,0.9392378926277161
M.1788455005.A.F6F,[情報] 主動ETF/外資共同買賣超排行 (9/3),terransis,2026-09-04 01:03:22,2,https://www.ptt.cc/bbs/Stock/M.1788455005.A.F6F.html,"標題：主動ETF/外資共同買賣超排行 (9/3)

來源：Marffet

網址：

內文：

股票            投信主動ETF(千元)   外資(千元)   合計(千元)   漲跌幅
------------------------------------------------------------
2454聯發科                +69,440   +5,088,177   +5,157,617   +1.52%
2308台達電               +105,600   +3,710,700   +3,816,300   +1.73%
2481強茂                 +210,600   +2,651,849   +2,862,449   +5.41%
3711日月光投控           +164,920   +2,054,377   +2,219,297   +0.00%
3017奇鋐                 +702,900   +1,240,335   +1,943,235   -0.30%
2455全新                  +70,875   +1,412,669   +1,483,544   -3.14%
2885元大金               +112,272   +1,190,216   +1,302,487   +2.70%
3045台灣大               +141,482   +1,025,163   +1,166,645   +1.72%
6442光聖                 +338,070     +764,764   +1,102,834   -1.39%
3443創意                 +301,600     +508,927     +810,527   -1.61%
2603長榮                 +142,444     +584,206     +726,650   +1.92%
2882國泰金               +291,038     +424,300     +715,337   +3.21%
3653健策                 +168,450     +480,094     +648,544   -2.69%
3231緯創                  +82,563     +520,806     +603,369   +1.62%
2618長榮航               +128,015     +391,703     +519,718   +1.54%
2313華通                   +8,732     +421,635     +430,367   -5.22%
2881富邦金               +124,950     +282,652     +407,602   +2.44%
2615萬海                  +34,650     +371,777     +406,427   +3.12%
1326台化                   +7,667     +368,227     +375,894   -4.26%
2891中信金                +87,412     +285,842     +373,255   +1.35%
5876上海商銀             +127,603     +115,651     +243,254   +1.32%
2542興富發                +87,765     +149,951     +237,716   +1.46%
3042晶技                     +696     +225,478     +226,174   -3.33%
6173信昌電                +19,280     +136,436     +155,716   -7.49%
2897王道銀行              +16,677      +87,739     +104,416   +1.87%
1102亞泥                  +91,238         +145      +91,384   +0.57%
6177達麗                  +20,621      +69,506      +90,127   +3.28%
3234光環                  +62,046      +27,695      +89,740   -7.82%
2851中再保                +20,434      +40,625      +61,058   +2.49%
3044健鼎                  +34,125      +18,485      +52,610   -2.89%
2351順德                  +14,941      +20,328      +35,269   -2.62%
2520冠德                  +20,221      +13,070      +33,291   +2.93%
5534長虹                   +8,579      +19,285      +27,865   +0.39%
8415大國鋼                 +7,993         +749       +8,742   +0.27%
2535達欣工                -10,721       -2,442      -13,162   -1.01%
2546根基                   -8,774       -4,582      -13,356   +1.42%
2371大同                   -4,444      -21,398      -25,842   -2.13%
3033威健                  -11,700      -14,428      -26,128   -1.12%
2105正新                  -12,894      -13,258      -26,152   -0.81%
4123晟德                   -9,440      -18,910      -28,350   -0.97%
8210勤誠                   -9,480      -24,728      -34,208   -2.07%
7734印能科技              -21,680      -18,699      -40,379   -3.04%
9914美利達                -12,179      -31,553      -43,732   -1.73%
1795美時                   -3,993      -41,374      -45,367   -1.36%
6285啟碁                  -26,152      -21,214      -47,366   -4.89%
8436大江                  -11,536      -37,064      -48,600   -1.75%
2375凱美                  -11,800      -37,314      -49,114   -5.60%
1714和桐                  -29,608      -23,362      -52,970   -4.61%
6282康舒                  -11,923      -53,394      -65,317   -2.92%
1477聚陽                  -38,024      -32,695      -70,719   -1.02%
6944兆聯實業              -50,040      -24,729      -74,769   -1.97%
2049上銀                  -28,249      -53,729      -81,978   -2.13%
2441超豐                  -55,502      -28,139      -83,641   -2.16%
2201裕隆                  -13,094      -71,507      -84,601   -1.72%
6121新普                   -4,340      -81,583      -85,922   -2.35%
7750新代                   -2,200      -99,066     -101,266   -4.35%
3005神基                   -3,842      -99,178     -103,020   -2.59%
1504東元                  -40,399      -68,444     -108,843   -2.20%
6415矽力*-KY               -5,343     -113,730     -119,073   -3.52%
5434崇越                  -15,283     -114,907     -130,190   -1.50%
5536聖暉*                 -22,059     -116,084     -138,143   -0.73%
2385群光                   -3,978     -144,640     -148,617   -1.83%
2353宏碁                   -4,031     -144,895     -148,926   -2.80%
6239力成                  -31,350     -130,225     -161,575   -1.08%
3034聯詠                  -35,836     -144,387     -180,223   -2.95%
8271宇瞻                  -26,474     -195,893     -222,367   -3.77%
6197佳必琪                -27,209     -199,413     -226,622   -4.63%
2474可成                  -18,792     -216,576     -235,367   -2.13%
3105穩懋                  -54,920     -194,448     -249,368   -4.90%
2324仁寶                  -29,140     -240,348     -269,488   -2.39%
5904寶雅*                 -19,133     -333,335     -352,467   -3.81%
2376技嘉                  -26,638     -364,200     -390,838   -3.04%
4938和碩                  -32,996     -389,758     -422,754   -1.42%
5289宜鼎                  -45,730     -406,572     -452,302   -5.28%
2834臺企銀                -66,434     -396,447     -462,881   -0.87%
2357華碩                   -7,768     -459,140     -466,908   -3.86%
6488環球晶                -28,737     -539,565     -568,302   -4.14%
2317鴻海                  -18,315     -574,868     -593,183   -1.39%
5351鈺創                   -9,130     -590,936     -600,066   -5.98%
2345智邦                 -123,310     -513,202     -636,512   -2.34%
6257矽格                  -34,694     -647,976     -682,670   -3.24%
8996高力                  -36,735     -651,781     -688,516   -6.32%
3036文曄                  -24,003     -751,219     -775,222   +1.87%
2059川湖                 -618,700     -212,402     -831,102   -2.99%
1303南亞                  -17,901   -1,523,748   -1,541,649   -6.95%
3008大立光               -114,400   -1,592,241   -1,706,641   -8.45%
2327國巨*                 -45,990   -2,371,568   -2,417,558   -5.37%
3189景碩                   -8,525   -4,226,196   -4,234,721   -8.50%
4958臻鼎-KY              -146,160   -4,765,849   -4,912,009   -8.48%
8046南電                  -71,280   -5,319,500   -5,390,780  -10.00%
2408南亞科               -189,568  -16,425,697  -16,615,265   -7.82%

--
Marffet showcase:



瑤姐持股


--","標題主動ETF外資共同買賣超排行 93

來源Marffet

網址

內文

股票            投信主動ETF千元   外資千元   合計千元   漲跌幅

2454聯發科                69440   5088177   5157617   152
2308台達電               105600   3710700   3816300   173
2481強茂                 210600   2651849   2862449   541
3711日月光投控           164920   2054377   2219297   000
3017奇鋐                 702900   1240335   1943235   030
2455全新                  70875   1412669   1483544   314
2885元大金               112272   1190216   1302487   270
3045台灣大               141482   1025163   1166645   172
6442光聖                 338070     764764   1102834   139
3443創意                 301600     508927     810527   161
2603長榮                 142444     584206     726650   192
2882國泰金               291038     424300     715337   321
3653健策                 168450     480094     648544   269
3231緯創                  82563     520806     603369   162
2618長榮航               128015     391703     519718   154
2313華通                   8732     421635     430367   522
2881富邦金               124950     282652     407602   244
2615萬海                  34650     371777     406427   312
1326台化                   7667     368227     375894   426
2891中信金                87412     285842     373255   135
5876上海商銀             127603     115651     243254   132
2542興富發                87765     149951     237716   146
3042晶技                     696     225478     226174   333
6173信昌電                19280     136436     155716   749
2897王道銀行              16677      87739     104416   187
1102亞泥                  91238         145      91384   057
6177達麗                  20621      69506      90127   328
3234光環                  62046      27695      89740   782
2851中再保                20434      40625      61058   249
3044健鼎                  34125      18485      52610   289
2351順德                  14941      20328      35269   262
2520冠德                  20221      13070      33291   293
5534長虹                   8579      19285      27865   039
8415大國鋼                 7993         749       8742   027
2535達欣工                10721       2442      13162   101
2546根基                   8774       4582      13356   142
2371大同                   4444      21398      25842   213
3033威健                  11700      14428      26128   112
2105正新                  12894      13258      26152   081
4123晟德                   9440      18910      28350   097
8210勤誠                   9480      24728      34208   207
7734印能科技              21680      18699      40379   304
9914美利達                12179      31553      43732   173
1795美時                   3993      41374      45367   136
6285啟碁                  26152      21214      47366   489
8436大江                  11536      37064      48600   175
2375凱美                  11800      37314      49114   560
1714和桐                  29608      23362      52970   461
6282康舒                  11923      53394      65317   292
1477聚陽                  38024      32695      70719   102
6944兆聯實業              50040      24729      74769   197
2049上銀                  28249      53729      81978   213
2441超豐                  55502      28139      83641   216
2201裕隆                  13094      71507      84601   172
6121新普                   4340      81583      85922   235
7750新代                   2200      99066     101266   435
3005神基                   3842      99178     103020   259
1504東元                  40399      68444     108843   220
6415矽力KY               5343     113730     119073   352
5434崇越                  15283     114907     130190   150
5536聖暉                 22059     116084     138143   073
2385群光                   3978     144640     148617   183
2353宏碁                   4031     144895     148926   280
6239力成                  31350     130225     161575   108
3034聯詠                  35836     144387     180223   295
8271宇瞻                  26474     195893     222367   377
6197佳必琪                27209     199413     226622   463
2474可成                  18792     216576     235367   213
3105穩懋                  54920     194448     249368   490
2324仁寶                  29140     240348     269488   239
5904寶雅                 19133     333335     352467   381
2376技嘉                  26638     364200     390838   304
4938和碩                  32996     389758     422754   142
5289宜鼎                  45730     406572     452302   528
2834臺企銀                66434     396447     462881   087
2357華碩                   7768     459140     466908   386
6488環球晶                28737     539565     568302   414
2317鴻海                  18315     574868     593183   139
5351鈺創                   9130     590936     600066   598
2345智邦                 123310     513202     636512   234
6257矽格                  34694     647976     682670   324
8996高力                  36735     651781     688516   632
3036文曄                  24003     751219     775222   187
2059川湖                 618700     212402     831102   299
1303南亞                  17901   1523748   1541649   695
3008大立光               114400   1592241   1706641   845
2327國巨                 45990   2371568   2417558   537
3189景碩                   8525   4226196   4234721   850
4958臻鼎KY              146160   4765849   4912009   848
8046南電                  71280   5319500   5390780  1000
2408南亞科               189568  16425697  16615265   782","['標題', '主動', 'ETF', '外資', '共同', '買賣', '排行', '93', '來源', 'Marffet', '網址', '內文', '股票', '投信', '主動', 'ETF', '千元', '外資', '千元', '合計', '千元', '跌幅', '2454', '聯發科', '69440', '5088177', '5157617', '152', '2308', '台達電', '105600', '3710700', '3816300', '173', '2481', '強茂', '210600', '2651849', '2862449', '541', '3711', '月光', '投控', '164920', '2054377', '2219297', '000', '3017', '702900', '1240335', '1943235', '030', '2455', '全新', '70875', '1412669', '1483544', '314', '2885', '元大金', '112272', '1190216', '1302487', '270', '3045', '台灣', '141482', '1025163', '1166645', '172', '6442', '光聖', '338070', '764764', '1102834', '139', '3443', '創意', '301600', '508927', '810527', '161', '2603', '142444', '584206', '726650', '192', '2882', '國泰金', '291038', '424300', '715337', '321', '3653', '健策', '168450', '480094', '648544', '269', '3231', '緯創', '82563', '520806', '603369', '162', '2618', '榮航', '128015', '391703', '519718', '154', '2313', '華通', '8732', '421635', '430367', '522', '2881', '富邦金', '124950', '282652', '407602', '244', '2615', '萬海', '34650', '371777', '406427', '312', '1326', '台化', '7667', '368227', '375894', '426', '2891', '中信', '87412', '285842', '373255', '135', '5876', '上海', '商銀', '127603', '115651', '243254', '132', '2542', '興富發', '87765', '149951', '237716', '146', '3042', '晶技', '696', '225478', '226174', '333', '6173', '信昌電', '19280', '136436', '155716', '749', '2897', '王道', '銀行', '16677', '87739', '104416', '187', '1102', '亞泥', '91238', '145', '91384', '057', '6177', '達麗', '20621', '69506', '90127', '328', '3234', '光環', '62046', '27695', '89740', '782', '2851', '20434', '40625', '61058', '249', '3044', '健鼎', '34125', '18485', '52610', '289', '2351', '順德', '14941', '20328', '35269', '262', '2520', '冠德', '20221', '13070', '33291', '293', '5534', '8579', '19285', '27865', '039', '8415', '大國鋼', '7993', '749', '8742', '027', '2535', '達欣工', '10721', '2442', '13162', '101', '2546', '根基', '8774', '4582', '13356', '142', '2371', '大同', '4444', '21398', '25842', '213', '3033', '威健', '11700', '14428', '26128', '112', '2105', '正新', '12894', '13258', '26152', '081', '4123', '9440', '18910', '28350', '097', '8210', '9480', '24728', '34208', '207', '7734', '印能', '科技', '21680', '18699', '40379', '304', '9914', '美利', '12179', '31553', '43732', '173', '1795', '美時', '3993', '41374', '45367', '136', '6285', '26152', '21214', '47366', '489', '8436', '大江', '11536', '37064', '48600', '175', '2375', '凱美', '11800', '37314', '49114', '560', '1714', '和桐', '29608', '23362', '52970', '461', '6282', '康舒', '11923', '53394', '65317', '292', '1477', '聚陽', '38024', '32695', '70719', '102', '6944', '聯實業', '50040', '24729', '74769', '197', '2049', '28249', '53729', '81978', '213', '2441', '超豐', '55502', '28139', '83641', '216', '2201', '裕隆', '13094', '71507', '84601', '172', '6121', '新普', '4340', '81583', '85922', '235', '7750', '新代', '2200', '99066', '101266', '435', '3005', '神基', '3842', '99178', '103020', '259', '1504', '東元', '40399', '68444', '108843', '220', '6415', '矽力', 'KY', '5343', '113730', '119073', '352', '5434', '崇越', '15283', '114907', '130190', '150', '5536', '聖暉', '22059', '116084', '138143', '073', '2385', '群光', '3978', '144640', '148617', '183', '2353', '宏碁', '4031', '144895', '148926', '280', '6239', '力成', '31350', '130225', '161575', '108', '3034', '聯詠', '35836', '144387', '180223', '295', '8271', '宇瞻', '26474', '195893', '222367', '377', '6197', '佳必琪', '27209', '199413', '226622', '463', '2474', '可成', '18792', '216576', '235367', '213', '3105', '穩懋', '54920', '194448', '249368', '490', '2324', '仁寶', '29140', '240348', '269488', '239', '5904', '寶雅', '19133', '333335', '352467', '381', '2376', '技嘉', '26638', '364200', '390838', '304', '4938', '32996', '389758', '422754', '142', '5289', '宜鼎', '45730', '406572', '452302', '528', '2834', '企銀', '66434', '396447', '462881', '087', '2357', '華碩', '7768', '459140', '466908', '386', '6488', '環球晶', '28737', '539565', '568302', '414', '2317', '鴻海', '18315', '574868', '593183', '139', '5351', '9130', '590936', '600066', '598', '2345', '智邦', '123310', '513202', '636512', '234', '6257', '矽格', '34694', '647976', '682670', '324', '8996', '高力', '36735', '651781', '688516', '632', '3036', '文曄', '24003', '751219', '775222', '187', '2059', '川湖', '618700', '212402', '831102', '299', '1303', '南亞', '17901', '1523748', '1541649', '695', '3008', '大立光', '114400', '1592241', '1706641', '845', '2327', '國巨', '45990', '2371568', '2417558', '537', '3189', '景碩', '8525', '4226196', '4234721', '850', '4958', 'KY', '146160', '4765849', '4912009', '848', '8046', '南電', '71280', '5319500', '5390780', '1000', '2408', '南亞科', '189568', '16425697', '16615265', '782']",Positive,0.8914881944656372
M.1788450907.A.423,[新聞] 8月台灣製造業PMI連11個月擴張 並創5年新,Su22,2026-09-03 23:55:05,21,https://www.ptt.cc/bbs/Stock/M.1788450907.A.423.html,"8月台灣製造業PMI連11個月擴張 並創5年來新高



2026-09-01 17:20

王莞甯



中華經濟研究院今(1)日公布8月；。

此次PMI指數五項組成指標中，新增訂單、生產數量、人力雇用持續擴張，供應商交貨時
間上升(高於 50.0%)，存貨指數擴張速度趨緩。

而 0.7 個百分點至 65.2%，連續第 8 個月維持在 60.0%上。

中經院說明，台灣製造業的新增訂單與生產同步來到2021年8月以來最快擴張速度，然而
缺料、配貨、長交期頻傳，再加上關鍵物料價格持續攀升，製造業存貨指數跌2.9個百分
點至58.2%，已連3個月擴張趨緩，也是3月以來最慢擴張速度，客戶存貨連續第3個月呈現
過低。

中經院統計，各產業。

而六大產業中，仍有，各產業依擴張速度排序為電
子暨光學產業(69.3%)、電力暨機械設備產業(68.4%)化學暨生技醫療產業(56.6%)、基礎
原物料產業(56.5%)和食品暨紡織產業(54.0%)，僅交通工具產業(47.1%)回報未來六個月
展望轉為緊縮。


台灣製造業PMI 又創5年來新高!
且未來六個月展望指數續揚
文中列的排名前面的產業如電子暨光學產業,電力暨機械設備產業
看起來前景持續看好,股價有持續上漲的動能
大家可以留意相關概念股伺機加碼!

--

--","8月台灣製造業PMI連11個月擴張 並創5年來新高



20260901 1720

王莞甯



中華經濟研究院今1日公布8月

此次PMI指數五項組成指標中新增訂單生產數量人力雇用持續擴張供應商交貨時
間上升高於 500存貨指數擴張速度趨緩

而 07 個百分點至 652連續第 8 個月維持在 600上

中經院說明台灣製造業的新增訂單與生產同步來到2021年8月以來最快擴張速度然而
缺料配貨長交期頻傳再加上關鍵物料價格持續攀升製造業存貨指數跌29個百分
點至582已連3個月擴張趨緩也是3月以來最慢擴張速度客戶存貨連續第3個月呈現
過低

中經院統計各產業

而六大產業中仍有各產業依擴張速度排序為電
子暨光學產業693電力暨機械設備產業684化學暨生技醫療產業566基礎
原物料產業565和食品暨紡織產業540僅交通工具產業471回報未來六個月
展望轉為緊縮


台灣製造業PMI 又創5年來新高
且未來六個月展望指數續揚
文中列的排名前面的產業如電子暨光學產業電力暨機械設備產業
看起來前景持續看好股價有持續上漲的動能
大家可以留意相關概念股伺機加碼","['月台', 'PMI', '11', '擴張', '並創', '年來', '新高', '20260901', '1720', '王莞', '中華經濟', '研究院', '公布', '此次', 'PMI', '指數', '五項', '組成', '指標', '新增', '訂單', '生產', '數量', '人力', '雇用', '持續', '擴張', '供應', '商交貨時', '升高', '500', '存貨', '指數', '擴張', '速度', '趨緩', '07', '百分', '點至', '652', '連續', '維持', '600', '中經院', '明台', '新增', '訂單', '生產', '同步', '2021', '以來', '最快', '擴張', '速度', '然而', '缺料', '配貨長', '交期', '頻傳', '加上', '關鍵', '物料', '價格', '持續', '攀升', '29', '百分', '點至', '582', '已連', '擴張', '趨緩', '以來', '最慢', '擴張', '速度', '客戶', '存貨', '連續', '呈現', '過低', '中經院', '統計', '各產業', '六大', '產業', '各產業', '擴張', '速度', '排序', '為電', '光學產業', '693', '電力', '機械', '設備', '產業', '684', '化學', '生技', '醫療', '產業', '566', '基礎', '物料', '產業', '565', '食品', '紡織', '產業', '540', '交通工具', '產業', '471', '回報', '未來', '六個', '展望', '轉為', '緊縮', 'PMI', '年來', '新高', '未來', '六個', '展望', '指數續揚', '文中', '排名', '前面', '產業', '如電子', '光學產業', '電力', '機械', '設備', '產業', '看起', '前景', '持續', '看好', '股價', '持續', '動能', '大家', '可以', '留意', '相關', '概念股', '伺機', '加碼']",Positive,0.9896146655082703
M.1788449818.A.2AA,[新聞] 快訊／ChatGPT全球大當機！用戶崩潰,arsl400,2026-09-03 23:36:56,61,https://www.ptt.cc/bbs/Stock/M.1788449818.A.2AA.html,"快訊／ChatGPT全球大當機！用戶崩潰

 。

 
2026年09月03日 23:07

楊庭蒝

聊天機器人ChatGPT於3日深夜傳出大當機災情。國內外許多使用者皆反映，無論是網頁版
或手機APP目前皆無法正常連線使用。

國內論壇PTT八卦版上有網友於3日晚間發文詢問「ChatGPT 掛了 ?」，表示網頁與APP都
連不上。該篇貼文迅速引發大量網友迴響，紛紛推文回報「404」、「me too」等災情。
發文原PO也無奈表示「哭啊，查資料查到一半404」。此外，留言區亦有網友指出另一AI
工具Claude也同步出現異常，並有網友回報「Gemini安定」。

根據全球連線狀態追蹤網站Downdetector的數據顯示，針對OpenAI的問題回報數在短時間
內呈現垂直飆升的狀態。在該網站的留言區中，國外網友同樣湧入回報無法存取平台、頻
繁收到404錯誤代碼等狀況。不少用戶反映整個網站與APP皆已停擺。



先無預警限流量，然後又是全球大當機，鐵定是我大歐噴醬下一個模型Astra太強了
對吧??大家反應這麼大，先怒買一波再說

--","快訊ChatGPT全球大當機用戶崩潰

 

 
2026年09月03日 2307

楊庭蒝

聊天機器人ChatGPT於3日深夜傳出大當機災情國內外許多使用者皆反映無論是網頁版
或手機APP目前皆無法正常連線使用

國內論壇PTT八卦版上有網友於3日晚間發文詢問ChatGPT 掛了 表示網頁與APP都
連不上該篇貼文迅速引發大量網友迴響紛紛推文回報404me too等災情
發文原PO也無奈表示哭啊查資料查到一半404此外留言區亦有網友指出另一AI
工具Claude也同步出現異常並有網友回報Gemini安定

根據全球連線狀態追蹤網站Downdetector的數據顯示針對OpenAI的問題回報數在短時間
內呈現垂直飆升的狀態在該網站的留言區中國外網友同樣湧入回報無法存取平台頻
繁收到404錯誤代碼等狀況不少用戶反映整個網站與APP皆已停擺



先無預警限流量然後又是全球大當機鐵定是我大歐噴醬下一個模型Astra太強了
對吧大家反應這麼大先怒買一波再說","['快訊', 'ChatGPT', '全球', '大當', '機用戶', '崩潰', '2026', '09', '03', '2307', '聊天', '機器', 'ChatGPT', '深夜', '傳出', '大當', '機災', '情國', '內外', '許多', '使用者', '反映', '無論', '網頁', '手機', 'APP', '目前', '無法', '正常', '連線', '使用', '國內', '論壇', 'PTT', '八卦', '版上', '網友', '晚間', '發文', '詢問', 'ChatGPT', '掛了', '表示', '網頁', 'APP', '連不上', '貼文', '迅速', '引發', '大量', '網友', '紛紛', '推文', '回報', '404me', 'too', '災情', '發文原', 'PO', '無奈', '表示', '查資料', '查到', '一半', '404', '此外', '留言', '區亦有', '網友', '指出', 'AI', '工具', 'Claude', '同步', '出現', '異常', '並有', '網友', '回報', 'Gemini', '安定', '根據', '全球', '連線', '狀態', 'Downdetector', '數據', '顯示', '針對', 'OpenAI', '問題', '報數', '時間', '內呈現', '垂直', '飆升', '狀態', '網站', '留言', '區中國外', '網友', '同樣', '湧入', '回報', '無法', '存取', '平台', '收到', '404', '錯誤', '代碼', '狀況', '不少', '用戶', '反映', '整個', '網站', 'APP', '先無預', '警限', '流量', '全球', '大當', '機鐵定', '大歐', '噴醬', '一個', '模型', 'Astra', '太強', '大家', '反應', '這麼', '大先怒', '一波']",Negative,0.9745405316352844
M.1788441633.A.D1E,[情報] 3141 晶宏 8月營收 M:12.27% Y:79.77%,q1a1,2026-09-03 21:20:31,6,https://www.ptt.cc/bbs/Stock/M.1788441633.A.D1E.html,"1. 標題：3141 晶宏 8月營收 Mom:12.27% Yoy:79.77%

2. 來源：公開資訊觀測站

3. 網址：

4. 內文：

民國115年08月   單位：新台幣仟元

項目              營業收入淨額
本月              
去年同期          134,686
增減金額          107,440

本年累計          1,342,979
去年累計          1,083,628
增減金額          259,351
增減百分比        23.93
備註 / 營收變化原因說明 

--","1 標題3141 晶宏 8月營收 Mom1227 Yoy7977

2 來源公開資訊觀測站

3 網址

4 內文

民國115年08月   單位新台幣仟元

項目              營業收入淨額
本月              
去年同期          134686
增減金額          107440

本年累計          1342979
去年累計          1083628
增減金額          259351
增減百分比        2393
備註  營收變化原因說明","['標題', '3141', '晶宏', '營收', 'Mom1227', 'Yoy7977', '來源', '公開', '資訊', '觀測', '網址', '內文', '民國', '115', '08', '單位', '台幣', '項目', '營業', '收入', '淨額', '本月', '去年同期', '134686', '增減', '金額', '107440', '本年', '累計', '1342979', '去年', '累計', '1083628', '增減', '金額', '259351', '增減', '百分比', '2393', '營收', '變化', '原因', '說明']",Positive,0.920447826385498
M.1788441190.A.AEB,[情報] 115年09月03日信用交易統計,steward135,2026-09-03 21:13:07,52,https://www.ptt.cc/bbs/Stock/M.1788441190.A.AEB.html,"1. 標題：115年09月03日信用交易統計
2. 來源：臺灣證券交易所、證券櫃檯買賣中心 (公司名、網站名)
3. 網址：  (請善用縮網址工具)
4. 內文：

115年09月03日信用交易統計

項目                  買進        賣出   現金(券)償還      前日餘額    今日餘額
融資(交易單位)     371,507     389,746          8,653     8,929,878   8,902,986
融券(交易單位)      17,635      27,546          1,383       214,315     222,843
融資金額(仟元)  31,682,547  37,994,930        623,595   585,675,285 578,739,307

  

=================================



















=================================



























































=================================














--","1 標題115年09月03日信用交易統計
2 來源臺灣證券交易所證券櫃檯買賣中心 公司名網站名
3 網址  請善用縮網址工具
4 內文

115年09月03日信用交易統計

項目                  買進        賣出   現金券償還      前日餘額    今日餘額
融資交易單位     371507     389746          8653     8929878   8902986
融券交易單位      17635      27546          1383       214315     222843
融資金額仟元  31682547  37994930        623595   585675285 578739307","['標題', '115', '09', '03', '信用', '交易', '統計', '來源', '灣證券', '交易所', '證券櫃', '中心', '公司', '名網', '站名', '網址', '善用', '縮網址', '工具', '內文', '115', '09', '03', '信用', '交易', '統計', '項目', '買進', '賣出', '現金券', '償還', '前日', '餘額', '今日', '餘額', '融資', '交易', '單位', '371507', '389746', '8653', '8929878', '8902986', '融券', '交易', '單位', '17635', '27546', '1383', '214315', '222843', '融資金額', '31682547', '37994930', '623595', '585675285', '578739307']",Positive,0.7184685468673706
M.1788437593.A.501,[情報] 9/3  台股主動ETF買賣超,truthloser88,2026-09-03 20:13:11,12,https://www.ptt.cc/bbs/Stock/M.1788437593.A.501.html,"1.標題：主動ETF持股買賣超 (9/3)
2.來源：股格精奇
3.網址：
4.內文：

9/3  台股主動ETF買超前十名

代碼  名稱      買超(萬)  變動張數  漲跌幅%   主要來源
6442  光聖      33,807    191       - 1.39%   00403A
5274  信驊      30,345    17          0.71%   00403A
3443  創意      30,160    52        - 1.61%   00981A
2882  國泰金    28,598    2,542       3.21%   00403A
6510  精測      25,125    75        - 2.47%   00407A
2481  強茂      21,060    1,350       5.41%   00403A
3017  奇鋐      18,150    55        - 0.30%   00406A
3653  健策      16,845    30        - 2.69%   00981A
3711  日月光投控16,492    280         0.00%   00985A
2603  長榮      14,244    596         1.92%   00984A
---------------------
9/3  台股主動ETF賣超前十名

代碼  名稱      賣超(萬)  變動張數  漲跌幅%   主要來源
2368  金像電    -143,880  -1,308    - 6.38%   00981A
2059  川湖      -61,870   -46       - 2.99%   00992A
6805  富世達    -41,900   -200      - 0.71%   00403A
4979  華星光    -37,409   -654      - 8.33%   00981A
2408  南亞科    -18,002   -377      - 7.82%   00994A
4966  譜瑞-KY   -15,512   -278      - 3.63%   00403A
4958  臻鼎-KY   -14,616   -315      - 8.48%   00407A
2345  智邦      -12,331   -59       - 2.34%   00985A
3008  大立光    -11,440   -16       - 8.45%   00985A
2880  華南金    -10,674   -2,457      1.05%   00984A

總買進(億元)：17     | 總賣出(億元)：-25
主動ETF買賣超(億元)：-8


資料說明：台股主動ETF共20檔買賣超總計

--","1標題主動ETF持股買賣超 93
2來源股格精奇
3網址
4內文

93  台股主動ETF買超前十名

代碼  名稱      買超萬  變動張數  漲跌幅   主要來源
6442  光聖      33807    191        139   00403A
5274  信驊      30345    17          071   00403A
3443  創意      30160    52         161   00981A
2882  國泰金    28598    2542       321   00403A
6510  精測      25125    75         247   00407A
2481  強茂      21060    1350       541   00403A
3017  奇鋐      18150    55         030   00406A
3653  健策      16845    30         269   00981A
3711  日月光投控16492    280         000   00985A
2603  長榮      14244    596         192   00984A

93  台股主動ETF賣超前十名

代碼  名稱      賣超萬  變動張數  漲跌幅   主要來源
2368  金像電    143880  1308     638   00981A
2059  川湖      61870   46        299   00992A
6805  富世達    41900   200       071   00403A
4979  華星光    37409   654       833   00981A
2408  南亞科    18002   377       782   00994A
4966  譜瑞KY   15512   278       363   00403A
4958  臻鼎KY   14616   315       848   00407A
2345  智邦      12331   59        234   00985A
3008  大立光    11440   16        845   00985A
2880  華南金    10674   2457      105   00984A

總買進億元17      總賣出億元25
主動ETF買賣超億元8


資料說明台股主動ETF共20檔買賣超總計","['標題', '主動', 'ETF', '持股', '買賣', '93', '來源', '股格', '精奇', '網址', '內文', '93', '台股', '主動', 'ETF', '超前', '十名', '代碼', '名稱', '超萬', '變動', '張數', '跌幅', '主要', '來源', '6442', '光聖', '33807', '191', '139', '00403A', '5274', '信驊', '30345', '17', '071', '00403A', '3443', '創意', '30160', '52', '161', '00981A', '2882', '國泰金', '28598', '2542', '321', '00403A', '6510', '精測', '25125', '75', '247', '00407A', '2481', '強茂', '21060', '1350', '541', '00403A', '3017', '18150', '55', '030', '00406A', '3653', '健策', '16845', '30', '269', '00981A', '3711', '月光', '投控', '16492', '280', '000', '00985A', '2603', '14244', '596', '192', '00984A', '93', '台股', '主動', 'ETF', '超前', '十名', '代碼', '名稱', '超萬', '變動', '張數', '跌幅', '主要', '來源', '2368', '金像', '143880', '1308', '638', '00981A', '2059', '川湖', '61870', '46', '299', '00992A', '6805', '富世達', '41900', '200', '071', '00403A', '4979', '星光', '37409', '654', '833', '00981A', '2408', '南亞科', '18002', '377', '782', '00994A', '4966', '譜瑞', 'KY', '15512', '278', '363', '00403A', '4958', 'KY', '14616', '315', '848', '00407A', '2345', '智邦', '12331', '59', '234', '00985A', '3008', '大立光', '11440', '16', '845', '00985A', '2880', '華南金', '10674', '2457', '105', '00984A', '總買進', '億元', '17', '總賣', '億元', '25', '主動', 'ETF', '買賣', '超億元', '資料', '明台', '股主動', 'ETF', '20', '檔買', '超總計']",Positive,0.8775588870048523
M.1788433880.A.245,"[情報] 5432 新門 今天買南電42張 均價:1,103元",q1a1,2026-09-03 19:11:18,42,https://www.ptt.cc/bbs/Stock/M.1788433880.A.245.html,"1. 標題：公告本公司取得有價證券

2. 來源：公開資訊觀測站

3. 網址：

4. 內文：

1.證券名稱:
亞路板股份有限公司
2.
3.董事會通過日期: 不適用
4.其他核決日期:
核決層級:董事長核決
民國115年9月3日
5.交易數量、每單位價格及交易總金額:


交易總金額：新台幣46,330仟元
6.處分利益（或損失）（取得有價證券者不適用）:
不適用
7.與交易標的公司之關係:
無
8.迄目前為止，本交易證券（含本次交易）之數量、金額、持股
比例及權利受限情形（如質押情形）:



9.迄目前為止，依「公開發行公司取得或處分資產處理準則」第三條所列之有價證券投
資（含本次交易）占公司最近期財務報表中總資產及歸屬於母公司業主之權益之比例
暨最近期財務報表中營運資金數額:
占總資產比例:60.094%
占母公司業主之權益比例:73.422%
營運資金:新台幣398,645仟元
10.取得或處分之具體目的:
為提高本公司之資金運用效益
11.本次交易表示異議董事之意見:
無
12.本次交易為關係人交易:
否
13.交易相對人及其與公司之關係:
無關係
14.監察人承認或審計委員會同意日期:
不適用
15.前已就同一件事件發布重大訊息日期: 不適用
16.其他敘明事項:
無

--","1 標題公告本公司取得有價證券

2 來源公開資訊觀測站

3 網址

4 內文

1證券名稱
亞路板股份有限公司
2
3董事會通過日期 不適用
4其他核決日期
核決層級董事長核決
民國115年9月3日
5交易數量每單位價格及交易總金額


交易總金額新台幣46330仟元
6處分利益或損失取得有價證券者不適用
不適用
7與交易標的公司之關係
無
8迄目前為止本交易證券含本次交易之數量金額持股
比例及權利受限情形如質押情形



9迄目前為止依公開發行公司取得或處分資產處理準則第三條所列之有價證券投
資含本次交易占公司最近期財務報表中總資產及歸屬於母公司業主之權益之比例
暨最近期財務報表中營運資金數額
占總資產比例60094
占母公司業主之權益比例73422
營運資金新台幣398645仟元
10取得或處分之具體目的
為提高本公司之資金運用效益
11本次交易表示異議董事之意見
無
12本次交易為關係人交易
否
13交易相對人及其與公司之關係
無關係
14監察人承認或審計委員會同意日期
不適用
15前已就同一件事件發布重大訊息日期 不適用
16其他敘明事項
無","['標題', '公告', '公司', '取得', '有價', '證券', '來源', '公開', '資訊', '觀測', '網址', '內文', '證券', '名稱', '亞路板', '股份', '有限公司', '董事', '通過', '日期', '適用', '其他', '核決', '日期', '核決', '層級', '董事', '核決', '民國', '115', '交易', '數量', '單位', '價格及', '交易', '總金額', '交易', '總金額', '台幣', '46330', '仟元', '處分', '利益', '損失', '取得', '有價', '證券者', '適用', '適用', '交易', '公司', '之關', '目前', '為止', '交易', '證券', '本次', '交易', '之數量', '金額', '持股', '比例', '權利', '受限', '情形', '如質', '情形', '目前', '為止', '依公開', '發行', '公司', '取得', '或處', '分資產', '處理', '準則', '第三', '條所列', '價證券', '資含', '本次', '交易', '公司', '近期', '財務', '報表中', '總資產及', '歸屬', '母公司', '業主', '權益', '比例', '近期', '財務', '報表中營', '運資金', '數額', '總資產', '比例', '60094', '母公司', '業主', '權益', '比例', '73422', '營運資', '金新', '台幣', '398645', '仟元', '10', '取得', '處分', '具體', '目的', '提高', '公司', '之資', '金運用', '效益', '11', '本次', '交易', '表示', '異議', '董事', '之意', '12', '本次', '交易', '為關', '交易', '13', '交易', '相對', '及其', '公司', '之關', '無關', '14', '監察人', '承認', '審計委員會', '同意', '日期', '適用', '15', '一件', '事件', '發布', '重大', '訊息', '日期', '適用', '16', '其他', '敘明', '事項']",Positive,0.662815511226654
M.1788433791.A.8D7,[新聞] 無視川普警告！伊朗連環襲擊科威特等中東,a0808996,2026-09-03 19:09:49,79,https://www.ptt.cc/bbs/Stock/M.1788433791.A.8D7.html,"無視川普警告！伊朗連環襲擊科威特等中東美軍基地




發佈時間：2026/09/03 18:18

AFP 法新社報導

儘管美國總統川普威脅將發動更多打擊，伊朗週四仍對科威特境內的美軍基地發動飛彈與
無人機襲擊。隨著美伊衝突在開戰六個月後再度升溫，雙方在中東地區的報復行動持續加
劇，戰局陷入更深僵局。
美伊衝突在爆發六個月後再度升級，伊朗軍方週四（Kuwait）針對科威特的阿瑪德賈柏空
軍基地（Ahmad al-Jaber Air Base）發動飛彈與無人機攻擊。科威特軍方表示已成功攔
截襲擊，並強烈譴責這項行動嚴重威脅其國家安全與穩定，違反國際法規範。伊朗方面則
宣稱，本週已同步鎖定阿拉伯聯合大公國、巴林、約旦及伊拉克庫德自治區境內的美軍設
施展開報復。

這波襲擊起因於美軍日前對伊朗全境發動的大規模轟炸，造成至少19名伊朗人死亡。伊朗
指控美軍飛彈擊中南部沿海城鎮Kuhestak的一場婚禮，導致包含一名孩童在內共4人喪命
、逾50人受傷。面對指控，美軍中央司令部（CENTCOM）發言人Tim Hawkins強調，美軍行
動從不以平民為目標。

川普此前表示，美軍已準備好「在任何想要的時候」打擊伊朗，甚至在社群媒體 Truth
Social 上發文提及是否該將伊朗封鎖的荷姆茲海峽（Strait of Hormuz）改名為「川普
海峽」，不過他隨後暗示這只是玩笑。除軍事行動外，美國能源部長Chris Wright也宣布
將擴大制裁伊朗的經濟夥伴，施加「絕對的極限施壓」。




伊朗又射了!!!!!!!!
川普放話就是個屁!!!!
油價又衝上去了!!!!!!!
9月升息我看機率超高!!!!
準備迎接空頭大屠殺!!!!!!!

--","無視川普警告伊朗連環襲擊科威特等中東美軍基地




發佈時間20260903 1818

AFP 法新社報導

儘管美國總統川普威脅將發動更多打擊伊朗週四仍對科威特境內的美軍基地發動飛彈與
無人機襲擊隨著美伊衝突在開戰六個月後再度升溫雙方在中東地區的報復行動持續加
劇戰局陷入更深僵局
美伊衝突在爆發六個月後再度升級伊朗軍方週四Kuwait針對科威特的阿瑪德賈柏空
軍基地Ahmad alJaber Air Base發動飛彈與無人機攻擊科威特軍方表示已成功攔
截襲擊並強烈譴責這項行動嚴重威脅其國家安全與穩定違反國際法規範伊朗方面則
宣稱本週已同步鎖定阿拉伯聯合大公國巴林約旦及伊拉克庫德自治區境內的美軍設
施展開報復

這波襲擊起因於美軍日前對伊朗全境發動的大規模轟炸造成至少19名伊朗人死亡伊朗
指控美軍飛彈擊中南部沿海城鎮Kuhestak的一場婚禮導致包含一名孩童在內共4人喪命
逾50人受傷面對指控美軍中央司令部CENTCOM發言人Tim Hawkins強調美軍行
動從不以平民為目標

川普此前表示美軍已準備好在任何想要的時候打擊伊朗甚至在社群媒體 Truth
Social 上發文提及是否該將伊朗封鎖的荷姆茲海峽Strait of Hormuz改名為川普
海峽不過他隨後暗示這只是玩笑除軍事行動外美國能源部長Chris Wright也宣布
將擴大制裁伊朗的經濟夥伴施加絕對的極限施壓




伊朗又射了
川普放話就是個屁
油價又衝上去了
9月升息我看機率超高
準備迎接空頭大屠殺","['無視川普', '警告', '伊朗', '連環', '襲擊', '科威特', '東美', '基地', '時間', '20260903', '1818', 'AFP', '法新社', '報導', '伊朗', '週四', '科威特', '境內', '基地', '發動', '飛彈', '無人機', '襲擊', '隨著', '美伊衝', '突在', '開戰六個', '再度', '升溫', '雙方', '中東', '地區', '行動', '持續加', '劇戰局', '陷入', '更深', '僵局', '美伊衝', '突在', '發六個', '再度', '升級', '伊朗', '軍方', '週四', 'Kuwait', '針對', '科威特', '阿瑪德', '賈柏空', '基地', 'Ahmad', 'alJaber', 'Air', 'Base', '發動', '飛彈', '無人機', '攻擊', '科威特', '軍方', '表示', '成功', '截襲擊', '並強烈', '譴責', '這項', '行動', '嚴重', '威脅', '其國家', '安全', '穩定', '違反國際法', '規範', '伊朗', '方面', '宣稱', '本週', '同步', '鎖定', '阿拉伯', '聯合', '大公', '巴林', '約旦', '伊拉克', '庫德', '自治', '區境', '美軍設', '施展', '開報', '這波', '襲擊', '起因', '日前', '伊朗', '全境', '發動', '大規模', '轟炸', '造成', '至少', '19', '伊朗人', '死亡', '伊朗', '指控', '美軍飛', '彈擊', '中南部', '沿海', '城鎮', 'Kuhestak', '一場', '婚禮導致', '包含', '一名', '孩童', '人喪命', '50', '人受', '傷面', '指控', '中央', '司令部', 'CENTCOM', '發言人', 'Tim', 'Hawkins', '強調', '美軍行', '動從', '不以', '平民', '目標', '川普', '此前', '表示', '美軍已', '準備', '任何', '想要', '時候', '打擊', '伊朗', '甚至', '社群', '媒體', 'Truth', 'Social', '發文', '提及', '是否', '該將', '伊朗', '封鎖', '荷姆茲海峽', 'Strait', 'of', 'Hormuz', '改名', '為川普', '海峽', '不過', '隨後', '暗示', '只是', '玩笑', '除軍事', '行動', '外美國', '能源部', 'Chris', 'Wright', '宣布', '將擴', '制裁', '伊朗', '經濟夥伴', '施加', '絕對', '極限施', '伊朗', '川普放話', '就是', '油價', '又衝', '上去', '升息', '機率', '超高', '準備', '迎接', '空頭', '大屠殺']",Negative,0.5188173651695251
M.1788433490.A.549,[情報] 0903 上市櫃股票週轉率排行,steveisaman,2026-09-03 19:04:48,1,https://www.ptt.cc/bbs/Stock/M.1788433490.A.549.html,"上市

排行     股票名稱       收盤價  漲跌    漲跌幅  成交量  周轉率

1        2434統懋       64.10   -0.90   -1.38%  3,405   20.03%
2        2481強茂       156.00  +8.00   +5.41%  66,498  17.40%
3        2426鼎元       95.00   -9.50   -9.09%  52,237  17.38%
4        8039台虹       293.00  -20.50  -6.54%  39,245  14.88%
5        2486一詮       259.50  -28.50  -9.90%  34,953  14.53%
6        3006晶豪科     277.00  -4.50   -1.60%  41,963  14.08%
7        2465麗臺       96.20   -8.80   -8.38%  12,290  13.08%
8        6451訊芯-KY    450.00  -50.00  -10.00% 13,900  12.17%
9        3019亞光       143.00  -14.50  -9.21%  33,676  12.06%
10       2455全新       525.00  -17.00  -3.14%  21,442  11.60%

資料來源：

上櫃

排行     股票名稱       收盤價  漲跌    漲跌幅  成交量  周轉率

1        8111立碁       72.00   -4.40   -5.76%  37,962  34.80%
2        3141晶宏       100.00  +0.50   +0.50%  21,370  28.32%
3        1815富喬       120.00  -11.00  -8.40%  121,465 20.75%
4        4971IET-KY     611.00  -58.00  -8.67%  8,591   18.21%
5        8431匯鑽科     63.70   +3.90   +6.52%  7,695   15.78%
6        6530創威       95.00   -6.00   -5.94%  3,992   11.83%
7        2221大甲       91.50   +8.30   +9.98%  4,854   11.47%
8        6217中探針     195.50  0.00    0.00%   13,188  11.25%
9        4991環宇-KY    484.50  -45.50  -8.58%  13,450  11.08%
10       3498陽程       192.00  -9.50   -4.71%  6,645   10.85%

資料來源：

何謂股票週轉率?

來源：

--","上市

排行     股票名稱       收盤價  漲跌    漲跌幅  成交量  周轉率

1        2434統懋       6410   090   138  3405   2003
2        2481強茂       15600  800   541  66498  1740
3        2426鼎元       9500   950   909  52237  1738
4        8039台虹       29300  2050  654  39245  1488
5        2486一詮       25950  2850  990  34953  1453
6        3006晶豪科     27700  450   160  41963  1408
7        2465麗臺       9620   880   838  12290  1308
8        6451訊芯KY    45000  5000  1000 13900  1217
9        3019亞光       14300  1450  921  33676  1206
10       2455全新       52500  1700  314  21442  1160

資料來源

上櫃

排行     股票名稱       收盤價  漲跌    漲跌幅  成交量  周轉率

1        8111立碁       7200   440   576  37962  3480
2        3141晶宏       10000  050   050  21370  2832
3        1815富喬       12000  1100  840  121465 2075
4        4971IETKY     61100  5800  867  8591   1821
5        8431匯鑽科     6370   390   652  7695   1578
6        6530創威       9500   600   594  3992   1183
7        2221大甲       9150   830   998  4854   1147
8        6217中探針     19550  000    000   13188  1125
9        4991環宇KY    48450  4550  858  13450  1108
10       3498陽程       19200  950   471  6645   1085

資料來源

何謂股票週轉率

來源","['上市', '排行', '股票', '名稱', '收盤價', '漲跌', '跌幅', '成交量', '周轉率', '2434', '統懋', '6410', '090', '138', '3405', '2003', '2481', '強茂', '15600', '800', '541', '66498', '1740', '2426', '鼎元', '9500', '950', '909', '52237', '1738', '8039', '台虹', '29300', '2050', '654', '39245', '1488', '2486', '一詮', '25950', '2850', '990', '34953', '1453', '3006', '晶豪科', '27700', '450', '160', '41963', '1408', '2465', '9620', '880', '838', '12290', '1308', '6451', 'KY', '45000', '5000', '1000', '13900', '1217', '3019', '亞光', '14300', '1450', '921', '33676', '1206', '10', '2455', '全新', '52500', '1700', '314', '21442', '1160', '資料', '來源', '上櫃', '排行', '股票', '名稱', '收盤價', '漲跌', '跌幅', '成交量', '周轉率', '8111', '7200', '440', '576', '37962', '3480', '3141', '晶宏', '10000', '050', '050', '21370', '2832', '1815', '富喬', '12000', '1100', '840', '121465', '2075', '4971IETKY', '61100', '5800', '867', '8591', '1821', '8431', '匯鑽科', '6370', '390', '652', '7695', '1578', '6530', '創威', '9500', '600', '594', '3992', '1183', '2221', '大甲', '9150', '830', '998', '4854', '1147', '6217', '探針', '19550', '000', '000', '13188', '1125', '4991', '環宇', 'KY', '48450', '4550', '858', '13450', '1108', '10', '3498', '陽程', '19200', '950', '471', '6645', '1085', '資料', '來源', '何謂', '股票', '週轉率', '來源']",Negative,0.7798234820365906
M.1788432492.A.14C,[情報] 0903 上市櫃外資投信買超金額排行,steveisaman,2026-09-03 18:48:10,1,https://www.ptt.cc/bbs/Stock/M.1788432492.A.14C.html,"外資

排行    股票名稱   收盤價   漲跌  買超(百萬)

1       2454聯發科  4340    +65     5,113
2       2308台達電  1760    +30     3,730
3       2303聯電    125     -1      2,773
4       2481強茂    156     +8      2,700
5       3711日月投  589     0       2,074
6       3081聯亞    3120    -275    1,991
7       2368金像電  1100    -75     1,646
8       2409友達    26.55   +0.15   1,537
9       2455全新    525     -17     1,451
10      3017奇鋐    3300    -10     1,286

資料來源：

投信

排行    股票名稱   收盤價   漲跌  買超(百萬)

1       3231緯創    188.5   +3      2,785
2       2454聯發科  4340    +65     1,967
3       5274信驊    17850   +125    1,850
4       6510精測    3350    -85     1,792
5       6515穎崴    7000    -50     1,642
6       6669緯穎    2475    -135    1,010
7       6442光聖    1770    -25       993
8       2481強茂    156     +8        453
9       6531愛普*   912     -45       418
10      3443創意    5800    -95       369


資料來源：

以上 謝謝

--","外資

排行    股票名稱   收盤價   漲跌  買超百萬

1       2454聯發科  4340    65     5113
2       2308台達電  1760    30     3730
3       2303聯電    125     1      2773
4       2481強茂    156     8      2700
5       3711日月投  589     0       2074
6       3081聯亞    3120    275    1991
7       2368金像電  1100    75     1646
8       2409友達    2655   015   1537
9       2455全新    525     17     1451
10      3017奇鋐    3300    10     1286

資料來源

投信

排行    股票名稱   收盤價   漲跌  買超百萬

1       3231緯創    1885   3      2785
2       2454聯發科  4340    65     1967
3       5274信驊    17850   125    1850
4       6510精測    3350    85     1792
5       6515穎崴    7000    50     1642
6       6669緯穎    2475    135    1010
7       6442光聖    1770    25       993
8       2481強茂    156     8        453
9       6531愛普   912     45       418
10      3443創意    5800    95       369


資料來源

以上 謝謝","['外資', '排行', '股票', '名稱', '收盤價', '漲跌', '超百萬', '2454', '聯發科', '4340', '65', '5113', '2308', '台達電', '1760', '30', '3730', '2303', '聯電', '125', '2773', '2481', '強茂', '156', '2700', '3711', '日月', '589', '2074', '3081', '聯亞', '3120', '275', '1991', '2368', '金像', '1100', '75', '1646', '2409', '友達', '2655', '015', '1537', '2455', '全新', '525', '17', '1451', '10', '3017', '3300', '10', '1286', '資料', '來源', '投信', '排行', '股票', '名稱', '收盤價', '漲跌', '超百萬', '3231', '緯創', '1885', '2785', '2454', '聯發科', '4340', '65', '1967', '5274', '信驊', '17850', '125', '1850', '6510', '精測', '3350', '85', '1792', '6515', '7000', '50', '1642', '6669', '緯穎', '2475', '135', '1010', '6442', '光聖', '1770', '25', '993', '2481', '強茂', '156', '453', '6531', '愛普', '912', '45', '418', '10', '3443', '創意', '5800', '95', '369', '資料', '來源', '以上', '謝謝']",Positive,0.6124444603919983
M.1788431383.A.F9E,[新聞] Google 發表 Gemini 3.8 Flash，軟體工程,arsl400,2026-09-03 18:29:41,97,https://www.ptt.cc/bbs/Stock/M.1788431383.A.F9E.html,"Google 發表 Gemini 3.8 Flash，軟體工程、推理能力全面提升


 。


 
2026 年 09 月 03 日 10:20

TechNews 編輯台

Google 於 2 日推出最新一代的 Gemini 3.8 Flash，並同步發表專為資安用途打造的
Gemini 3.8 Flash Cyber，顯示該公司持續加碼布局快速且低成本的人工智慧模型。

Google 表示，Gemini 3.8 Flash 是目前最聰明的 Flash 模型，在軟體工程、代理式任
務（agentic tasks）以及專業領域的多步驟推理表現上，皆較前一代的 Gemini 3.7
Flash 有顯著提升。這款模型維持與 3.7 Flash 相同的入門價格，每百萬輸入 token
為 0.75 美元、每百萬輸出 token 為 3.75 美元，且該價格將持續適用至今年 12 月
31 日。


在應用層面上，Gemini 3.8 Flash 已可透過 Gemini App、Google Search 的 AI 模式、
Google Sheets 中的 Gemini 功能，以及 Google AI Studio、Gemini API、Android
Studio、Stitch 和 Gemini Enterprise 等平台使用。Google 也指出，這次更新是短時
間內第三次推出 Flash 系列版本，延續了近幾週的升級節奏。

另一方面，Gemini 3.8 Flash Cyber 則鎖定漏洞偵測與自動修補，主打更完整的資安防
禦能力。Google 將這款模型納入新成立的 Fairwind Program，僅提供給經過審核的可信
任防禦方，包括政府機構、關鍵基礎設施營運者與軟體維護者。Google 強調，這兩款模
型都加入了必要的安全防護措施，以降低被濫用於化學、生物、放射性、核武及網路攻擊
等風險。





Google真的好上進阿，隔壁都限制流量不給你Token了，只好怒買一波股哥股票了
想必右邊那條龍有讀書了吧?

--","Google 發表 Gemini 38 Flash軟體工程推理能力全面提升


 


 
2026 年 09 月 03 日 1020

TechNews 編輯台

Google 於 2 日推出最新一代的 Gemini 38 Flash並同步發表專為資安用途打造的
Gemini 38 Flash Cyber顯示該公司持續加碼布局快速且低成本的人工智慧模型

Google 表示Gemini 38 Flash 是目前最聰明的 Flash 模型在軟體工程代理式任
務agentic tasks以及專業領域的多步驟推理表現上皆較前一代的 Gemini 37
Flash 有顯著提升這款模型維持與 37 Flash 相同的入門價格每百萬輸入 token
為 075 美元每百萬輸出 token 為 375 美元且該價格將持續適用至今年 12 月
31 日


在應用層面上Gemini 38 Flash 已可透過 Gemini AppGoogle Search 的 AI 模式
Google Sheets 中的 Gemini 功能以及 Google AI StudioGemini APIAndroid
StudioStitch 和 Gemini Enterprise 等平台使用Google 也指出這次更新是短時
間內第三次推出 Flash 系列版本延續了近幾週的升級節奏

另一方面Gemini 38 Flash Cyber 則鎖定漏洞偵測與自動修補主打更完整的資安防
禦能力Google 將這款模型納入新成立的 Fairwind Program僅提供給經過審核的可信
任防禦方包括政府機構關鍵基礎設施營運者與軟體維護者Google 強調這兩款模
型都加入了必要的安全防護措施以降低被濫用於化學生物放射性核武及網路攻擊
等風險





Google真的好上進阿隔壁都限制流量不給你Token了只好怒買一波股哥股票了
想必右邊那條龍有讀書了吧","['Google', '發表', 'Gemini', '38', 'Flash', '軟體', '工程', '推理', '能力', '全面', '提升', '2026', '09', '03', '1020', 'TechNews', '編輯', 'Google', '推出', '最新', '一代', 'Gemini', '38', 'Flash', '同步', '發表', '專為', '資安', '用途', '打造', 'Gemini', '38', 'Flash', 'Cyber', '顯示', '公司', '持續', '加碼', '布局', '快速', '低成本', '人工智慧', '模型', 'Google', '表示', 'Gemini', '38', 'Flash', '目前', '最聰明', 'Flash', '模型', '軟體', '工程', '代理', 'agentic', 'tasks', '以及', '專業', '領域', '多步驟', '推理', '表現', '一代', 'Gemini', '37', 'Flash', '顯著', '提升', '這款', '模型', '維持', '37', 'Flash', '相同', '入門', '價格', '每百', '萬輸入', 'token', '075', '美元', '每百', '萬輸出', 'token', '375', '美元', '價格', '將持續', '適用', '至今', '12', '31', '應用', '面上', 'Gemini', '38', 'Flash', '透過', 'Gemini', 'AppGoogle', 'Search', 'AI', '模式', 'Google', 'Sheets', 'Gemini', '功能', '以及', 'Google', 'AI', 'StudioGemini', 'APIAndroid', 'StudioStitch', 'Gemini', 'Enterprise', '平台', '使用', 'Google', '指出', '這次', '更新', '短時', '第三次', '推出', 'Flash', '系列', '版本', '延續', '幾週', '升級', '節奏', '另一方面', 'Gemini', '38', 'Flash', 'Cyber', '則鎖定', '漏洞', '偵測', '自動', '修補', '主打', '完整', '安防', '能力', 'Google', '將這款', '模型', '納入', '成立', 'Fairwind', 'Program', '提供', '給經過', '審核', '可信', '任防', '禦方', '包括', '政府', '機構', '關鍵', '基礎', '設施', '營運者', '軟體', '維護者', 'Google', '強調', '這兩款模', '加入', '必要', '安全', '防護', '措施', '降低', '濫用', '化學', '生物', '放射性', '核武', '網路', '攻擊', '風險', 'Google', '真的', '隔壁', '限制', '流量', '不給', 'Token', '只好', '怒買', '一波', '股哥', '股票', '想必', '右邊', '條龍', '讀書']",Positive,0.9972721934318542
M.1788431156.A.B8C,[情報] 全新的115年8月營收 M:11.56% Y:71.16%,q1a1,2026-09-03 18:25:54,10,https://www.ptt.cc/bbs/Stock/M.1788431156.A.B8C.html,"1. 標題：2455 全新 115年8月營收 Mom:11.56% Yoy:71.16%

2. 來源：公開資訊觀測站

3. 網址：

4. 內文：

民國115年08月   單位：新台幣仟元

項目              營業收入淨額
本月              
去年同期          275,126
增減金額          195,778

本年累計          2,817,693
去年累計          2,073,751
增減金額          743,942
增減百分比        35.87
備註 / 營收變化原因說明 

--","1 標題2455 全新 115年8月營收 Mom1156 Yoy7116

2 來源公開資訊觀測站

3 網址

4 內文

民國115年08月   單位新台幣仟元

項目              營業收入淨額
本月              
去年同期          275126
增減金額          195778

本年累計          2817693
去年累計          2073751
增減金額          743942
增減百分比        3587
備註  營收變化原因說明","['標題', '2455', '全新', '115', '營收', 'Mom1156', 'Yoy7116', '來源', '公開', '資訊', '觀測', '網址', '內文', '民國', '115', '08', '單位', '台幣', '項目', '營業', '收入', '淨額', '本月', '去年同期', '275126', '增減', '金額', '195778', '本年', '累計', '2817693', '去年', '累計', '2073751', '增減', '金額', '743942', '增減', '百分比', '3587', '營收', '變化', '原因', '說明']",Positive,0.8886972665786743
M.1788430854.A.797,[情報] 2323 中環 今日買賣:3買2賣 皆賺,q1a1,2026-09-03 18:20:52,17,https://www.ptt.cc/bbs/Stock/M.1788430854.A.797.html,"1. 標題：2323 中環 買南亞科、國巨、威剛，賣聯發科、台積電 皆賺

2. 來源：公開資訊觀測站

3. 網址：

4. 內文：

---公告本公司取得有價證券---
1.證券名稱:
 普通股
2.
3.董事會通過日期: 不適用
4.其他核決日期:
核決層級:董事長核決
民國115年09月03日
5.交易數量、每單位價格及交易總金額:


交易總金額（元）：628,979,449
6.處分利益（或損失）（取得有價證券者不適用）:
不適用
7.與交易標的公司之關係:
無
8.迄目前為止，本交易證券（含本次交易）之數量、金額、持股
比例及權利受限情形（如質押情形）:


9.迄目前為止，依「公開發行公司取得或處分資產處理準則」第三條所列之有價證券投
資（含本次交易）占公司最近期財務報表中總資產及歸屬於母公司業主之權益之比例
暨最近期財務報表中營運資金數額:
占總資產比例:85.13%
占歸屬於母公司業主之權益比例:114.46%
營運資金數額:8,285,327仟元
10.取得或處分之具體目的:
投資組合
11.本次交易表示異議董事之意見:
無
12.本次交易為關係人交易:
否
13.交易相對人及其與公司之關係:
不適用
14.監察人承認或審計委員會同意日期:
不適用
15.前已就同一件事件發布重大訊息日期: 不適用
16.其他敘明事項:
已於115/06/30授權有權交易人在115年第三季期間，得於集中交易市場進行有價證券交易

---公告本公司取得有價證券---
1.證券名稱:
 普通股
2.
3.董事會通過日期: 不適用
4.其他核決日期:
核決層級:董事長核決
民國115年09月03日
5.交易數量、每單位價格及交易總金額:


交易總金額（元）：420,488,878
6.處分利益（或損失）（取得有價證券者不適用）:
不適用
7.與交易標的公司之關係:
無
8.迄目前為止，本交易證券（含本次交易）之數量、金額、持股
比例及權利受限情形（如質押情形）:


9.迄目前為止，依「公開發行公司取得或處分資產處理準則」第三條所列之有價證券投
資（含本次交易）占公司最近期財務報表中總資產及歸屬於母公司業主之權益之比例
暨最近期財務報表中營運資金數額:
占總資產比例:85.13%
占歸屬於母公司業主之權益比例:114.46%
營運資金數額:8,285,327仟元
10.取得或處分之具體目的:
投資組合
11.本次交易表示異議董事之意見:
無
12.本次交易為關係人交易:
否
13.交易相對人及其與公司之關係:
不適用
14.監察人承認或審計委員會同意日期:
不適用
15.前已就同一件事件發布重大訊息日期: 不適用
16.其他敘明事項:
已於115/06/30授權有權交易人在115年第三季期間，得於集中交易市場進行有價證券交易

---公告本公司取得有價證券---
1.證券名稱:
 普通股
2.
3.董事會通過日期: 不適用
4.其他核決日期:
核決層級:董事長核決
民國115年09月03日
5.交易數量、每單位價格及交易總金額:


交易總金額（元）：367,220,111
6.處分利益（或損失）（取得有價證券者不適用）:
不適用
7.與交易標的公司之關係:
無
8.迄目前為止，本交易證券（含本次交易）之數量、金額、持股
比例及權利受限情形（如質押情形）:


9.迄目前為止，依「公開發行公司取得或處分資產處理準則」第三條所列之有價證券投
資（含本次交易）占公司最近期財務報表中總資產及歸屬於母公司業主之權益之比例
暨最近期財務報表中營運資金數額:
占總資產比例:85.13%
占歸屬於母公司業主之權益比例:114.46%
營運資金數額:8,285,327仟元
10.取得或處分之具體目的:
投資組合
11.本次交易表示異議董事之意見:
無
12.本次交易為關係人交易:
否
13.交易相對人及其與公司之關係:
不適用
14.監察人承認或審計委員會同意日期:
不適用
15.前已就同一件事件發布重大訊息日期: 不適用
16.其他敘明事項:
已於115/06/30授權有權交易人在115年第三季期間，得於集中交易市場進行有價證券交易

---公告本公司處分有價證券---
1.證券名稱:
 普通股
2.
3.董事會通過日期: 不適用
4.其他核決日期:
核決層級:董事長核決
民國115年09月03日
5.交易數量、每單位價格及交易總金額:


交易總金額（元）：533,245,471
6.處分利益（或損失）（取得有價證券者不適用）:

7.與交易標的公司之關係:
無
8.迄目前為止，本交易證券（含本次交易）之數量、金額、持股
比例及權利受限情形（如質押情形）:


9.迄目前為止，依「公開發行公司取得或處分資產處理準則」第三條所列之有價證券投
資（含本次交易）占公司最近期財務報表中總資產及歸屬於母公司業主之權益之比例
暨最近期財務報表中營運資金數額:
占總資產比例:85.13%
占歸屬於母公司業主之權益比例:114.46%
營運資金數額:8,285,327仟元
10.取得或處分之具體目的:
投資組合
11.本次交易表示異議董事之意見:
無
12.本次交易為關係人交易:
否
13.交易相對人及其與公司之關係:
不適用
14.監察人承認或審計委員會同意日期:
不適用
15.前已就同一件事件發布重大訊息日期: 不適用
16.其他敘明事項:
已於115/06/30授權有權交易人在115年第三季期間，得於集中交易市場進行有價證券交易

---公告本公司處分有價證券---
1.證券名稱:
 普通股
2.
3.董事會通過日期: 不適用
4.其他核決日期:
核決層級:董事長核決
民國115年09月03日
5.交易數量、每單位價格及交易總金額:


交易總金額（元）：321,875,999
6.處分利益（或損失）（取得有價證券者不適用）:

7.與交易標的公司之關係:
無
8.迄目前為止，本交易證券（含本次交易）之數量、金額、持股
比例及權利受限情形（如質押情形）:


9.迄目前為止，依「公開發行公司取得或處分資產處理準則」第三條所列之有價證券投
資（含本次交易）占公司最近期財務報表中總資產及歸屬於母公司業主之權益之比例
暨最近期財務報表中營運資金數額:
占總資產比例:85.13%
占歸屬於母公司業主之權益比例:114.46%
營運資金數額:8,285,327仟元
10.取得或處分之具體目的:
投資組合
11.本次交易表示異議董事之意見:
無
12.本次交易為關係人交易:
否
13.交易相對人及其與公司之關係:
不適用
14.監察人承認或審計委員會同意日期:
不適用
15.前已就同一件事件發布重大訊息日期: 不適用
16.其他敘明事項:
已於115/06/30授權有權交易人在115年第三季期間，得於集中交易市場進行有價證券交易

************************************
補充 今日處分公告整理
賣 聯發科 賺41,284,622元
賣 台積電 賺 1,168,430元
    合計  42,453,052元
************************************

--","1 標題2323 中環 買南亞科國巨威剛賣聯發科台積電 皆賺

2 來源公開資訊觀測站

3 網址

4 內文

公告本公司取得有價證券
1證券名稱
 普通股
2
3董事會通過日期 不適用
4其他核決日期
核決層級董事長核決
民國115年09月03日
5交易數量每單位價格及交易總金額


交易總金額元628979449
6處分利益或損失取得有價證券者不適用
不適用
7與交易標的公司之關係
無
8迄目前為止本交易證券含本次交易之數量金額持股
比例及權利受限情形如質押情形


9迄目前為止依公開發行公司取得或處分資產處理準則第三條所列之有價證券投
資含本次交易占公司最近期財務報表中總資產及歸屬於母公司業主之權益之比例
暨最近期財務報表中營運資金數額
占總資產比例8513
占歸屬於母公司業主之權益比例11446
營運資金數額8285327仟元
10取得或處分之具體目的
投資組合
11本次交易表示異議董事之意見
無
12本次交易為關係人交易
否
13交易相對人及其與公司之關係
不適用
14監察人承認或審計委員會同意日期
不適用
15前已就同一件事件發布重大訊息日期 不適用
16其他敘明事項
已於1150630授權有權交易人在115年第三季期間得於集中交易市場進行有價證券交易

公告本公司取得有價證券
1證券名稱
 普通股
2
3董事會通過日期 不適用
4其他核決日期
核決層級董事長核決
民國115年09月03日
5交易數量每單位價格及交易總金額


交易總金額元420488878
6處分利益或損失取得有價證券者不適用
不適用
7與交易標的公司之關係
無
8迄目前為止本交易證券含本次交易之數量金額持股
比例及權利受限情形如質押情形


9迄目前為止依公開發行公司取得或處分資產處理準則第三條所列之有價證券投
資含本次交易占公司最近期財務報表中總資產及歸屬於母公司業主之權益之比例
暨最近期財務報表中營運資金數額
占總資產比例8513
占歸屬於母公司業主之權益比例11446
營運資金數額8285327仟元
10取得或處分之具體目的
投資組合
11本次交易表示異議董事之意見
無
12本次交易為關係人交易
否
13交易相對人及其與公司之關係
不適用
14監察人承認或審計委員會同意日期
不適用
15前已就同一件事件發布重大訊息日期 不適用
16其他敘明事項
已於1150630授權有權交易人在115年第三季期間得於集中交易市場進行有價證券交易

公告本公司取得有價證券
1證券名稱
 普通股
2
3董事會通過日期 不適用
4其他核決日期
核決層級董事長核決
民國115年09月03日
5交易數量每單位價格及交易總金額


交易總金額元367220111
6處分利益或損失取得有價證券者不適用
不適用
7與交易標的公司之關係
無
8迄目前為止本交易證券含本次交易之數量金額持股
比例及權利受限情形如質押情形


9迄目前為止依公開發行公司取得或處分資產處理準則第三條所列之有價證券投
資含本次交易占公司最近期財務報表中總資產及歸屬於母公司業主之權益之比例
暨最近期財務報表中營運資金數額
占總資產比例8513
占歸屬於母公司業主之權益比例11446
營運資金數額8285327仟元
10取得或處分之具體目的
投資組合
11本次交易表示異議董事之意見
無
12本次交易為關係人交易
否
13交易相對人及其與公司之關係
不適用
14監察人承認或審計委員會同意日期
不適用
15前已就同一件事件發布重大訊息日期 不適用
16其他敘明事項
已於1150630授權有權交易人在115年第三季期間得於集中交易市場進行有價證券交易

公告本公司處分有價證券
1證券名稱
 普通股
2
3董事會通過日期 不適用
4其他核決日期
核決層級董事長核決
民國115年09月03日
5交易數量每單位價格及交易總金額


交易總金額元533245471
6處分利益或損失取得有價證券者不適用

7與交易標的公司之關係
無
8迄目前為止本交易證券含本次交易之數量金額持股
比例及權利受限情形如質押情形


9迄目前為止依公開發行公司取得或處分資產處理準則第三條所列之有價證券投
資含本次交易占公司最近期財務報表中總資產及歸屬於母公司業主之權益之比例
暨最近期財務報表中營運資金數額
占總資產比例8513
占歸屬於母公司業主之權益比例11446
營運資金數額8285327仟元
10取得或處分之具體目的
投資組合
11本次交易表示異議董事之意見
無
12本次交易為關係人交易
否
13交易相對人及其與公司之關係
不適用
14監察人承認或審計委員會同意日期
不適用
15前已就同一件事件發布重大訊息日期 不適用
16其他敘明事項
已於1150630授權有權交易人在115年第三季期間得於集中交易市場進行有價證券交易

公告本公司處分有價證券
1證券名稱
 普通股
2
3董事會通過日期 不適用
4其他核決日期
核決層級董事長核決
民國115年09月03日
5交易數量每單位價格及交易總金額


交易總金額元321875999
6處分利益或損失取得有價證券者不適用

7與交易標的公司之關係
無
8迄目前為止本交易證券含本次交易之數量金額持股
比例及權利受限情形如質押情形


9迄目前為止依公開發行公司取得或處分資產處理準則第三條所列之有價證券投
資含本次交易占公司最近期財務報表中總資產及歸屬於母公司業主之權益之比例
暨最近期財務報表中營運資金數額
占總資產比例8513
占歸屬於母公司業主之權益比例11446
營運資金數額8285327仟元
10取得或處分之具體目的
投資組合
11本次交易表示異議董事之意見
無
12本次交易為關係人交易
否
13交易相對人及其與公司之關係
不適用
14監察人承認或審計委員會同意日期
不適用
15前已就同一件事件發布重大訊息日期 不適用
16其他敘明事項
已於1150630授權有權交易人在115年第三季期間得於集中交易市場進行有價證券交易


補充 今日處分公告整理
賣 聯發科 賺41284622元
賣 台積電 賺 1168430元
    合計  42453052元","['標題', '2323', '中環', '買南亞', '科國', '巨威剛', '賣聯', '發科', '台積電', '來源', '公開', '資訊', '觀測', '網址', '內文', '公告', '公司', '取得', '有價', '證券', '證券', '名稱', '普通股', '董事', '通過', '日期', '適用', '其他', '核決', '日期', '核決', '層級', '董事', '核決', '民國', '115', '09', '03', '交易', '數量', '單位', '價格及', '交易', '總金額', '交易', '總金額', '628979449', '處分', '利益', '損失', '取得', '有價', '證券者', '適用', '適用', '交易', '公司', '之關', '目前', '為止', '交易', '證券', '本次', '交易', '之數量', '金額', '持股', '比例', '權利', '受限', '情形', '如質', '情形', '目前', '為止', '依公開', '發行', '公司', '取得', '或處', '分資產', '處理', '準則', '第三', '條所列', '價證券', '資含', '本次', '交易', '公司', '近期', '財務', '報表中', '總資產及', '歸屬', '母公司', '業主', '權益', '比例', '近期', '財務', '報表中營', '運資金', '數額', '總資產', '比例', '8513', '占歸屬', '母公司', '業主', '權益', '比例', '11446', '營運資', '金數額', '8285327', '仟元', '10', '取得', '處分', '具體', '目的', '投資', '組合', '11', '本次', '交易', '表示', '異議', '董事', '之意', '12', '本次', '交易', '為關', '交易', '13', '交易', '相對', '及其', '公司', '之關', '適用', '14', '監察人', '承認', '審計委員會', '同意', '日期', '適用', '15', '一件', '事件', '發布', '重大', '訊息', '日期', '適用', '16', '其他', '敘明', '事項', '1150630', '授權', '有權', '交易', '115', '第三季', '期間', '集中', '交易', '市場', '進行', '價證券', '交易', '公告', '公司', '取得', '有價', '證券', '證券', '名稱', '普通股', '董事', '通過', '日期', '適用', '其他', '核決', '日期', '核決', '層級', '董事', '核決', '民國', '115', '09', '03', '交易', '數量', '單位', '價格及', '交易', '總金額', '交易', '總金額', '420488878', '處分', '利益', '損失', '取得', '有價', '證券者', '適用', '適用', '交易', '公司', '之關', '目前', '為止', '交易', '證券', '本次', '交易', '之數量', '金額', '持股', '比例', '權利', '受限', '情形', '如質', '情形', '目前', '為止', '依公開', '發行', '公司', '取得', '或處', '分資產', '處理', '準則', '第三', '條所列', '價證券', '資含', '本次', '交易', '公司', '近期', '財務', '報表中', '總資產及', '歸屬', '母公司', '業主', '權益', '比例', '近期', '財務', '報表中營', '運資金', '數額', '總資產', '比例', '8513', '占歸屬', '母公司', '業主', '權益', '比例', '11446', '營運資', '金數額', '8285327', '仟元', '10', '取得', '處分', '具體', '目的', '投資', '組合', '11', '本次', '交易', '表示', '異議', '董事', '之意', '12', '本次', '交易', '為關', '交易', '13', '交易', '相對', '及其', '公司', '之關', '適用', '14', '監察人', '承認', '審計委員會', '同意', '日期', '適用', '15', '一件', '事件', '發布', '重大', '訊息', '日期', '適用', '16', '其他', '敘明', '事項', '1150630', '授權', '有權', '交易', '115', '第三季', '期間', '集中', '交易', '市場', '進行', '價證券', '交易', '公告', '公司', '取得', '有價', '證券', '證券', '名稱', '普通股', '董事', '通過', '日期', '適用', '其他', '核決', '日期', '核決', '層級', '董事', '核決', '民國', '115', '09', '03', '交易', '數量', '單位', '價格及', '交易', '總金額', '交易', '總金額', '367220111', '處分', '利益', '損失', '取得', '有價', '證券者', '適用', '適用', '交易', '公司', '之關', '目前', '為止', '交易', '證券', '本次', '交易', '之數量', '金額', '持股', '比例', '權利', '受限', '情形', '如質', '情形', '目前', '為止', '依公開', '發行', '公司', '取得', '或處', '分資產', '處理', '準則', '第三', '條所列', '價證券', '資含', '本次', '交易', '公司', '近期', '財務', '報表中', '總資產及', '歸屬', '母公司', '業主', '權益', '比例', '近期', '財務', '報表中營', '運資金', '數額', '總資產', '比例', '8513', '占歸屬', '母公司', '業主', '權益', '比例', '11446', '營運資', '金數額', '8285327', '仟元', '10', '取得', '處分', '具體', '目的', '投資', '組合', '11', '本次', '交易', '表示', '異議', '董事', '之意', '12', '本次', '交易', '為關', '交易', '13', '交易', '相對', '及其', '公司', '之關', '適用', '14', '監察人', '承認', '審計委員會', '同意', '日期', '適用', '15', '一件', '事件', '發布', '重大', '訊息', '日期', '適用', '16', '其他', '敘明', '事項', '1150630', '授權', '有權', '交易', '115', '第三季', '期間', '集中', '交易', '市場', '進行', '價證券', '交易', '公告', '公司', '處分', '價證券', '證券', '名稱', '普通股', '董事', '通過', '日期', '適用', '其他', '核決', '日期', '核決', '層級', '董事', '核決', '民國', '115', '09', '03', '交易', '數量', '單位', '價格及', '交易', '總金額', '交易', '總金額', '533245471', '處分', '利益', '損失', '取得', '有價', '證券者', '適用', '交易', '公司', '之關', '目前', '為止', '交易', '證券', '本次', '交易', '之數量', '金額', '持股', '比例', '權利', '受限', '情形', '如質', '情形', '目前', '為止', '依公開', '發行', '公司', '取得', '或處', '分資產', '處理', '準則', '第三', '條所列', '價證券', '資含', '本次', '交易', '公司', '近期', '財務', '報表中', '總資產及', '歸屬', '母公司', '業主', '權益', '比例', '近期', '財務', '報表中營', '運資金', '數額', '總資產', '比例', '8513', '占歸屬', '母公司', '業主', '權益', '比例', '11446', '營運資', '金數額', '8285327', '仟元', '10', '取得', '處分', '具體', '目的', '投資', '組合', '11', '本次', '交易', '表示', '異議', '董事', '之意', '12', '本次', '交易', '為關', '交易', '13', '交易', '相對', '及其', '公司', '之關', '適用', '14', '監察人', '承認', '審計委員會', '同意', '日期', '適用', '15', '一件', '事件', '發布', '重大', '訊息', '日期', '適用', '16', '其他', '敘明', '事項', '1150630', '授權', '有權', '交易', '115', '第三季', '期間', '集中', '交易', '市場', '進行', '價證券', '交易', '公告', '公司', '處分', '價證券', '證券', '名稱', '普通股', '董事', '通過', '日期', '適用', '其他', '核決', '日期', '核決', '層級', '董事', '核決', '民國', '115', '09', '03', '交易', '數量', '單位', '價格及', '交易', '總金額', '交易', '總金額', '321875999', '處分', '利益', '損失', '取得', '有價', '證券者', '適用', '交易', '公司', '之關', '目前', '為止', '交易', '證券', '本次', '交易', '之數量', '金額', '持股', '比例', '權利', '受限', '情形', '如質', '情形', '目前', '為止', '依公開', '發行', '公司', '取得', '或處', '分資產', '處理', '準則', '第三', '條所列', '價證券', '資含', '本次', '交易', '公司', '近期', '財務', '報表中', '總資產及', '歸屬', '母公司', '業主', '權益', '比例', '近期', '財務', '報表中營', '運資金', '數額', '總資產', '比例', '8513', '占歸屬', '母公司', '業主', '權益', '比例', '11446', '營運資', '金數額', '8285327', '仟元', '10', '取得', '處分', '具體', '目的', '投資', '組合', '11', '本次', '交易', '表示', '異議', '董事', '之意', '12', '本次', '交易', '為關', '交易', '13', '交易', '相對', '及其', '公司', '之關', '適用', '14', '監察人', '承認', '審計委員會', '同意', '日期', '適用', '15', '一件', '事件', '發布', '重大', '訊息', '日期', '適用', '16', '其他', '敘明', '事項', '1150630', '授權', '有權', '交易', '115', '第三季', '期間', '集中', '交易', '市場', '進行', '價證券', '交易', '補充', '今日', '處分', '公告', '整理', '聯發科', '41284622', '台積電', '1168430', '合計', '42453052']",Positive,0.8666509985923767
M.1788430631.A.006,[新聞] 金融又最後一棒？玉山金飆7%領六大金控,kiversonx17,2026-09-03 18:17:09,22,https://www.ptt.cc/bbs/Stock/M.1788430631.A.006.html,"。

 

 葉憶如｜Yahoo財經特派記者



「資金翹翹板」今（3）日從電子股流向金融股，玉山金（2884）飆7%站上43.5元加入比
價補漲，四家金控股玉山金、凱基金（2883）、台新新光金（2887）、永豐金（2890）盤
中紛紛漲逾2~3%齊寫新天價，富邦金（2881）第一金（2892）隨後也寫新高，PTT網友喊
「台新比台積電漲得兇」、「西瓜金要上50」，但也有人憂心「金融又最後一棒？」、「
諾亞方舟」，分析師、國泰證期顧問協理郭經緯認為，電子回檔金融成避風港，有資金需
求可賣一波，存股族可續抱。

台新新光金法說會後連二天大漲，今年來股價從20.4元一路漲到盤中最高價42.65元，翻
倍漲了109%，改寫歷史新高價。相較台積電同期漲54%，ptt網友喊「台新今年漲幅比台積
電還多，換掉西瓜果然有差」、「西瓜金這波 上看50」。

台新新光金總經理林維俊在法說會上說對明年股利有信心，但不願意透露殖利率，主要是
「股價都漲翻倍了」，意謂股價分母漲高了，殖利率就難估，不過以前2月每股獲利已賺
逾2元來看，投資人對明年股利仍有相當預期。

金控二軍掀比價行情，除台新新光金外，凱基金、永豐金及玉山金也連袂寫下新高紀錄，
股價都在35~45元附近。台新新光金站上42.65元後，一度超越玉山金，玉山金今早比價追
回，更超越永豐金。

玉山金9月1日正式併購三商壽，成為國內第五大上市金控後，今日股價展開落後補漲，從
40.55元急飆上43.5元，漲幅逾7%，是今日漲勢最強悍金控股。其他新高價依序是永豐金
的43.15元及凱基金的36.75元。

國泰證期顧問協理郭經緯今早受訪表示，台股今平盤上下震盪，電子股全面下挫、電子股
指數跌0.3%，台積電仍紅盤以外，其他PCB等強勢飆股拉回，資金翹翹板往金融股移動，
是金融股今天相對電子及大盤強勢原因。

此外，他也提到美日公債殖利率升，日本央行總裁暗示9月升息，聯準會主席華許態度也
是「中性偏鷹」，基本面上有利銀行金控，可受惠利率利差，放款跟淨利息收入穩健下，
金融股價淨比都不高。

至於金融股是不是最後一棒的問題？郭經緯，台股還沒有走完，短線漲多從7月底到昨天
，不少電子股近月漲一倍，休息一下讓金融股接棒是健康輪動。若擔心的投資人，若有資
金需求，可先賣一批，若是長期以高股息考量為主的金融存股族可續抱。



台股大盤近期盤整上下震盪

金融族群卻逆勢上漲

是否有升息行情?

其中玉山金上漲7%收盤站上43.20飆新高

存股變成飆股啦~

金融股 最後一棒???

--","葉憶如Yahoo財經特派記者



資金翹翹板今3日從電子股流向金融股玉山金2884飆7站上435元加入比
價補漲四家金控股玉山金凱基金2883台新新光金2887永豐金2890盤
中紛紛漲逾23齊寫新天價富邦金2881第一金2892隨後也寫新高PTT網友喊
台新比台積電漲得兇西瓜金要上50但也有人憂心金融又最後一棒
諾亞方舟分析師國泰證期顧問協理郭經緯認為電子回檔金融成避風港有資金需
求可賣一波存股族可續抱

台新新光金法說會後連二天大漲今年來股價從204元一路漲到盤中最高價4265元翻
倍漲了109改寫歷史新高價相較台積電同期漲54ptt網友喊台新今年漲幅比台積
電還多換掉西瓜果然有差西瓜金這波 上看50

台新新光金總經理林維俊在法說會上說對明年股利有信心但不願意透露殖利率主要是
股價都漲翻倍了意謂股價分母漲高了殖利率就難估不過以前2月每股獲利已賺
逾2元來看投資人對明年股利仍有相當預期

金控二軍掀比價行情除台新新光金外凱基金永豐金及玉山金也連袂寫下新高紀錄
股價都在3545元附近台新新光金站上4265元後一度超越玉山金玉山金今早比價追
回更超越永豐金

玉山金9月1日正式併購三商壽成為國內第五大上市金控後今日股價展開落後補漲從
4055元急飆上435元漲幅逾7是今日漲勢最強悍金控股其他新高價依序是永豐金
的4315元及凱基金的3675元

國泰證期顧問協理郭經緯今早受訪表示台股今平盤上下震盪電子股全面下挫電子股
指數跌03台積電仍紅盤以外其他PCB等強勢飆股拉回資金翹翹板往金融股移動
是金融股今天相對電子及大盤強勢原因

此外他也提到美日公債殖利率升日本央行總裁暗示9月升息聯準會主席華許態度也
是中性偏鷹基本面上有利銀行金控可受惠利率利差放款跟淨利息收入穩健下
金融股價淨比都不高

至於金融股是不是最後一棒的問題郭經緯台股還沒有走完短線漲多從7月底到昨天
不少電子股近月漲一倍休息一下讓金融股接棒是健康輪動若擔心的投資人若有資
金需求可先賣一批若是長期以高股息考量為主的金融存股族可續抱



台股大盤近期盤整上下震盪

金融族群卻逆勢上漲

是否有升息行情

其中玉山金上漲7收盤站上4320飆新高

存股變成飆股啦

金融股 最後一棒","['葉憶', 'Yahoo', '財經', '特派', '記者', '資金', '電子', '流向', '金融股', '玉山', '2884', '站上', '435', '加入', '價補漲', '四家', '控股', '玉山', '金凱', '基金', '2883', '台新', '新光', '2887', '永豐金', '2890', '中紛', '紛漲', '23', '齊寫', '新天', '價富邦金', '2881', '第一', '2892', '隨後也', '新高', 'PTT', '網友', '台新', '台積電', '漲得', '西瓜', '金要', '50', '有人', '憂心', '金融', '最後一棒', '諾亞', '方舟', '分析', '師國', '泰證期', '顧問', '協理', '郭經緯', '認為', '電子', '回檔', '金融', '成避', '風港', '資金', '求可賣', '一波存', '股族', '可續', '台新', '新光', '金法', '會後連', '天大', '今年', '股價', '204', '一路', '漲到', '最高', '4265', '109', '改寫', '歷史', '新高', '價相較', '台積電', '同期', '54ptt', '網友', '今年', '漲幅', '比台積', '電還', '多換', '西瓜', '果然', '有差', '西瓜', '這波', '50', '台新', '新光', '金總經理', '林維俊', '明年', '股利', '信心', '不願意', '透露', '利率', '主要', '股價', '翻倍', '意謂', '股價', '分母', '漲高', '利率', '估不過', '以前', '每股', '獲利', '元來', '投資人', '明年', '股利', '仍有', '相當', '預期', '金控', '掀比價', '行情', '除台', '新光', '金外凱', '基金', '永豐金及', '玉山', '連袂', '新高', '紀錄', '股價', '3545', '附近', '台新', '新光', '站上', '4265', '一度', '超越', '玉山', '玉山', '金今', '比價', '超越', '永豐金', '玉山', '正式', '購三商壽成', '國內', '第五', '上市', '金控', '今日', '股價展', '開落', '補漲', '4055', '元急', '飆上', '435', '元漲', '今日', '漲勢', '最強', '悍金', '控股', '其他', '新高', '依序是', '永豐金', '4315', '及凱', '基金', '3675', '國泰證', '期顧', '問協理', '郭經緯', '今早', '受訪', '表示', '台股', '今平盤', '上下', '震盪', '電子', '全面', '下挫', '電子', '指數', '03', '台積電', '仍紅盤', '以外', '其他', 'PCB', '強勢', '股拉回', '資金', '金融股', '移動', '金融股', '今天', '相對', '電子', '大盤', '強勢', '原因', '此外', '提到', '日公', '債殖', '利率', '日本央行', '總裁', '暗示', '升息', '聯準', '主席', '華許', '態度', '中性', '偏鷹', '基本面', '有利', '銀行', '金控', '受惠', '利率', '利差', '放款', '跟淨', '利息收入', '穩健下', '金融股', '價淨', '至於', '金融股', '是不是', '最後一棒', '問題', '郭經緯台', '股還', '完短線', '月底', '昨天', '不少', '電子', '股近', '一倍', '休息', '一下', '金融股', '接棒', '健康', '輪動', '擔心', '投資人', '有資', '需求', '可先', '一批', '期以', '股息', '考量', '為主', '金融', '存股族', '可續', '台股', '大盤', '近期', '盤整', '上下', '震盪', '金融', '族群', '卻逆勢', '是否', '升息', '行情', '其中', '玉山', '金上', '收盤', '站上', '4320', '新高', '存股', '變成', '飆股', '金融股', '最後一棒']",Positive,0.9937627911567688
M.1788429299.A.C41,[新聞]南電宣布「不漲價」股價摜跌停！PCB族群,ilqgray,2026-09-03 17:54:57,29,https://www.ptt.cc/bbs/Stock/M.1788429299.A.C41.html,"南電宣布「不漲價」股價摜跌停！PCB族群全倒　欣興4天狂瀉24％陷熊市

 
南電宣布「不漲價」股價摜跌停！PCB族群全倒　欣興4天狂瀉24％陷熊市

 。


 
2026/09/03






ABF 載板三雄近期利空消息接連來襲，在欣興（3037）日前傳出涉嫌洗產地、遭檢調搜索
，股價重挫之後，南電（8046）再傳出第四季 BT 載板暫無調漲價格計畫，消息一出立即
引發市場失望性賣壓，今日股價直接摜至跌停，並拖累載板及 PCB 族群同步走弱。

南電日前受邀參加法人線上電話會議，公司表示，受惠 AI 需求持續暢旺，PCB 業務表現
強勁，中國廠區稼動率也逐步接近滿載。在沒有長約的情況下，公司先前已陸續反映生產
成本上升，並調高報價。

不過，受到 BT 載板相關原物料近期漲勢趨緩影響，南電目前並無意自 2026 年第 4 季
起進一步調漲 BT 載板價格，與市場原先對載板報價持續上調的期待出現落差。


南電指出，載板市場目前呈現明顯兩極化。BT 載板方面，隨著相關原物料價格漲勢放緩
，短期內價格維持穩定；但 ABF 載板則受到 T-glass 等關鍵原料供應吃緊影響，供需仍
偏緊，後續仍具備漲價空間。

也就是說，雖然 AI 伺服器需求持續推升 PCB 及高階載板需求，但不同產品線的漲價能
力已開始出現差異。市場原本期待載板廠能持續透過調價轉嫁成本，如今 BT 載板暫不漲
價，也讓投資人開始重新評估載板族群後續毛利率及報價動能。


消息迅速反映在盤面上，南電今日早盤原本一度開高，但隨後賣壓急遽湧現，股價由紅翻
黑並一路下殺，終場鎖在 1080 元跌停價，且跌破季線，成為今日 PCB 族群最弱勢指標
之一。

景碩（3189）同樣受到拖累，股價開高後一路走低，終場崩跌 8.5%、收在 775 元，同樣
跌破季線；欣興則因先前遭檢調搜索的消息尚未完全消化，今日再度遭到賣壓摜壓，終場
大跌逾 5%，收在 923 元。

欣興股價自上周創下 1230 元歷史天價後一路重挫，短短 4 個交易日累計跌幅已達 24%
，技術面也正式陷入熊市格局，市場信心明顯受到衝擊。


台股今日（9/3）早盤開高走低，終場加權指數下跌 307.06 餘點，盤面上 PCB 族群成為
主要重災區。除了南電率先亮燈跌停外，PCB 鑽針廠尖點（8021）也同步亮綠燈，金像電
（2368）、金居（8358）跌幅皆超過 6％，景碩（3189）、臻鼎 -KY（4958）及玻纖布大
廠富喬（1815）等個股皆重挫逾 8％。

軟性印刷電路板部分，昨日逆勢漲停的上游原料供應商律勝（3354）今日明顯拉回，終場
大跌逾 7％；台虹（8039）、亞電（4939）分別慘跌 6％多、8％多，台郡（6269）則開
高走低、收盤價逼近跌停。


台灣高階 PCB 鑽孔與耗材三大指標廠同樣表現黯淡。尖點早盤原本以上漲 2 元開出，但
隨著南電股價急殺至跌停，族群賣壓快速擴大，尖點也由紅翻黑，下殺至 413 元跌停價
；大量（3167）、鉅橡（8074）也分別重挫 5％多、3％多。

整體而言，AI 需求帶動 PCB 產業基本面仍未改變，但近期從欣興產地爭議到南電 BT 載
板暫不漲價，接連出現的利空消息已使載板族群短線陷入修正壓力。後續市場焦點將回
到 AI 伺服器需求、ABF 供需缺口、原物料價格及載板報價能否持續上行，若高階 ABF
仍維持供不應求，能否抵銷 BT 載板漲價暫停的影響，將成為載板三雄後續股價表現的關
鍵。





我好錯亂啊...

3037董座強調「產能已極度告急」

簡山傑還說公司要準備新廠耶
然後吳田玉還當場點名3037要產能XD
不過8046說目前在沒長約的情況下，之前有慢慢漲價過了，Q4不漲了...

--","南電宣布不漲價股價摜跌停PCB族群全倒　欣興4天狂瀉24陷熊市

 
南電宣布不漲價股價摜跌停PCB族群全倒　欣興4天狂瀉24陷熊市

 


 
20260903






ABF 載板三雄近期利空消息接連來襲在欣興3037日前傳出涉嫌洗產地遭檢調搜索
股價重挫之後南電8046再傳出第四季 BT 載板暫無調漲價格計畫消息一出立即
引發市場失望性賣壓今日股價直接摜至跌停並拖累載板及 PCB 族群同步走弱

南電日前受邀參加法人線上電話會議公司表示受惠 AI 需求持續暢旺PCB 業務表現
強勁中國廠區稼動率也逐步接近滿載在沒有長約的情況下公司先前已陸續反映生產
成本上升並調高報價

不過受到 BT 載板相關原物料近期漲勢趨緩影響南電目前並無意自 2026 年第 4 季
起進一步調漲 BT 載板價格與市場原先對載板報價持續上調的期待出現落差


南電指出載板市場目前呈現明顯兩極化BT 載板方面隨著相關原物料價格漲勢放緩
短期內價格維持穩定但 ABF 載板則受到 Tglass 等關鍵原料供應吃緊影響供需仍
偏緊後續仍具備漲價空間

也就是說雖然 AI 伺服器需求持續推升 PCB 及高階載板需求但不同產品線的漲價能
力已開始出現差異市場原本期待載板廠能持續透過調價轉嫁成本如今 BT 載板暫不漲
價也讓投資人開始重新評估載板族群後續毛利率及報價動能


消息迅速反映在盤面上南電今日早盤原本一度開高但隨後賣壓急遽湧現股價由紅翻
黑並一路下殺終場鎖在 1080 元跌停價且跌破季線成為今日 PCB 族群最弱勢指標
之一

景碩3189同樣受到拖累股價開高後一路走低終場崩跌 85收在 775 元同樣
跌破季線欣興則因先前遭檢調搜索的消息尚未完全消化今日再度遭到賣壓摜壓終場
大跌逾 5收在 923 元

欣興股價自上周創下 1230 元歷史天價後一路重挫短短 4 個交易日累計跌幅已達 24
技術面也正式陷入熊市格局市場信心明顯受到衝擊


台股今日93早盤開高走低終場加權指數下跌 30706 餘點盤面上 PCB 族群成為
主要重災區除了南電率先亮燈跌停外PCB 鑽針廠尖點8021也同步亮綠燈金像電
2368金居8358跌幅皆超過 6景碩3189臻鼎 KY4958及玻纖布大
廠富喬1815等個股皆重挫逾 8

軟性印刷電路板部分昨日逆勢漲停的上游原料供應商律勝3354今日明顯拉回終場
大跌逾 7台虹8039亞電4939分別慘跌 6多8多台郡6269則開
高走低收盤價逼近跌停


台灣高階 PCB 鑽孔與耗材三大指標廠同樣表現黯淡尖點早盤原本以上漲 2 元開出但
隨著南電股價急殺至跌停族群賣壓快速擴大尖點也由紅翻黑下殺至 413 元跌停價
大量3167鉅橡8074也分別重挫 5多3多

整體而言AI 需求帶動 PCB 產業基本面仍未改變但近期從欣興產地爭議到南電 BT 載
板暫不漲價接連出現的利空消息已使載板族群短線陷入修正壓力後續市場焦點將回
到 AI 伺服器需求ABF 供需缺口原物料價格及載板報價能否持續上行若高階 ABF
仍維持供不應求能否抵銷 BT 載板漲價暫停的影響將成為載板三雄後續股價表現的關
鍵





我好錯亂啊

3037董座強調產能已極度告急

簡山傑還說公司要準備新廠耶
然後吳田玉還當場點名3037要產能XD
不過8046說目前在沒長約的情況下之前有慢慢漲價過了Q4不漲了","['南電', '宣布', '不漲', '價股價', '跌停', 'PCB', '族群', '全倒', '欣興', '天狂', '24', '熊市', '南電', '宣布', '不漲', '價股價', '跌停', 'PCB', '族群', '全倒', '欣興', '天狂', '24', '熊市', '20260903', 'ABF', '載板', '三雄', '近期', '利空消息', '接連來襲', '欣興', '3037', '日前', '傳出', '涉嫌', '洗產地', '遭檢調', '搜索', '股價', '重挫', '之後南電', '8046', '傳出', '第四季', 'BT', '載板', '暫無調', '價格', '計畫', '消息', '一出', '立即', '引發', '市場', '失望', '性賣壓', '今日', '股價', '直接', '跌停', '拖累', '載板', 'PCB', '族群', '同步', '走弱', '南電', '日前', '受邀', '加法', '人線', '電話', '會議', '公司', '表示', '受惠', 'AI', '需求', '持續', '暢旺', 'PCB', '業務表現', '強勁', '中國廠', '區稼動率', '逐步', '接近', '滿載', '情況', '公司', '先前', '已陸續', '反映', '生產', '成本上升', '並調', '報價', '不過', '受到', 'BT', '載板', '相關', '物料', '近期', '漲勢', '趨緩', '影響', '南電', '目前', '並無意', '2026', '起進', '一步', '調漲', 'BT', '載板', '價格', '市場', '原先', '對載', '板報', '價持續', '期待', '出現', '落差', '南電', '指出', '載板', '市場', '目前', '呈現', '明顯', '兩極化', 'BT', '載板', '方面', '隨著', '相關', '物料', '價格', '漲勢', '放緩', '短期', '內價格', '維持', '穩定', 'ABF', '載板則', '受到', 'Tglass', '關鍵', '原料', '供應', '緊影響', '供需', '緊後續', '具備', '漲價', '空間', '就是', '雖然', 'AI', '伺服器', '需求', '持續', '推升', 'PCB', '高階載', '需求', '不同', '產品線', '價能', '力已', '開始', '出現', '差異', '市場', '原本', '期待', '載板', '持續', '透過', '調價', '轉嫁', '成本', '如今', 'BT', '載板', '暫不漲', '價也', '投資人', '開始', '重新', '評估', '載板', '族群', '毛利率', '及報', '價動能', '消息', '迅速', '反映', '面上', '南電', '今日', '早盤', '原本', '一度', '開高', '隨後賣', '急遽', '湧現', '股價', '紅翻', '黑並', '一路下', '終場鎖', '1080', '跌停', '價且', '跌破', '季線', '成為', '今日', 'PCB', '族群', '最弱勢', '指標', '之一', '景碩', '3189', '同樣', '受到', '拖累', '股價', '開高', '一路', '走低', '終場', '崩跌', '85', '收在', '775', '同樣', '跌破', '季線', '欣興則', '先前', '遭檢調', '搜索', '消息', '尚未', '完全', '消化', '今日', '再度', '遭到', '賣壓', '終場', '大跌', '收在', '923', '欣興', '股價', '上周', '創下', '1230', '歷史', '天價', '一路', '重挫', '短短', '交易日', '累計', '跌幅', '已達', '24', '技術面', '正式', '陷入', '熊市', '格局', '市場', '信心', '明顯', '受到', '衝擊', '台股', '今日', '93', '早盤', '開高', '走低', '終場', '加權', '指數', '下跌', '30706', '餘點', '面上', 'PCB', '族群', '成為', '主要', '重災區', '除了', '南電', '率先', '亮燈', '跌停', 'PCB', '鑽針', '尖點', '8021', '同步', '亮綠燈', '金像', '2368', '金居', '8358', '跌幅', '超過', '景碩', '3189', 'KY4958', '玻纖布', '廠富喬', '1815', '重挫', '軟性', '印刷', '電路板', '部分', '昨日', '逆勢', '上游', '原料', '供應', '商律勝', '3354', '今日', '明顯拉回', '終場', '大跌', '台虹', '8039', '亞電', '4939', '分別', '慘跌', '多台', '6269', '則開', '走低', '收盤價', '逼近', '跌停', '台灣', '高階', 'PCB', '鑽孔', '耗材', '三大指', '標廠', '同樣', '表現', '黯淡', '尖點', '早盤', '原本', '以上', '開出', '隨著', '南電股', '價急', '跌停', '族群', '賣壓', '快速', '擴大', '尖點', '紅翻', '黑下', '413', '跌停', '大量', '3167', '8074', '分別', '重挫', '整體', '而言', 'AI', '需求', '帶動', 'PCB', '產業', '基本面', '未改', '近期', '欣興產地', '爭議', '南電', 'BT', '暫不漲', '價接連', '出現', '利空消息', '已使', '載板', '族群', '短線', '陷入', '修正', '壓力後續', '市場', '焦點', '將回', 'AI', '伺服器', '需求', 'ABF', '供需', '缺口', '物料', '價格及', '載板', '報價', '能否', '持續', '上行', '若高階', 'ABF', '仍維持', '應求', '能否', '抵銷', 'BT', '載板', '漲價', '暫停', '影響', '將成', '載板', '三雄後續', '股價表現', '的關', '錯亂', '3037', '董座', '強調', '產能', '極度', '告急', '簡山傑', '還說', '公司', '準備', '新廠', '然後吳', '田玉', '還當場', '點名', '3037', '要產能', 'XD', '不過', '8046', '目前', '沒長', '情況', '之前', '慢慢', '漲價過', 'Q4', '不漲']",Positive,0.5299338698387146
M.1788427339.A.CB1,[情報] 3324 雙鴻 自結7月EPS 6.47,s454666,2026-09-03 17:22:17,36,https://www.ptt.cc/bbs/Stock/M.1788427339.A.CB1.html,"[情報] 3324 雙鴻 自結7月EPS 6.47

標題：
本公司因近期股(債)價量異常，應櫃買中心要求公布相關資訊，以利投資人區別暸解

來源：公開資訊觀測站

網址：



內文：

財務業務資訊：

　　　　　　　最近一月　　　去年同月　　　年增
　　　　　　　115年7月　　 114年7月
======================

營業收入　　　 3,765百萬　　 1,737百萬　　 +117%

稅前淨利　　　　 829百萬　　　 342百萬　　 +142%

稅後純益　　　　 600百萬　　　 272百萬　　 +120%

每股盈餘　　　　 6.47元　　　　3.01元　　 +115%

最近一季：

# 　　　　　　　115年Q2　　　114年Q2　　　年增

營業收入　　　 8,700百萬　　5,306百萬　　 +64%

稅前淨利　　　 1,317百萬　　　211百萬　　 +524%

稅後純益　　　　 969百萬　　　158百萬　　 +513%

每股盈餘　　　　10.41元　　　 1.75元　　 +495%

最近四季累計：

營業收入：308.07億
稅前淨利：52.87億
稅後純益：40.36億
EPS：43.87元

===========

Q2整季EPS 10.41

結果7月一個月EPS就6.47了！

一個月直接賺了Q2整季的62%左右

7月營收年增117%
稅前淨利年增142%
EPS年增115%

今天被錯殺-5.9%
明天一根?


--","情報 3324 雙鴻 自結7月EPS 647

標題
本公司因近期股債價量異常應櫃買中心要求公布相關資訊以利投資人區別暸解

來源公開資訊觀測站

網址



內文

財務業務資訊

　　　　　　　最近一月　　　去年同月　　　年增
　　　　　　　115年7月　　 114年7月


營業收入　　　 3765百萬　　 1737百萬　　 117

稅前淨利　　　　 829百萬　　　 342百萬　　 142

稅後純益　　　　 600百萬　　　 272百萬　　 120

每股盈餘　　　　 647元　　　　301元　　 115

最近一季

 　　　　　　　115年Q2　　　114年Q2　　　年增

營業收入　　　 8700百萬　　5306百萬　　 64

稅前淨利　　　 1317百萬　　　211百萬　　 524

稅後純益　　　　 969百萬　　　158百萬　　 513

每股盈餘　　　　1041元　　　 175元　　 495

最近四季累計

營業收入30807億
稅前淨利5287億
稅後純益4036億
EPS4387元



Q2整季EPS 1041

結果7月一個月EPS就647了

一個月直接賺了Q2整季的62左右

7月營收年增117
稅前淨利年增142
EPS年增115

今天被錯殺59
明天一根","['情報', '3324', '雙鴻', '自結', 'EPS', '647', '標題', '公司', '近期', '股債', '價量', '異常', '應櫃', '中心', '要求', '公布', '相關', '資訊', '以利', '投資', '人區別', '暸解', '來源', '公開', '資訊', '觀測', '網址', '內文', '財務業務', '資訊', '最近', '一月', '去年', '同月', '年增', '115', '114', '營業', '收入', '3765', '百萬', '1737', '百萬', '117', '稅前', '淨利', '829', '百萬', '342', '百萬', '142', '稅後純益', '600', '百萬', '272', '百萬', '120', '每股', '盈餘', '647', '301', '115', '最近', '一季', '115', 'Q2', '114', 'Q2', '年增', '營業', '收入', '8700', '百萬', '5306', '百萬', '64', '稅前', '淨利', '1317', '百萬', '211', '百萬', '524', '稅後純益', '969', '百萬', '158', '百萬', '513', '每股', '盈餘', '1041', '175', '495', '最近', '四季', '累計', '營業', '收入', '30807', '稅前', '淨利', '5287', '稅後純益', '4036', 'EPS4387', 'Q2', '整季', 'EPS', '1041', '結果', '一個', 'EPS', '647', '一個', '直接', 'Q2', '整季', '62', '左右', '營收', '117', '稅前', '淨利年', '142', 'EPS', '年增', '115', '今天', '59', '明天', '一根']",Positive,0.821745753288269
M.1788426879.A.3D5,[新聞] 進口車關稅為何不降？600億稅損、8萬人,cjol,2026-09-03 17:14:38,62,https://www.ptt.cc/bbs/Stock/M.1788426879.A.3D5.html,"作者: CF661020 (秋風之痕) 看板: Gossiping
標題: [新聞] 進口車關稅為何不降？600億稅損、8萬人
時間: Wed Sep  2 08:56:30 2026

1.媒體來源:風傳媒 20260901

2.記者署名:蕭宥宸

3.完整新聞標題:

進口車關稅為何不降？600億稅損、8萬人飯碗之外　台灣還卡著一張關鍵牌

4.完整新聞內文:

x灣進口小客車關稅維持17.5%，為何喊了多年仍降不下來？立法院財政委員會7月29日
排審7項《海關進口稅則》修正草案，內容包括將整車關稅降至0%、2.5%，以及降至8%至
10%並搭配汽車零組件降稅等版本，但當天僅完成詢答，並未進入表決。財政部與經濟部
均主張「現階段尚不宜推動」，背後牽涉的不只是車價，而是國庫稅收、汽車產業鏈及對
外談判籌碼三大問題。

房產YouTuber「買房阿元」在影片《保護國產車70年，為什麼還不能停？》中，則把問題
拉回保護政策本身，追問「70年後我們換到什麼？」從1950年代扶植汽車工業，到今天進
口車與國產車競爭日趨激烈，爭議核心已不再只是要不要讓進口車變便宜，而是台灣是否
仍有充分理由，繼續以17.5%的關稅維持現行產業結構。

政府保護國產車70年換到什麼？嚴格來說，17.5%的小客車關稅並不是維持了70年。台灣2002年加入世界貿易組織（WTO）
後，依關稅減讓承諾，先將小客車關稅降至29%，再分10年逐步調降至17.5%，此後才維持
至今。因此，「保護70年」指的是台灣扶植汽車產業的整體政策脈絡，而非同一稅率原封
不動存在70年。

買房阿元在影片中回顧，1953年裕隆汽車成立後，政府曾透過高關稅、限制進口及自製率
要求扶植本土汽車業；台灣加入WTO後，相關管制逐步鬆綁，但17.5%的關稅仍成為最後一
道主要保護牆。這道牆如今同時承擔產業保護、稅收及貿易談判功能，也使任何降稅主張
都不再只是單純的消費政策。

368億、413億、601億元　其實是三種不同稅損算法
T車關稅爭議中，最容易混淆的就是稅損數字。財政部書面報告顯示，2025年台灣小客
車進口總值約2103億元，實際關稅收入為368億元。買房阿元影片提及的約336億元，與財
政部最新書面報告有所差異；若以此次立法院審查所引用的官方資料為準，應採368億元
。

不過，經濟部評估的413億元及523億至601億元，並不只是把368億元直接放大。若整車關
稅降至0%，經濟部以「最初收入損失法」估算，單年稅收淨損約413.01億元；若進一步把
國產車產值下降及其連帶影響納入，並計算關稅、貨物稅、營業稅、營利事業所得稅及個
人綜合所得稅，最終模型才會得出523.04億至600.57億元的稅收淨損。簡單來說，368億
元是既有實際關稅收入，601億元則是特定情境下的整體稅收衝擊估算，兩者不是同一概
念。

王世堅批「危言聳聽」　稅損模型成攻防焦點
民進黨立委王世堅不接受政府算法，質疑提案只調降關稅，進口車仍須繳納貨物稅及營業
稅，且車價下降後若帶動進口量增加，相關稅收未必會同步減少。他因此批評523億至601
億元的估算「危言聳聽」，認為政府把國產車銷售下滑、其他稅目減收等假設一併納入，
放大了全面降稅的衝擊。 （相關報導： 今年國慶主視覺曝光！「紅藍方塊」拼出雙十設
計　英文標語喊出「TAIWAN」 ｜ 更多文章 ）

這場爭論的關鍵，不完全是誰算錯，而是雙方回答的問題不同。王世堅著重的是「取消
17.5%關稅後，國庫少收多少關稅」；政府評估的則是「如果進口車取代國產車，整個產
業與其他稅收會受到多少連鎖影響」。前者較接近直接財政成本，後者則高度依賴市占率
、消費量及國產車產值變化等模型假設，政府若無法公開完整參數，601億元自然容易被
質疑成為阻擋改革的最大數字。



5.完整新聞連結 (或短網址)不可用YAHOO、LINE、MSN等轉載媒體:



心得

17.5% 進口車關稅到底在保護誰？官方拿 600 億稅損跟產業鏈當藉口
和泰車（2207）國瑞靠高關稅牆護體，賺飽車價還爽收融資利息，
年終繼續爽爽領

--","作者 CF661020 秋風之痕 看板 Gossiping
標題 新聞 進口車關稅為何不降600億稅損8萬人
時間 Wed Sep  2 085630 2026

1媒體來源風傳媒 20260901

2記者署名蕭宥宸

3完整新聞標題

進口車關稅為何不降600億稅損8萬人飯碗之外　台灣還卡著一張關鍵牌

4完整新聞內文

x灣進口小客車關稅維持175為何喊了多年仍降不下來立法院財政委員會7月29日
排審7項海關進口稅則修正草案內容包括將整車關稅降至025以及降至8至
10並搭配汽車零組件降稅等版本但當天僅完成詢答並未進入表決財政部與經濟部
均主張現階段尚不宜推動背後牽涉的不只是車價而是國庫稅收汽車產業鏈及對
外談判籌碼三大問題

房產YouTuber買房阿元在影片保護國產車70年為什麼還不能停中則把問題
拉回保護政策本身追問70年後我們換到什麼從1950年代扶植汽車工業到今天進
口車與國產車競爭日趨激烈爭議核心已不再只是要不要讓進口車變便宜而是台灣是否
仍有充分理由繼續以175的關稅維持現行產業結構

政府保護國產車70年換到什麼嚴格來說175的小客車關稅並不是維持了70年台灣2002年加入世界貿易組織WTO
後依關稅減讓承諾先將小客車關稅降至29再分10年逐步調降至175此後才維持
至今因此保護70年指的是台灣扶植汽車產業的整體政策脈絡而非同一稅率原封
不動存在70年

買房阿元在影片中回顧1953年裕隆汽車成立後政府曾透過高關稅限制進口及自製率
要求扶植本土汽車業台灣加入WTO後相關管制逐步鬆綁但175的關稅仍成為最後一
道主要保護牆這道牆如今同時承擔產業保護稅收及貿易談判功能也使任何降稅主張
都不再只是單純的消費政策

368億413億601億元　其實是三種不同稅損算法
T車關稅爭議中最容易混淆的就是稅損數字財政部書面報告顯示2025年台灣小客
車進口總值約2103億元實際關稅收入為368億元買房阿元影片提及的約336億元與財
政部最新書面報告有所差異若以此次立法院審查所引用的官方資料為準應採368億元


不過經濟部評估的413億元及523億至601億元並不只是把368億元直接放大若整車關
稅降至0經濟部以最初收入損失法估算單年稅收淨損約41301億元若進一步把
國產車產值下降及其連帶影響納入並計算關稅貨物稅營業稅營利事業所得稅及個
人綜合所得稅最終模型才會得出52304億至60057億元的稅收淨損簡單來說368億
元是既有實際關稅收入601億元則是特定情境下的整體稅收衝擊估算兩者不是同一概
念

王世堅批危言聳聽　稅損模型成攻防焦點
民進黨立委王世堅不接受政府算法質疑提案只調降關稅進口車仍須繳納貨物稅及營業
稅且車價下降後若帶動進口量增加相關稅收未必會同步減少他因此批評523億至601
億元的估算危言聳聽認為政府把國產車銷售下滑其他稅目減收等假設一併納入
放大了全面降稅的衝擊 相關報導 今年國慶主視覺曝光紅藍方塊拼出雙十設
計　英文標語喊出TAIWAN  更多文章 

這場爭論的關鍵不完全是誰算錯而是雙方回答的問題不同王世堅著重的是取消
175關稅後國庫少收多少關稅政府評估的則是如果進口車取代國產車整個產
業與其他稅收會受到多少連鎖影響前者較接近直接財政成本後者則高度依賴市占率
消費量及國產車產值變化等模型假設政府若無法公開完整參數601億元自然容易被
質疑成為阻擋改革的最大數字



5完整新聞連結 或短網址不可用YAHOOLINEMSN等轉載媒體



心得

175 進口車關稅到底在保護誰官方拿 600 億稅損跟產業鏈當藉口
和泰車2207國瑞靠高關稅牆護體賺飽車價還爽收融資利息
年終繼續爽爽領","['作者', 'CF661020', '秋風', '之痕', 'Gossiping', '標題', '新聞', '進口車', '關稅', '何不', '600', '億稅損', '萬人', '時間', 'Wed', 'Sep', '085630', '2026', '媒體', '來源', '風傳媒', '20260901', '記者', '署名', '蕭宥宸', '完整', '新聞', '標題', '進口車', '關稅', '何不', '600', '億稅損', '萬人飯', '之外', '台灣', '還卡著', '一張', '關鍵牌', '完整', '新聞', '內文', '灣進口', '小客', '車關', '稅維持', '175', '為何', '多年', '仍降', '不下', '立法院', '政委', '員會', '29', '排審', '項海關', '進口', '稅則', '修正', '草案', '內容', '包括', '將整', '車關', '稅降', '025', '以及', '降至', '10', '搭配', '汽車', '零組件', '降稅', '版本', '當天僅', '完成', '詢答', '並未', '進入', '表決', '財政部', '經濟部', '主張', '現階段', '不宜', '推動', '背後牽涉', '只是', '車價', '而是', '國庫', '稅收', '汽車', '產業', '鏈及', '外談判', '籌碼', '三大', '問題', '房產', 'YouTuber', '買房', '阿元', '影片', '保護', '國產車', '70', '什麼還', '不能', '停中則', '問題', '拉回', '保護', '政策', '本身', '追問', '70', '我們', '換到', '什麼', '1950', '年代', '扶植', '汽車', '工業', '今天', '口車', '國產車', '競爭', '激烈', '爭議', '核心', '不再', '只是', '不要', '進口', '車變', '便宜', '而是', '台灣', '是否', '充分', '理由', '繼續', '175', '關稅', '維持', '現行', '產業', '結構', '政府', '保護', '國產車', '70', '年換', '什麼', '嚴格來', '175', '客車', '關稅並', '不是', '維持', '70', '台灣', '2002', '加入', '世界', '貿易', '組織', 'WTO', '依關', '稅減', '承諾', '先將', '客車', '關稅', '降至', '29', '再分', '10', '逐步', '調降', '175', '此後才', '維持', '至今', '因此', '保護', '70', '台灣', '扶植', '汽車', '產業', '整體', '政策', '脈絡', '同一', '稅率', '原封', '不動', '存在', '70', '買房', '阿元', '影片', '回顧', '1953', '裕隆', '汽車', '成立', '政府', '透過', '關稅', '限制', '進口', '要求', '扶植', '本土', '汽車業', '台灣', '加入', 'WTO', '相關', '管制', '逐步', '175', '關稅', '成為', '最後一', '主要', '保護牆', '這道', '如今', '同時', '擔產業', '保護稅', '收及', '貿易', '談判', '功能', '任何', '降稅', '主張', '不再', '只是', '單純', '消費', '政策', '368', '413', '601', '億元', '其實', '三種', '不同', '稅損', '算法', '車關', '稅爭議', '容易', '混淆', '就是', '稅損', '數字', '財政部', '書面', '報告', '顯示', '2025', '台灣', '小客', '車進口', '總值', '2103', '億元', '實際', '關稅', '收入', '368', '億元', '買房', '阿元', '影片', '提及', '336', '億元', '與財', '政部', '最新', '書面', '報告', '有所', '差異', '此次', '立法院', '審查', '引用', '官方', '資料', '準應採', '368', '億元', '不過', '經濟部', '評估', '413', '億元及', '523', '億至', '601', '億元並', '只是', '368', '億元', '直接', '放大', '若整', '車關', '稅降', '經濟部', '最初', '收入', '失法', '估算', '單年稅', '收淨', '損約', '41301', '億元', '若進', '一步', '國產車', '產值', '下降', '及其', '連帶', '影響', '納入', '並計算', '關稅', '貨物稅', '營業', '稅營', '利事業', '所得', '稅及', '綜合', '所得', '稅最終', '模型', '得出', '52304', '億至', '60057', '億元', '稅收', '淨損', '簡單', '368', '既有', '實際', '關稅', '收入', '601', '億元則', '特定', '情境', '整體', '稅收', '衝擊', '估算', '兩者', '不是', '一概', '王世', '堅批', '危言', '稅損', '模型', '攻防', '焦點', '民進', '立委', '王世堅', '接受', '政府', '算法', '質疑', '提案', '調降', '關稅', '進口車', '仍須', '繳納', '貨物', '稅及', '營業', '稅且', '車價', '下降', '帶動', '進口量', '增加', '相關', '稅收', '未必', '同步', '減少', '因此', '批評', '523', '億至', '601', '億元', '估算', '危言', '認為', '政府', '國產車', '銷售', '下滑', '其他', '稅目', '減收', '假設', '納入', '放大', '全面', '降稅', '衝擊', '相關', '報導', '今年', '國慶主視覺', '曝光', '紅藍方塊', '拼出', '雙十設', '英文', '標語', 'TAIWAN', '文章', '這場', '爭論', '關鍵', '完全', '算錯', '而是', '雙方', '回答', '問題', '不同', '王世堅', '著重', '取消', '175', '關稅後國庫', '少收', '多少', '關稅', '政府', '評估', '的則', '如果', '進口車', '取代', '國產車', '整個產', '業與', '其他', '稅收會', '受到', '多少', '連鎖', '影響', '前者', '接近', '直接', '財政', '成本', '後者則', '高度', '依賴市', '占率', '消費量', '國產車', '產值', '變化', '模型', '假設', '政府', '若無法', '公開', '完整', '參數', '601', '億元', '自然', '容易', '質疑', '成為', '阻擋', '改革', '最大', '數字', '完整', '新聞', '連結', '網址', '不可', 'YAHOOLINEMSN', '轉載', '媒體', '心得', '175', '進口車', '關稅', '到底', '保護', '官方', '600', '億稅損', '產業', '鏈當', '藉口', '泰車', '2207', '國瑞靠', '關稅', '牆護體', '車價', '還爽', '收融資', '利息', '終繼續', '爽爽']",Positive,0.870926558971405
M.1788424847.A.8AC,[新聞] 「你不懂力旺就買台積電」董事陳莉菁超直,troy30408,2026-09-03 16:40:43,61,https://www.ptt.cc/bbs/Stock/M.1788424847.A.8AC.html,"「你不懂力旺就買台積電」董事陳莉菁超直白談股價 網友：率真到想買股票



2026/09/03 16:28:31

徐建峰


矽智財（IP）廠商力旺日前受邀參與櫃買中心舉辦業績發表會，其中，董事「陳姐」陳莉
菁先前在會中表示，公司後市只會越來越好，為何股價會跌自己也很「無言」，甚至脫口
，「你不知道怎麼買股票就去買台積電」，率真的發言意外受到網友關注，引發熱議。

陳莉菁指出，力旺屬於基礎元件 IP 開發商，隨台積電等晶圓代工廠由成熟製程一路推進
至先進製程（如3奈米），單顆晶片收取的權利金將大幅增加，收費週期可長達20年。

此外，業績是反映過去，陳莉菁強調，公司營收與獲利均創歷史新高，權利金收入將持續
堆疊攀升。

不過，力旺股價卻未隨著公司業績一起創高，對此，陳莉菁忍不住替公司抱屈表示，股票
會跌的原因，是因為「被剔除MSCI」，她說業績剛上來時公司被剔除，因此，股票遭一大
堆被動基金賣出。她說，「這是股價跌真正的原因，這個跟我基本面沒關」。

陳莉菁表示，自己也不知道股價在幹嘛，所以不要問她股價，也不要打電話去罵她們。陳
莉菁無奈說道，她們公司小姐每天都接到被散戶罵的電話，她說，「罵她有用嗎？」

她說，千萬不要打電話去罵公司，會對投資人自己不好，因為員工原本要上班，就會變成
在接散戶的抱怨電話，沒辦法做事，同時也造成公司員工很大的心理壓力。

陳莉菁強調，公司非常非常努力，「你就相信我們，我們是一個研發中心，我們已經做到
了，只是錢還沒收到而已」。

陳莉菁開玩笑表示，若投資人不知道怎麼買股票，就去買台積電，投資人不懂力旺，就買
台積電，如果台積電不好大家都不會好。

而陳莉菁率真的發言，也在網路上引發熱議，甚至，本人還會親自回覆網友留言，有人說
，「她很嗆啊！」她回，「抱歉！我住三重，環境所然，隔壁以前住黑道大哥」。

沒有架子的董事意外圈粉網友，網友說，「看完有點想買力旺股票這麼嗆我喜歡」、
「菁姐講話猛得一批」、「我感覺到他有收斂」、「原本不看力旺的，都想買了」。


力旺日前受邀參與櫃買中心舉辦業績發表會
董事陳莉菁在會中表示公司後市只會越來越好
股價會跌也替公司抱屈
也希望散戶不要打電話去公司罵他們
甚至在會中脫口而出你不知道怎麼買股票就去買台積電
直率的表現反而意外圈粉
各位投資人吃這套嗎?


--","你不懂力旺就買台積電董事陳莉菁超直白談股價 網友率真到想買股票



20260903 162831

徐建峰


矽智財IP廠商力旺日前受邀參與櫃買中心舉辦業績發表會其中董事陳姐陳莉
菁先前在會中表示公司後市只會越來越好為何股價會跌自己也很無言甚至脫口
你不知道怎麼買股票就去買台積電率真的發言意外受到網友關注引發熱議

陳莉菁指出力旺屬於基礎元件 IP 開發商隨台積電等晶圓代工廠由成熟製程一路推進
至先進製程如3奈米單顆晶片收取的權利金將大幅增加收費週期可長達20年

此外業績是反映過去陳莉菁強調公司營收與獲利均創歷史新高權利金收入將持續
堆疊攀升

不過力旺股價卻未隨著公司業績一起創高對此陳莉菁忍不住替公司抱屈表示股票
會跌的原因是因為被剔除MSCI她說業績剛上來時公司被剔除因此股票遭一大
堆被動基金賣出她說這是股價跌真正的原因這個跟我基本面沒關

陳莉菁表示自己也不知道股價在幹嘛所以不要問她股價也不要打電話去罵她們陳
莉菁無奈說道她們公司小姐每天都接到被散戶罵的電話她說罵她有用嗎

她說千萬不要打電話去罵公司會對投資人自己不好因為員工原本要上班就會變成
在接散戶的抱怨電話沒辦法做事同時也造成公司員工很大的心理壓力

陳莉菁強調公司非常非常努力你就相信我們我們是一個研發中心我們已經做到
了只是錢還沒收到而已

陳莉菁開玩笑表示若投資人不知道怎麼買股票就去買台積電投資人不懂力旺就買
台積電如果台積電不好大家都不會好

而陳莉菁率真的發言也在網路上引發熱議甚至本人還會親自回覆網友留言有人說
她很嗆啊她回抱歉我住三重環境所然隔壁以前住黑道大哥

沒有架子的董事意外圈粉網友網友說看完有點想買力旺股票這麼嗆我喜歡
菁姐講話猛得一批我感覺到他有收斂原本不看力旺的都想買了


力旺日前受邀參與櫃買中心舉辦業績發表會
董事陳莉菁在會中表示公司後市只會越來越好
股價會跌也替公司抱屈
也希望散戶不要打電話去公司罵他們
甚至在會中脫口而出你不知道怎麼買股票就去買台積電
直率的表現反而意外圈粉
各位投資人吃這套嗎","['懂力', '台積電', '董事', '陳莉菁', '直白', '股價', '網友', '率真', '股票', '20260903', '162831', '徐建峰', '矽智財', 'IP', '廠商力', '日前', '受邀', '參與櫃', '中心', '舉辦業績', '發表會', '其中', '董事', '姐陳莉', '先前', '表示', '公司', '只會', '越來', '何股', '價會', '自己', '無言', '甚至', '脫口', '知道', '怎麼', '股票', '台積電', '真的', '發言', '意外', '受到', '網友', '關注', '引發', '熱議', '陳莉菁', '指出', '力旺屬', '基礎', '元件', 'IP', '開發商', '台積電', '晶圓', '代工', '成熟', '一路', '推進', '至先', '奈米', '單顆', '晶片', '收取', '的權', '利金', '大幅', '增加', '收費', '週期', '可長', '20', '此外', '業績', '反映', '過去陳莉菁', '強調', '公司', '營收', '獲利均', '創歷史', '新高', '利金', '收入', '將持續', '堆疊', '攀升', '不過', '力旺', '股價', '隨著', '公司', '業績', '一起', '創高', '此陳莉菁', '忍不住', '公司', '抱屈', '表示', '股票', '原因', '因為', '剔除', 'MSCI', '說業績', '剛上', '公司', '剔除', '因此', '股票', '一大', '被動', '基金', '賣出', '這是', '股價', '真正', '原因', '這個', '基本面', '沒關', '陳莉菁', '表示', '自己', '知道', '股價', '所以', '不要', '股價', '不要', '打電話', '莉菁', '無奈', '公司', '小姐', '每天', '接到', '散戶', '電話', '有用', '千萬', '不要', '打電話', '公司', '投資人', '自己', '不好', '因為員工', '原本', '上班', '就會', '變成', '接散戶', '抱怨', '電話', '辦法', '做事', '同時', '造成', '公司', '員工', '很大', '心理', '壓力', '陳莉菁', '強調', '公司', '非常', '非常', '努力', '相信', '我們', '我們', '一個', '研發', '中心', '我們', '已經', '做到', '只是', '錢還', '收到', '而已', '陳莉菁開', '玩笑', '表示', '投資人', '知道', '怎麼', '股票', '台積電', '投資人', '懂力', '台積電', '如果', '台積電', '不好', '大家', '不會', '而陳莉菁率', '真的', '發言', '在網', '路上', '引發', '熱議', '甚至', '本人', '還會', '親自', '回覆', '網友', '留言', '有人', '抱歉', '我住', '三重', '環境', '所然', '隔壁', '以前', '黑道', '大哥', '沒有', '架子', '董事', '意外', '圈粉', '網友', '網友', '完有點', '買力', '股票', '這麼', '喜歡', '菁姐', '講話', '猛得', '一批', '感覺', '收斂', '原本', '看力', '力旺', '日前', '受邀', '參與櫃', '中心', '舉辦業績', '發表會', '董事', '陳莉菁', '表示', '公司', '只會', '越來', '股價會', '公司', '抱屈', '希望', '散戶', '不要', '打電話', '公司', '他們', '甚至', '脫口', '知道', '怎麼', '股票', '台積電', '直率', '表現', '反而', '意外', '圈粉', '各位', '投資人', '這套']",Negative,0.6160911321640015
M.1788423334.A.0EC,[情報] 2451 創見115年8月營收,BlueBird5566,2026-09-03 16:15:31,38,https://www.ptt.cc/bbs/Stock/M.1788423334.A.0EC.html,"標題：2451 創見115年8月營收

來源：公開資訊觀測站
(公司名、網站名)

網址：
(請善用縮網址工具)

內文：


本資料由　(上市公司)創見　公司提供
民國115年08月   單位：新台幣仟元

項目    營業收入淨額
本月      4,837,166
去年同期          1,288,310
增減金額          3,548,856
增減百分比       
備註 / 營收變化原因說明 



7月 5,195,090
8月 
--","標題2451 創見115年8月營收

來源公開資訊觀測站
公司名網站名

網址
請善用縮網址工具

內文


本資料由　上市公司創見　公司提供
民國115年08月   單位新台幣仟元

項目    營業收入淨額
本月      4837166
去年同期          1288310
增減金額          3548856
增減百分比       
備註  營收變化原因說明 



7月 5195090
8月","['標題', '2451', '創見', '115', '營收', '來源', '公開', '資訊', '觀測', '公司', '名網', '站名', '網址', '善用', '縮網址', '工具', '內文', '本資料', '上市公司', '創見', '公司', '提供', '民國', '115', '08', '單位', '台幣', '項目', '營業', '收入', '淨額', '本月', '4837166', '去年同期', '1288310', '增減', '金額', '3548856', '增減', '百分比', '營收', '變化', '原因', '說明', '5195090']",Positive,0.8836172223091125
M.1788423140.A.5C8,[情報] 0903 上市外資買賣超排行,saber50116,2026-09-03 16:12:18,75,https://www.ptt.cc/bbs/Stock/M.1788423140.A.5C8.html,"1. 標題：外資買賣超排行

2. 來源：台灣證交所

3. 網址：

4. 內文：

買超

1       2409    友達    55,437




6       3481    群創    19,021




11      2610    華航    10,292

13      2618    長榮航  9,151
14      2002    中鋼    9,049

16      3045    台灣大  8,687

18      1301    台塑    7,770
19      00990A  主動元大AI新經濟        7,758



23      1326    台化    5,283

25      2412    中華電  5,233
26      00685L  群益臺灣加權正2 5,054
27      2354    鴻準    4,999

29      9105    泰金寶-DR       4,329
30      2891    中信金  4,234

32      2382    廣達    3,774

34      3711    日月光投控      3,487
35      2820    華票    3,431,

37      2542    興富發  3,082
38      1605    華新    2,888,

40      2455    全新    2,690



44      2027    大成鋼  2,193
45      8150    南茂    2,165,
46      2308    台達電  2,108
47      009816  凱基台灣TOP50   2,096
48      6213    聯茂    2,052

50      4904    遠傳    1,976

賣超

1       00981A  統一台股增長  -38,014


4       2834    臺企銀  -23,184

6       00918   大華優利高填息30        -16,734
7       2337    旺宏    -15,138,
8       00919   群益台灣精選高息        -14,242
9       00407A  凱基台灣      -11,544
10      00929   復華台灣科技優息        -10,704
11      4958    臻鼎-KY -10,271
12      00991A  復華未來50    -10,072
13      6116    彩晶    -8,431
14      2449    京元電子        -7,545,
15      6505    台塑化  -7,245,
16      2301    光寶科  -7,190
17      0050    元大台灣50      -7,138,
18      1303    南亞    -6,894
19      00406A  中信台灣收益  -6,859
20      2324    仁寶    -6,202
21      009820  元大納斯達克精選        -6,036
22      1101    台泥    -5,934
23      00403A  統一升級50    -5,458

25      2486    一詮    -5,344,
26      00400A  主動國泰動能高息        -5,138
27      2887I   台新新光辛特    -5,020
28      1802    台玻    -4,926

30      4526    東台    -4,778

32      2353    宏碁    -4,636
33      8021    尖點    -4,627
34      4938    和碩    -4,311,
35      8112    至上    -4,281,
36      00405A  富邦台灣龍耀  -4,221
37      6919    康霈*   -4,082
38      6451    訊芯-KY -4,001
39      3036    文曄    -3,943,
40      3019    亞光    -3,912
41      1409    新纖    -3,685
42      4763    材料*-KY        -3,651
43      9904    寶成    -3,607
44      0056    元大高股息      -3,556
45      00992A  群益科技創新  -3,472
46      00680L  元大美債20正2   -3,472
47      4976    佳凌    -3,287
48      1402    遠東新  -3,254
49      6257    矽格    -3,100,
50      3706    神達    -3,061,


開船開船！！

--","1 標題外資買賣超排行

2 來源台灣證交所

3 網址

4 內文

買超

1       2409    友達    55437




6       3481    群創    19021




11      2610    華航    10292

13      2618    長榮航  9151
14      2002    中鋼    9049

16      3045    台灣大  8687

18      1301    台塑    7770
19      00990A  主動元大AI新經濟        7758



23      1326    台化    5283

25      2412    中華電  5233
26      00685L  群益臺灣加權正2 5054
27      2354    鴻準    4999

29      9105    泰金寶DR       4329
30      2891    中信金  4234

32      2382    廣達    3774

34      3711    日月光投控      3487
35      2820    華票    3431

37      2542    興富發  3082
38      1605    華新    2888

40      2455    全新    2690



44      2027    大成鋼  2193
45      8150    南茂    2165
46      2308    台達電  2108
47      009816  凱基台灣TOP50   2096
48      6213    聯茂    2052

50      4904    遠傳    1976

賣超

1       00981A  統一台股增長  38014


4       2834    臺企銀  23184

6       00918   大華優利高填息30        16734
7       2337    旺宏    15138
8       00919   群益台灣精選高息        14242
9       00407A  凱基台灣      11544
10      00929   復華台灣科技優息        10704
11      4958    臻鼎KY 10271
12      00991A  復華未來50    10072
13      6116    彩晶    8431
14      2449    京元電子        7545
15      6505    台塑化  7245
16      2301    光寶科  7190
17      0050    元大台灣50      7138
18      1303    南亞    6894
19      00406A  中信台灣收益  6859
20      2324    仁寶    6202
21      009820  元大納斯達克精選        6036
22      1101    台泥    5934
23      00403A  統一升級50    5458

25      2486    一詮    5344
26      00400A  主動國泰動能高息        5138
27      2887I   台新新光辛特    5020
28      1802    台玻    4926

30      4526    東台    4778

32      2353    宏碁    4636
33      8021    尖點    4627
34      4938    和碩    4311
35      8112    至上    4281
36      00405A  富邦台灣龍耀  4221
37      6919    康霈   4082
38      6451    訊芯KY 4001
39      3036    文曄    3943
40      3019    亞光    3912
41      1409    新纖    3685
42      4763    材料KY        3651
43      9904    寶成    3607
44      0056    元大高股息      3556
45      00992A  群益科技創新  3472
46      00680L  元大美債20正2   3472
47      4976    佳凌    3287
48      1402    遠東新  3254
49      6257    矽格    3100
50      3706    神達    3061


開船開船","['標題', '外資', '排行', '來源', '台灣', '證交所', '網址', '內文', '買超', '2409', '友達', '55437', '3481', '群創', '19021', '11', '2610', '華航', '10292', '13', '2618', '榮航', '9151', '14', '2002', '中鋼', '9049', '16', '3045', '台灣', '8687', '18', '1301', '台塑', '7770', '19', '00990A', '主動元', 'AI', '新經濟', '7758', '23', '1326', '台化', '5283', '25', '2412', '中華電', '5233', '26', '00685L', '群益', '灣加權', '5054', '27', '2354', '鴻準', '4999', '29', '9105', '泰金', 'DR', '4329', '30', '2891', '中信', '4234', '32', '2382', '廣達', '3774', '34', '3711', '月光', '投控', '3487', '35', '2820', '華票', '3431', '37', '2542', '興富發', '3082', '38', '1605', '華新', '2888', '40', '2455', '全新', '2690', '44', '2027', '大成', '2193', '45', '8150', '南茂', '2165', '46', '2308', '台達電', '2108', '47', '009816', '凱基', '台灣', 'TOP50', '2096', '48', '6213', '聯茂', '2052', '50', '4904', '遠傳', '1976', '賣超', '00981A', '一台', '增長', '38014', '2834', '企銀', '23184', '00918', '大華', '優利高', '填息', '30', '16734', '2337', '旺宏', '15138', '00919', '群益', '台灣', '精選', '高息', '14242', '00407A', '凱基', '台灣', '11544', '10', '00929', '華台灣', '科技', '優息', '10704', '11', '4958', 'KY', '10271', '12', '00991A', '華未來', '50', '10072', '13', '6116', '彩晶', '8431', '14', '2449', '京元', '電子', '7545', '15', '6505', '塑化', '7245', '16', '2301', '光寶科', '7190', '17', '0050', '元大台灣', '50', '7138', '18', '1303', '南亞', '6894', '19', '00406A', '中信', '台灣', '收益', '6859', '20', '2324', '仁寶', '6202', '21', '009820', '元大納斯達克', '精選', '6036', '22', '1101', '台泥', '5934', '23', '00403A', '統一升級', '50', '5458', '25', '2486', '一詮', '5344', '26', '00400A', '主動', '國泰動', '高息', '5138', '27', '2887I', '台新', '新光', '辛特', '5020', '28', '1802', '4926', '30', '4526', '東台', '4778', '32', '2353', '宏碁', '4636', '33', '8021', '尖點', '4627', '34', '4938', '4311', '35', '8112', '至上', '4281', '36', '00405A', '富邦', '台灣龍耀', '4221', '37', '6919', '康霈', '4082', '38', '6451', 'KY', '4001', '39', '3036', '文曄', '3943', '40', '3019', '亞光', '3912', '41', '1409', '新纖', '3685', '42', '4763', '材料', 'KY', '3651', '43', '9904', '寶成', '3607', '44', '0056', '元大高', '股息', '3556', '45', '00992A', '群益', '科技', '創新', '3472', '46', '00680L', '元大美債', '20', '3472', '47', '4976', '佳凌', '3287', '48', '1402', '遠東', '3254', '49', '6257', '矽格', '3100', '50', '3706', '神達', '3061', '開船', '開船']",Positive,0.8547523617744446
M.1788421824.A.969,[新聞] 98歲天天賺30萬！三原則 謝金河曝北海鱈,relax911,2026-09-03 15:50:22,61,https://www.ptt.cc/bbs/Stock/M.1788421824.A.969.html,"原新聞標題:98歲天天賺30萬！三原則 謝金河曝北海鱈魚香絲林董股票投資術

原文連結：

發布時間：2026年9月2日週三 上午7:34

記者署名：張柏源

原文內容：

[Newtalk新聞] 財信傳媒董事長謝金河1日晚間透過臉書分享「我的百歲老朋友請我吃三

井！」他發文寫道，北海鱈魚香絲的老闆林逢寅約他吃三井，這是林逢寅的日常。林逢寅

1928年生，今年滿98，但農曆要跳過9，因此今年算是晉升百歲級人瑞，和長春石化董事

長林書鴻同年的林逢寅剛剛渡過百歲生日，看起來身體更好。林逢寅沒有拿枴杖，耳聰目

明，身體各項機能都很好，堪稱是人中之龍。林逢寅說投資賺錢一定要請朋友吃飯，當天

在股市賺了25萬，一定要請他吃飯。因此他當晚就坐在林逢寅的身旁，聽林逢寅說人生聊

股票。

謝金河指出，林逢寅一個星期至少有兩天到三天是在三井用餐，他說他是三井個人消費第

一名的主顧，也因為常在三井吃飯，三井的老闆黃奕瑞成為他的乾兒子。他說吃飯一定要

坐吧台，三井吧台上的三個日本師傅專門接待他，百歲人瑞食量不輸年輕人。他說賺錢的

目的就是要花錢，他請客吃飯最開心。他說吃最新鮮的食材是養生的第一步，然後是唱歌

，他每天下午都約好友唱歌，從星期四到禮拜天下午都是他的歌唱時間，唱完歌就來三井

吃飯。除了唱歌，投資股票是他最大的樂趣，他拿出手機秀出的投資組合，這裡面都是他

的筆記，每一檔股票多少錢買入？什麼價值賣出幾張，他都留下完整紀錄。

謝金河續出：林逢寅說他每天都有進出股票，而且每天保持賺30萬元的紀錄，他說當天只

賺25萬是比較差的。他每天都花很多時間做功課，吸收投資資訊，他買股票三個原則，一

是老闆要正派，經營者要正直，他說他不買國巨，鴻海。二是這家公司產品有競爭力，可

以永續經營。三是近十年有穩定配息的公司。謝金河回憶：「老人家談到投資神采飛揚，

我看他給我看的投資組合筆記，佩服得五體投地。他二百多元就買宜鼎，到現在還有廿幾

張，他問我說宜鼎Eps166元，最近股價為什麼不會漲？百歲老人對數字依然敏感。」

謝金河提到，林逢寅從鮑魚，生蠔，海膽，龍蝦，鮪魚嘴邊肉，到鰻魚天婦羅，他吃下每

一道菜，吃完還來紅豆，抹茶冰淇淋，這個食量和年輕人沒有兩樣！他說養生之道一定要

保持心情愉快，內心喜悅，他一輩子從來沒有生過氣，每天開心過生活，知足常樂。問他

每天睡幾個小時？他說至少8小時，他說他十點半躺在床上睡覺，睡到七點多，一個晚上

上廁所三次，上完廁所躺下立刻又睡著，好的睡眠品質也是養生重要課題。謝金河在文末

寫下：「我和林先生很有緣，他每次看到我都特別開心，他說我默默為台灣做很多事，很

不容易！」

心得/評論：

百歲老董將投資當養生，恪守正派、競爭力與穩配息三原則，展現知足常樂的樂活人生。

--","原新聞標題98歲天天賺30萬三原則 謝金河曝北海鱈魚香絲林董股票投資術

原文連結

發布時間2026年9月2日週三 上午734

記者署名張柏源

原文內容

Newtalk新聞 財信傳媒董事長謝金河1日晚間透過臉書分享我的百歲老朋友請我吃三

井他發文寫道北海鱈魚香絲的老闆林逢寅約他吃三井這是林逢寅的日常林逢寅

1928年生今年滿98但農曆要跳過9因此今年算是晉升百歲級人瑞和長春石化董事

長林書鴻同年的林逢寅剛剛渡過百歲生日看起來身體更好林逢寅沒有拿枴杖耳聰目

明身體各項機能都很好堪稱是人中之龍林逢寅說投資賺錢一定要請朋友吃飯當天

在股市賺了25萬一定要請他吃飯因此他當晚就坐在林逢寅的身旁聽林逢寅說人生聊

股票

謝金河指出林逢寅一個星期至少有兩天到三天是在三井用餐他說他是三井個人消費第

一名的主顧也因為常在三井吃飯三井的老闆黃奕瑞成為他的乾兒子他說吃飯一定要

坐吧台三井吧台上的三個日本師傅專門接待他百歲人瑞食量不輸年輕人他說賺錢的

目的就是要花錢他請客吃飯最開心他說吃最新鮮的食材是養生的第一步然後是唱歌

他每天下午都約好友唱歌從星期四到禮拜天下午都是他的歌唱時間唱完歌就來三井

吃飯除了唱歌投資股票是他最大的樂趣他拿出手機秀出的投資組合這裡面都是他

的筆記每一檔股票多少錢買入什麼價值賣出幾張他都留下完整紀錄

謝金河續出林逢寅說他每天都有進出股票而且每天保持賺30萬元的紀錄他說當天只

賺25萬是比較差的他每天都花很多時間做功課吸收投資資訊他買股票三個原則一

是老闆要正派經營者要正直他說他不買國巨鴻海二是這家公司產品有競爭力可

以永續經營三是近十年有穩定配息的公司謝金河回憶老人家談到投資神采飛揚

我看他給我看的投資組合筆記佩服得五體投地他二百多元就買宜鼎到現在還有廿幾

張他問我說宜鼎Eps166元最近股價為什麼不會漲百歲老人對數字依然敏感

謝金河提到林逢寅從鮑魚生蠔海膽龍蝦鮪魚嘴邊肉到鰻魚天婦羅他吃下每

一道菜吃完還來紅豆抹茶冰淇淋這個食量和年輕人沒有兩樣他說養生之道一定要

保持心情愉快內心喜悅他一輩子從來沒有生過氣每天開心過生活知足常樂問他

每天睡幾個小時他說至少8小時他說他十點半躺在床上睡覺睡到七點多一個晚上

上廁所三次上完廁所躺下立刻又睡著好的睡眠品質也是養生重要課題謝金河在文末

寫下我和林先生很有緣他每次看到我都特別開心他說我默默為台灣做很多事很

不容易

心得評論

百歲老董將投資當養生恪守正派競爭力與穩配息三原則展現知足常樂的樂活人生","['原新聞', '標題', '98', '天天', '30', '三原', '金河', '北海', '鱈魚', '香絲林', '股票', '投資術', '原文', '連結', '發布', '時間', '2026', '日週', '上午', '734', '記者', '署名', '張柏源', '原文', '內容', 'Newtalk', '新聞', '財信', '傳媒', '董事', '金河', '晚間', '透過', '臉書', '分享', '百歲', '老朋友', '發文寫', '北海', '鱈魚', '香絲', '林逢寅', '三井', '這是', '林逢寅', '日常', '林逢寅', '1928', '年生', '今年', '98', '但農', '跳過', '因此', '今年', '算是', '晉升百歲', '人瑞', '石化', '董事', '林書鴻', '同年', '林逢寅剛', '剛渡', '過百歲', '生日', '看起', '身體', '更好', '林逢寅', '枴杖', '耳聰目', '明身體', '各項', '機能', '堪稱', '中之龍', '林逢寅', '投資', '一定', '朋友', '吃飯', '當天', '股市', '25', '一定', '因此', '當晚', '坐在', '林逢寅', '身旁', '聽林逢寅', '人生', '股票', '金河', '指出', '林逢寅', '一個', '星期', '至少', '兩天', '三天', '三井', '用餐', '三井', '消費', '一名', '主顧', '因為', '三井', '三井', '瑞成', '乾兒子', '一定', '吧台', '三井', '台上', '三個', '日本', '師傅', '專門', '接待', '他百歲', '人瑞', '食量', '不輸', '輕人', '目的', '就是', '要花', '開心', '最新', '食材', '養生', '第一步', '然後是', '唱歌', '每天', '下午', '好友', '唱歌', '星期四', '禮拜天', '下午', '歌唱', '時間', '完歌', '三井', '除了', '唱歌', '投資', '股票', '最大', '樂趣', '拿出手', '機秀出', '投資', '組合', '這裡面', '筆記', '一檔', '股票', '多少', '錢買入', '什麼', '價值', '賣出', '幾張', '留下', '完整', '紀錄', '金河', '續出', '林逢寅', '每天', '進出', '股票', '而且', '每天', '保持', '30', '萬元', '紀錄', '當天', '25', '萬是', '每天', '很多', '時間', '做功', '吸收', '投資', '資訊', '股票', '三個', '原則', '正派', '經營者', '正直', '不買國', '巨鴻海二是', '這家', '公司', '產品', '競爭力', '以永續', '經營', '近十年', '穩定', '配息', '公司', '金河', '回憶', '老人家', '談到', '投資', '神采', '飛揚', '他給', '投資', '組合', '筆記', '佩服', '得五體', '投地', '二百多元', '宜鼎到', '現在', '還有', '廿幾', '他問', '宜鼎', 'Eps166', '最近', '股價為', '什麼', '不會', '漲百歲', '老人', '對數', '依然', '敏感', '金河', '提到', '林逢寅', '鮑魚生', '蠔海', '膽龍', '魚嘴邊', '鰻魚', '天婦', '一道', '還來', '紅豆', '冰淇淋', '這個', '食量', '輕人', '沒有', '兩樣', '養生', '之道', '一定', '保持', '心情愉快', '內心', '喜悅', '一輩子', '有生', '過氣', '每天', '開心過', '生活', '知足', '常樂問', '每天', '幾個', '小時', '至少', '小時', '十點', '床上', '睡覺', '七點', '一個', '晚上', '廁所', '三次', '完廁', '立刻', '睡眠', '品質', '養生', '重要', '課題', '金河', '文末', '寫下', '林先生', '每次', '看到', '特別', '開心', '默默', '台灣', '很多', '容易', '心得', '評論', '百歲', '董將', '投資', '當養生', '恪守', '正派', '競爭力', '配息', '三原', '則展現', '知足', '常樂', '樂活', '人生']",Positive,0.9992503523826599
M.1788420752.A.C25,[情報] 8046 南電 8月營收 MOM-1.61% YOY40.59%,daisukeniwa,2026-09-03 15:32:30,92,https://www.ptt.cc/bbs/Stock/M.1788420752.A.C25.html,"1. 標題：8046 南電 8月營收 MOM-1.61% YOY40.59%

2. 來源：公開資訊觀測站

3. 網址：

4. 內文：

項目    營業收入淨額
本月    5,352,700
去年同期        3,807,312
增減金額        1,545,388
增減百分比      40.59
本年累計        35,545,167
去年累計        25,468,942
增減金額        10,076,225
增減百分比      39.56
備註 / 營收變化原因說明

MOM: -1.61%
YOY:40.59%


原來是偷看答案嗎
明天電梯向？

--","1 標題8046 南電 8月營收 MOM161 YOY4059

2 來源公開資訊觀測站

3 網址

4 內文

項目    營業收入淨額
本月    5352700
去年同期        3807312
增減金額        1545388
增減百分比      4059
本年累計        35545167
去年累計        25468942
增減金額        10076225
增減百分比      3956
備註  營收變化原因說明

MOM 161
YOY4059


原來是偷看答案嗎
明天電梯向","['標題', '8046', '南電', '營收', 'MOM161', 'YOY4059', '來源', '公開', '資訊', '觀測', '網址', '內文', '項目', '營業', '收入', '淨額', '本月', '5352700', '去年同期', '3807312', '增減', '金額', '1545388', '增減', '百分比', '4059', '本年', '累計', '35545167', '去年', '累計', '25468942', '增減', '金額', '10076225', '增減', '百分比', '3956', '營收', '變化', '原因', '說明', 'MOM', '161', 'YOY4059', '原來', '偷看', '答案', '明天', '電梯']",Positive,0.9590612649917603
M.1788419488.A.AE6,[新聞] 當日本資本踏上「回家路」：「破3」的日,DAY1986,2026-09-03 15:11:25,21,https://www.ptt.cc/bbs/Stock/M.1788419488.A.AE6.html,"當日本資本踏上「回家路」：「破3」的日債正顛覆全球資金流向？




9月3日訊

財聯社（編輯 瀟湘）



隨着日本基準十年期國債收益率突破長達三十年的3%屏障，更高的回報率正開始吸引在海
外的日本資金回流，而這可能扭轉曾一度穩定的日資流入全球市場的趨勢……

3%這一收益率門檻，不僅對日本的融資成本意義重大，而且對全球投資流向也至關重要。
過往，正是這一投資流向使日本成爲美國國債的最大持有國以及全球最可靠的主權債券買
家之一。



一份報告中表示。

行情間的對比結果無疑是最爲直觀的——週二，10年期日本國債收益率自1996年以來首次
觸及3%，過去兩年間該收益率已上漲了逾三倍。同期，10年期美國國債收益率雖然也上漲
了約100個點子，但兩者之間的利差依然收窄了逾100個點子。

「正如你所見，隨着日本國債收益率上升……突然之間，美債和國際債券的邊際買家正在
減少，」St. James's Place首席投資官Justin Onuekwusi表示，「因爲歸根結底，日本
債券與國際債券之間的相對利差縮小了，這一點實際上非常重要。」

誠然，日本大型機構耗費數十年積累起來的龐大海外頭寸，絕不可能在旦夕之間徹底轉向
。然而，在如今全球主要經濟體普遍舉債過度、匯率波動風險加劇的大背景下，相比於出
海「淘金」，日本本土市場已然展現出近年來罕見的吸引力。

「市場的核心脈絡並非資金的急劇大舉回流，而是日本正悄然褪去海外債券『主力邊際買
家』的角色，」State Street Investment Management駐東京高級固定收益策略師Masahi
ko Loo總結道，「作爲全球體量極其龐大的儲蓄池之一，日本增量購買力的消退，正在從
底層推動全球債券市場期限溢價的走高。」





日圓這幾天又莫莫的來到156

長債3%收益 讓在外的日圓想家了

記得日央說過在外的股票投資37兆日圓

現主時日圓又大升中




還好我八月中去玩過了


--

我覺得是回調 這段賺的抽回一部份轉入債
崩盤是老美也抽 老美看來50%50%

這樣似乎是日本重啟的動力？？","當日本資本踏上回家路破3的日債正顛覆全球資金流向




9月3日訊

財聯社編輯 瀟湘



隨着日本基準十年期國債收益率突破長達三十年的3屏障更高的回報率正開始吸引在海
外的日本資金回流而這可能扭轉曾一度穩定的日資流入全球市場的趨勢

3這一收益率門檻不僅對日本的融資成本意義重大而且對全球投資流向也至關重要
過往正是這一投資流向使日本成爲美國國債的最大持有國以及全球最可靠的主權債券買
家之一



一份報告中表示

行情間的對比結果無疑是最爲直觀的週二10年期日本國債收益率自1996年以來首次
觸及3過去兩年間該收益率已上漲了逾三倍同期10年期美國國債收益率雖然也上漲
了約100個點子但兩者之間的利差依然收窄了逾100個點子

正如你所見隨着日本國債收益率上升突然之間美債和國際債券的邊際買家正在
減少St Jamess Place首席投資官Justin Onuekwusi表示因爲歸根結底日本
債券與國際債券之間的相對利差縮小了這一點實際上非常重要

誠然日本大型機構耗費數十年積累起來的龐大海外頭寸絕不可能在旦夕之間徹底轉向
然而在如今全球主要經濟體普遍舉債過度匯率波動風險加劇的大背景下相比於出
海淘金日本本土市場已然展現出近年來罕見的吸引力

市場的核心脈絡並非資金的急劇大舉回流而是日本正悄然褪去海外債券主力邊際買
家的角色State Street Investment Management駐東京高級固定收益策略師Masahi
ko Loo總結道作爲全球體量極其龐大的儲蓄池之一日本增量購買力的消退正在從
底層推動全球債券市場期限溢價的走高





日圓這幾天又莫莫的來到156

長債3收益 讓在外的日圓想家了

記得日央說過在外的股票投資37兆日圓

現主時日圓又大升中




還好我八月中去玩過了","['日本', '資本', '踏上', '回家', '路破', '債正', '顛覆', '全球', '資金', '流向', '日訊', '財聯社', '編輯', '瀟湘', '隨着', '日本', '基準', '十年', '期國債', '收益率', '突破', '三十年', '屏障', '報率', '開始', '吸引', '日本', '資金', '回流', '可能', '扭轉', '曾一度', '穩定', '日資', '流入', '全球', '市場', '趨勢', '這一', '收益率', '門檻', '不僅', '日本', '融資', '成本', '意義', '重大', '而且', '全球', '投資', '流向', '至關', '重要', '過往', '正是', '這一', '投資', '流向', '日本', '美國國債', '最大', '持有', '以及', '全球', '可靠', '主權', '債券', '之一', '一份', '報告', '表示', '行情', '結果', '無疑', '直觀', '週二', '10', '年期', '日本', '國債', '收益率', '1996', '以來', '首次', '觸及', '過去', '兩年間', '收益率', '已上', '三倍', '同期', '10', '年期', '美國國債', '收益率', '雖然', '100', '個點子', '兩者', '之間', '利差', '依然', '收窄', '100', '個點子', '正如', '所見', '隨着', '日本', '國債', '收益率', '上升', '突然', '之間', '美債', '國際', '債券', '邊際', '買家', '正在', '減少', 'St', 'Jamess', 'Place', '首席', '投資官', 'Justin', 'Onuekwusi', '表示', '歸根', '結底', '日本', '債券', '國際', '債券', '之間', '利差', '縮小', '這一點', '實際', '非常', '重要', '誠然', '日本', '大型', '機構', '耗費數', '十年', '積累', '起來', '龐大', '海外', '頭寸絕', '可能', '旦夕', '之間', '徹底', '轉向', '然而', '如今', '全球', '主要', '經濟體', '普遍', '舉債', '過度', '匯率', '波動', '風險', '加劇', '背景', '相比', '淘金', '日本', '本土', '市場', '已然', '展現', '近年', '來罕見', '吸引力', '市場', '核心', '脈絡', '並非', '資金', '劇大舉', '回流', '而是', '日本', '悄然', '褪去', '海外', '債券', '主力', '邊際', '角色', 'State', 'Street', 'Investment', 'Management', '駐東京', '高級', '固定', '收益', '策略', 'Masahi', 'ko', 'Loo', '總結道', '全球', '體量', '極其', '龐大', '儲蓄池', '之一', '日本', '增量', '購買力', '消退', '正在', '底層', '推動', '全球', '債券', '市場', '期限', '溢價', '走高', '日圓', '這幾天', '156', '收益', '在外', '圓想家', '記得', '日央', '說過', '在外', '股票', '投資', '37', '日圓', '現主時', '日圓', '大升', '還好', '八月', '中去', '玩過']",Positive,0.9968498349189758
M.1788419260.A.366,[新聞] 擔心更多人仿效？南韓政府增設限制，不,leepingyo,2026-09-03 15:07:37,25,https://www.ptt.cc/bbs/Stock/M.1788419260.A.366.html,"擔心更多人仿效？南韓政府增設限制，不允許以「盈餘分紅、反對併購」為由發動罷工

 。



 

9/3






從三星電子到Kakao、還有現代汽車（Hyundai Motor ）等重要大企業，相繼在股市震盪
之際發動罷工，藉此向資方要求合理或更優渥的薪酬福利條件。但最新消息指出，韓國政
府準備修改相關法規細則，該國工會未來將無法再以要求分紅或績效獎金、反對企業併購
、興建新廠或是引進新技術等管理決策為由，發動合法的罷工抗爭。

《首爾經濟日報》指出，韓國僱用勞動部3日正式公布，修正後《工會法》（俗稱《黃色
郵袋法》）的勞資爭議指引內容。這個新修改的法律在今年3月正式生效，但第一線卻仍
持續出現諸多混亂局面，像是三星電子不滿意公司績效獎金制度，以及其他工會反對設立
半導體特區等事件。對此，總統李在明在國務會議上指示相關部會，必須明確化爭議行為
標準，韓國勞動部決定進一步補充現有指引內容。

抽盈餘當分紅違背管理權
根據最新補充的指引，工會要求公司撥出營業收入、營業利益或淨利等企業盈餘的固定百
分比，作為員工年度績效獎金來源，這行為將被排除在「強制團體協商事項」之外。韓國
勞動部認定，績效獎金本質上屬於事後的盈餘分配，倘若工會要求預先分割並分配企業獲
利，等同於侵犯企業管理權，並會損害股東與債權人等第三方的權益。

不過，假如工會是以底薪、年薪的固定百分比，或是以固定金額形式，提出不一樣的績效
獎金訴求，則仍屬於合法的團體協商範圍。

根據法律規定，當特定訴求被排除在強制協商事項之外，資方如果選擇拒絕談判，不會構
成「不當勞動行為」也不會面臨處罰，反之工會也將無法依據這點取得合法的罷工權。

不准以反對併購或引進AI發動罷工
與此同時，新調整的細則還規定，要求公司撤回或反對興建、搬遷廠房，進行海外投資、
企業出售或收購，以及導入人工智慧（AI）等新技術，這幾點同樣不被列入強制協商事項
，也不能作為發動罷工的合法理由。

從上述幾點調整，不難看出韓國勞動部此番修改細則的根據，就是來自2026上半年一系列
大企業罷工：現代汽車員工反對資方引入人形機器人，擔心生產線被取代；績效獎金則來
自三星電子和SK海力士（SK Hynix）。

只有一種情況下，前面這些事項可以被納入強制勞資協商範圍，那就是當企業明確提及裁
員或調職等具體的人事計畫，而且客觀上存在單方面改變勞動條件時。面對這一系列修改
，現任勞動部長金榮勳指出，政府是為了預防爭議並促進勞資對話，才設立更明確的標準
。



直接抄作業XDD  你們幾個大工會怎麼提、提到哪些
我政府修改指引或細則的時候
就直接寫進去...........

不過  路是人走出來的
文字遊戲大家都很有創意
不知道韓國之後會不會出現讓人驚訝的新制度或福利模式

--","擔心更多人仿效南韓政府增設限制不允許以盈餘分紅反對併購為由發動罷工

 



 

93






從三星電子到Kakao還有現代汽車Hyundai Motor 等重要大企業相繼在股市震盪
之際發動罷工藉此向資方要求合理或更優渥的薪酬福利條件但最新消息指出韓國政
府準備修改相關法規細則該國工會未來將無法再以要求分紅或績效獎金反對企業併購
興建新廠或是引進新技術等管理決策為由發動合法的罷工抗爭

首爾經濟日報指出韓國僱用勞動部3日正式公布修正後工會法俗稱黃色
郵袋法的勞資爭議指引內容這個新修改的法律在今年3月正式生效但第一線卻仍
持續出現諸多混亂局面像是三星電子不滿意公司績效獎金制度以及其他工會反對設立
半導體特區等事件對此總統李在明在國務會議上指示相關部會必須明確化爭議行為
標準韓國勞動部決定進一步補充現有指引內容

抽盈餘當分紅違背管理權
根據最新補充的指引工會要求公司撥出營業收入營業利益或淨利等企業盈餘的固定百
分比作為員工年度績效獎金來源這行為將被排除在強制團體協商事項之外韓國
勞動部認定績效獎金本質上屬於事後的盈餘分配倘若工會要求預先分割並分配企業獲
利等同於侵犯企業管理權並會損害股東與債權人等第三方的權益

不過假如工會是以底薪年薪的固定百分比或是以固定金額形式提出不一樣的績效
獎金訴求則仍屬於合法的團體協商範圍

根據法律規定當特定訴求被排除在強制協商事項之外資方如果選擇拒絕談判不會構
成不當勞動行為也不會面臨處罰反之工會也將無法依據這點取得合法的罷工權

不准以反對併購或引進AI發動罷工
與此同時新調整的細則還規定要求公司撤回或反對興建搬遷廠房進行海外投資
企業出售或收購以及導入人工智慧AI等新技術這幾點同樣不被列入強制協商事項
也不能作為發動罷工的合法理由

從上述幾點調整不難看出韓國勞動部此番修改細則的根據就是來自2026上半年一系列
大企業罷工現代汽車員工反對資方引入人形機器人擔心生產線被取代績效獎金則來
自三星電子和SK海力士SK Hynix

只有一種情況下前面這些事項可以被納入強制勞資協商範圍那就是當企業明確提及裁
員或調職等具體的人事計畫而且客觀上存在單方面改變勞動條件時面對這一系列修改
現任勞動部長金榮勳指出政府是為了預防爭議並促進勞資對話才設立更明確的標準




直接抄作業XDD  你們幾個大工會怎麼提提到哪些
我政府修改指引或細則的時候
就直接寫進去

不過  路是人走出來的
文字遊戲大家都很有創意
不知道韓國之後會不會出現讓人驚訝的新制度或福利模式","['擔心', '仿效', '南韓', '政府', '增設', '限制', '不允', '許以', '盈餘分', '紅反', '購為', '發動', '罷工', '93', '三星', '電子', 'Kakao', '還有', '現代', '汽車', 'Hyundai', 'Motor', '重要', '大企業', '相繼', '股市', '震盪', '之際', '發動', '罷工', '藉此', '資方', '要求', '合理', '薪酬', '福利', '條件', '最新消息', '指出', '韓國政', '準備', '修改', '相關法', '規細則', '該國', '工會', '未來', '將無法', '要求', '分紅', '或績', '效獎', '金反', '企業', '建新', '或是', '引進', '新技術', '管理', '決策', '發動', '合法', '罷工', '抗爭', '首爾經濟', '日報', '指出', '韓國', '僱用', '勞動部', '正式', '公布', '修正', '工會', '法俗', '稱黃色', '郵袋', '勞資', '爭議', '指引', '內容', '這個', '修改', '法律', '今年', '正式', '生效', '第一', '持續', '出現', '諸多', '混亂', '局面', '像是', '三星', '電子', '滿意', '公司', '績效', '獎金', '制度', '以及', '其他', '工會', '反對', '設立', '半導體', '特區', '事件', '對此', '總統', '李在明', '國務會議', '指示', '相關', '部會', '必須', '明確', '化爭', '議行', '標準', '韓國', '勞動部', '決定', '一步', '補充', '現有', '指引', '內容', '抽盈餘當', '分紅', '違背', '管理', '根據', '最新', '補充', '指引', '工會', '要求', '公司', '撥出', '營業', '收入', '營業', '利益', '或淨利', '企業', '盈餘', '固定', '比作', '為員工', '年度', '績效獎', '金來源', '這行', '為將', '排除', '強制', '團體協', '商事', '之外', '韓國', '勞動部', '認定績', '效獎', '金本質', '上屬', '盈餘', '分配', '倘若', '工會', '要求', '預先', '分割', '分配', '企業', '等同', '侵犯', '企業', '管理', '權並會', '損害', '股東', '債權', '第三方', '權益', '不過', '假如', '工會', '底薪', '年薪', '固定', '百分比', '或是', '固定', '金額', '形式', '提出', '不一樣', '績效', '獎金訴', '求則', '仍屬', '合法', '團體', '協商範圍', '根據', '法律', '規定當', '特定', '訴求', '排除', '強制協', '商事', '之外', '資方', '如果', '選擇', '拒絕', '談判', '不會構', '成不當', '勞動行', '不會面', '臨處', '反之', '工會', '將無法', '依據', '這點', '取得', '合法', '罷工權', '不准', '以反', '引進', 'AI', '發動', '罷工', '同時', '調整', '細則', '還規定', '要求', '公司', '撤回', '興建', '遷廠', '進行', '海外', '投資', '企業', '出售', '收購', '以及', '導入', '人工智慧', 'AI', '技術', '這幾點', '同樣', '列入', '強制協', '商事', '不能', '作為', '發動', '罷工', '合法', '理由', '上述', '幾點', '調整', '不難', '看出', '韓國', '勞動部', '此番', '修改', '細則', '根據', '就是', '2026', '上半年', '一系列', '大企業', '罷工', '現代', '汽車員', '工反', '資方', '引入', '人形', '機器', '擔心', '生產線', '取代', '績效', '獎金則', '三星', '電子', 'SK', '海力士', 'SK', 'Hynix', '只有', '一種', '情況', '前面', '這些', '事項', '可以', '納入', '強制', '勞資協', '商範圍', '就是', '當企業', '明確', '提及', '調職', '具體', '人事', '計畫', '而且', '客觀', '存在', '方面', '改變', '勞動', '條件', '時面', '一系列', '修改', '現任', '勞動', '部長', '金榮勳', '指出', '政府', '預防爭', '議並', '促進', '勞資', '設立', '明確', '標準', '直接', '抄作業', 'XDD', '你們', '幾個', '大工', '怎麼', '提到', '哪些', '政府', '修改', '指引', '細則', '時候', '直接', '進去', '不過', '走出', '文字', '遊戲', '大家', '創意', '知道', '韓國', '之後會', '不會', '出現', '驚訝', '制度', '福利', '模式']",Positive,0.8341406583786011
M.1788419196.A.317,[情報] 115年09月03日 三大法人買賣金額統計表,coconing,2026-09-03 15:06:33,88,https://www.ptt.cc/bbs/Stock/M.1788419196.A.317.html,"115年09月03日 三大法人買賣金額統計表

單位名稱        買進金額(億元)  賣出金額(億元)  買賣差額(億元)

自營商(自行買賣)   103.16         159.95         

自營商(避險)       276.66         386.95         

投  信             196.97         185.55         

外資及陸資        3283.10        3764.56         

外資自營商              0              0                0
===========================================================
合  計            3859.91        4497.03         

法人成交比重

--
一頁書：世事如棋，乾坤莫測，笑盡英雄啊～～～
一夜輸：股市如棋，漲跌莫測，坑盡散戶啊～～～

--
                                      09/03 15:06","115年09月03日 三大法人買賣金額統計表

單位名稱        買進金額億元  賣出金額億元  買賣差額億元

自營商自行買賣   10316         15995         

自營商避險       27666         38695         

投  信             19697         18555         

外資及陸資        328310        376456         

外資自營商              0              0                0

合  計            385991        449703         

法人成交比重


一頁書世事如棋乾坤莫測笑盡英雄啊
一夜輸股市如棋漲跌莫測坑盡散戶啊","['115', '09', '03', '三大', '法人', '買賣', '金額', '統計表', '單位', '名稱', '進金額', '億元', '賣出', '金額', '億元', '買賣', '差額', '億元', '自營商', '自行', '買賣', '10316', '15995', '自營', '商避險', '27666', '38695', '19697', '18555', '外資及', '陸資', '328310', '376456', '外資', '自營商', '385991', '449703', '法人', '成交', '比重', '一頁', '世事', '如棋', '乾坤', '莫測', '英雄', '一夜', '股市', '如棋漲', '跌莫測', '散戶']",Positive,0.7359912991523743
M.1788418906.A.426,[情報] 0903 上市投信買賣超排行,saber50116,2026-09-03 15:01:44,28,https://www.ptt.cc/bbs/Stock/M.1788418906.A.426.html,"1. 標題：投信買賣超排行

2. 來源：富邦證券

3. 網址：

4. 內文：

買超

1       3231緯創        14,523
2       1402遠東新      3,571
3       2891中信金      3,353
4       2618長榮航      3,324
5       2882國泰金      3,242
6       2542興富發      3,213
7       5876上海商銀    2,966
8       2481強茂        2,850
9       1102亞泥        2,803
10      2027大成鋼      2,098
11      2890永豐金      1,771
12      3706神達        1,647
13      2897王道銀行    1,530
14      2885元大金      1,505
15      4938和碩        1,499
16      2603長榮        1,494
17      2855統一證      1,366
18      2887台新新光金  1,333
19      3045台灣大      1,205
20      4763材料*-KY    1,202
21      2633台灣高鐵    1,027
22      00953B群益優選非投等債  1,000
23      2881富邦金      937
24      2903遠百        894
25      1229聯華        842
26      3532台勝科      806
27      2006東和鋼鐵    739
28      2884玉山金      671
29      3090日電貿      619
30      1808潤隆        586
31      9933中鼎        573
32      2610華航        570
33      2353宏碁        561
34      2520冠德        548
35      6442光聖        535
36      2454聯發科      451
37      6531愛普*       434
38      6177達麗        430
39      2851中再保      424
40      2379瑞昱        418
41      00981A主動統一台股增長  400
42      6669緯穎        394
43      7780大研生醫*   354
44      2301光寶科      352
45      2357華碩        350
46      9802鈺齊-KY     345
47      2615萬海        299
48      1101台泥        284
49      6515穎崴        227
50      3711日月光投控  225

賣超

1       2834臺企銀      -4,314
2       2303聯電        -3,756
3       2812台中銀      -3,312
4       5880合庫金      -3,264
5       2880華南金      -2,636
6       8046南電        -2,319
7       2892第一金      -1,997
8       2408南亞科      -1,992
9       3037欣興        -1,912
10      6005群益證      -1,851
11      1714和桐        -1,809
12      3189景碩        -1,426
13      2368金像電      -1,298
14      2409友達        -1,129
15      0050元大台灣50  -1,000
16      2324仁寶        -777
17      2886兆豐金      -688
18      4958臻鼎-KY     -589
19      2441超豐        -498
20      2347聯強        -481
21      1504東元        -476
22      2801彰銀        -475
23      1301台塑        -474
24      6805富世達      -425
25      2201裕隆        -417
26      00850元大臺灣ESG永續    -390
27      2345智邦        -353
28      2105正新        -346
29      2327國巨*       -346
30      1736喬山        -340
31      2412中華電      -329
32      6285啟碁        -310
33      9938百和        -280
34      3033威健        -274
35      2317鴻海        -248
36      6282康舒        -239
37      4904遠傳        -238
38      3702大聯大      -237
39      6202盛群        -220
40      1907永豐餘      -203
41      6257矽格        -196
42      2393億光        -194
43      3036文曄        -194
44      3450聯鈞        -178
45      1477聚陽        -176
46      2337旺宏        -159
47      9914美利達      -153
48      1216統一        -147
49      3167大量        -141
50      3023信邦        -125



--","1 標題投信買賣超排行

2 來源富邦證券

3 網址

4 內文

買超

1       3231緯創        14523
2       1402遠東新      3571
3       2891中信金      3353
4       2618長榮航      3324
5       2882國泰金      3242
6       2542興富發      3213
7       5876上海商銀    2966
8       2481強茂        2850
9       1102亞泥        2803
10      2027大成鋼      2098
11      2890永豐金      1771
12      3706神達        1647
13      2897王道銀行    1530
14      2885元大金      1505
15      4938和碩        1499
16      2603長榮        1494
17      2855統一證      1366
18      2887台新新光金  1333
19      3045台灣大      1205
20      4763材料KY    1202
21      2633台灣高鐵    1027
22      00953B群益優選非投等債  1000
23      2881富邦金      937
24      2903遠百        894
25      1229聯華        842
26      3532台勝科      806
27      2006東和鋼鐵    739
28      2884玉山金      671
29      3090日電貿      619
30      1808潤隆        586
31      9933中鼎        573
32      2610華航        570
33      2353宏碁        561
34      2520冠德        548
35      6442光聖        535
36      2454聯發科      451
37      6531愛普       434
38      6177達麗        430
39      2851中再保      424
40      2379瑞昱        418
41      00981A主動統一台股增長  400
42      6669緯穎        394
43      7780大研生醫   354
44      2301光寶科      352
45      2357華碩        350
46      9802鈺齊KY     345
47      2615萬海        299
48      1101台泥        284
49      6515穎崴        227
50      3711日月光投控  225

賣超

1       2834臺企銀      4314
2       2303聯電        3756
3       2812台中銀      3312
4       5880合庫金      3264
5       2880華南金      2636
6       8046南電        2319
7       2892第一金      1997
8       2408南亞科      1992
9       3037欣興        1912
10      6005群益證      1851
11      1714和桐        1809
12      3189景碩        1426
13      2368金像電      1298
14      2409友達        1129
15      0050元大台灣50  1000
16      2324仁寶        777
17      2886兆豐金      688
18      4958臻鼎KY     589
19      2441超豐        498
20      2347聯強        481
21      1504東元        476
22      2801彰銀        475
23      1301台塑        474
24      6805富世達      425
25      2201裕隆        417
26      00850元大臺灣ESG永續    390
27      2345智邦        353
28      2105正新        346
29      2327國巨       346
30      1736喬山        340
31      2412中華電      329
32      6285啟碁        310
33      9938百和        280
34      3033威健        274
35      2317鴻海        248
36      6282康舒        239
37      4904遠傳        238
38      3702大聯大      237
39      6202盛群        220
40      1907永豐餘      203
41      6257矽格        196
42      2393億光        194
43      3036文曄        194
44      3450聯鈞        178
45      1477聚陽        176
46      2337旺宏        159
47      9914美利達      153
48      1216統一        147
49      3167大量        141
50      3023信邦        125","['標題', '投信', '排行', '來源', '富邦', '證券', '網址', '內文', '買超', '3231', '緯創', '14523', '1402', '遠東', '3571', '2891', '中信', '3353', '2618', '榮航', '3324', '2882', '國泰金', '3242', '2542', '興富發', '3213', '5876', '上海', '商銀', '2966', '2481', '強茂', '2850', '1102', '亞泥', '2803', '10', '2027', '大成', '2098', '11', '2890', '永豐金', '1771', '12', '3706', '神達', '1647', '13', '2897', '王道', '銀行', '1530', '14', '2885', '元大金', '1505', '15', '4938', '1499', '16', '2603', '1494', '17', '2855', '統一證', '1366', '18', '2887', '台新', '新光', '1333', '19', '3045', '台灣', '1205', '20', '4763', '材料', 'KY', '1202', '21', '2633', '台灣', '高鐵', '1027', '22', '00953B', '群益', '優選非', '投等債', '1000', '23', '2881', '富邦金', '937', '24', '2903', '遠百', '894', '25', '1229', '聯華', '842', '26', '3532', '台勝科', '806', '27', '2006', '東和鋼', '739', '28', '2884', '玉山', '671', '29', '3090', '日電貿', '619', '30', '1808', '潤隆', '586', '31', '9933', '中鼎', '573', '32', '2610', '華航', '570', '33', '2353', '宏碁', '561', '34', '2520', '冠德', '548', '35', '6442', '光聖', '535', '36', '2454', '聯發科', '451', '37', '6531', '愛普', '434', '38', '6177', '達麗', '430', '39', '2851', '424', '40', '2379', '瑞昱', '418', '41', '00981A', '主動統', '一台', '增長', '400', '42', '6669', '緯穎', '394', '43', '7780', '大研', '生醫', '354', '44', '2301', '光寶科', '352', '45', '2357', '華碩', '350', '46', '9802', '鈺齊', 'KY', '345', '47', '2615', '萬海', '299', '48', '1101', '台泥', '284', '49', '6515', '227', '50', '3711', '月光', '投控', '225', '賣超', '2834', '企銀', '4314', '2303', '聯電', '3756', '2812', '台中', '3312', '5880', '合庫', '3264', '2880', '華南金', '2636', '8046', '南電', '2319', '2892', '第一', '1997', '2408', '南亞科', '1992', '3037', '欣興', '1912', '10', '6005', '群益證', '1851', '11', '1714', '和桐', '1809', '12', '3189', '景碩', '1426', '13', '2368', '金像', '1298', '14', '2409', '友達', '1129', '15', '0050', '元大台灣', '50', '1000', '16', '2324', '仁寶', '777', '17', '2886', '豐金', '688', '18', '4958', 'KY', '589', '19', '2441', '超豐', '498', '20', '2347', '聯強', '481', '21', '1504', '東元', '476', '22', '2801', '彰銀', '475', '23', '1301', '台塑', '474', '24', '6805', '富世達', '425', '25', '2201', '裕隆', '417', '26', '00850', '元大', 'ESG', '永續', '390', '27', '2345', '智邦', '353', '28', '2105', '正新', '346', '29', '2327', '國巨', '346', '30', '1736', '喬山', '340', '31', '2412', '中華電', '329', '32', '6285', '310', '33', '9938', '百和', '280', '34', '3033', '威健', '274', '35', '2317', '鴻海', '248', '36', '6282', '康舒', '239', '37', '4904', '遠傳', '238', '38', '3702', '大聯大', '237', '39', '6202', '盛群', '220', '40', '1907', '永豐餘', '203', '41', '6257', '矽格', '196', '42', '2393', '億光', '194', '43', '3036', '文曄', '194', '44', '3450', '聯鈞', '178', '45', '1477', '聚陽', '176', '46', '2337', '旺宏', '159', '47', '9914', '美利', '153', '48', '1216', '統一', '147', '49', '3167', '大量', '141', '50', '3023', '信邦', '125']",Positive,0.9086236357688904
M.1788418329.A.AC8,[新聞] 慈濟遭詐爆案外案！正達光電董座涉詐千,tvereqw,2026-09-03 14:52:07,44,https://www.ptt.cc/bbs/Stock/M.1788418329.A.AC8.html,"慈濟遭詐爆案外案！正達光電董座涉詐千萬利息　檢追加起訴5人

2026年9月3日週四 上午11:00 吳孟潔

律師陳昱瑄涉詐慈濟10.6億案爆出案外案，台中地檢署查出，陳昱瑄夥同李易儒、正達光電
董事長許庭禎等5人，利用駿昌投資尤姓負責人融資2億需求，拿其股票向證券商質押借款，
詐取5400萬元利息，檢方依法追加起訴。

檢方調查指出，2022年間尤男急需資金，輾轉得知李易儒資金雄厚便聯繫商借。李男見有機
可乘，遂夥同律師陳昱瑄、許庭禎等人謀議，利用尤男不熟悉股票質押操作，且刻意塑造擁
有「特殊管道」可疏通融資的假象，向尤男佯稱可以年息12%出借2億元，並誘使尤男提供38
00張上市公司股票質押及簽立2億元本票作為擔保。

事實上，陳昱瑄等人完全未出資一毛錢或提供擔保，而是私下持尤男提供的股票向證券公司
質押借款，直接將撥款充當「自有資金」借給尤男，藉此騙取尤男在3年間陸續支付2400萬
、1600萬及1400萬元，合計高達5400萬元的利息。隨後透過許庭禎名下的海外公司與虛假契
約多層洗錢，並提領現金花用，直到證券公司上門催繳利息，尤男才驚覺受騙。

台中地檢署全案偵結，認定被告等5人涉嫌藉由特殊管道融資名義詐取財物，依法依詐欺、
洗錢及《組織犯罪防制條例》等罪嫌追加起訴，並向法院聲請沒收不法所得4027萬元。檢方
特別呼籲，民眾或企業若有融資需求，若遇有人以「特殊管道」或「內部關係」為由要求支
付高額手續費或利息，務必提高警覺，並直接向正規金融機構查證，以免落入詐騙陷阱。



心得/評論：
慈濟詐騙律師跟正達董座也有聯繫
詐欺+洗錢
正達股價今天也直接跌破現增價了。


--","慈濟遭詐爆案外案正達光電董座涉詐千萬利息　檢追加起訴5人

2026年9月3日週四 上午1100 吳孟潔

律師陳昱瑄涉詐慈濟106億案爆出案外案台中地檢署查出陳昱瑄夥同李易儒正達光電
董事長許庭禎等5人利用駿昌投資尤姓負責人融資2億需求拿其股票向證券商質押借款
詐取5400萬元利息檢方依法追加起訴

檢方調查指出2022年間尤男急需資金輾轉得知李易儒資金雄厚便聯繫商借李男見有機
可乘遂夥同律師陳昱瑄許庭禎等人謀議利用尤男不熟悉股票質押操作且刻意塑造擁
有特殊管道可疏通融資的假象向尤男佯稱可以年息12出借2億元並誘使尤男提供38
00張上市公司股票質押及簽立2億元本票作為擔保

事實上陳昱瑄等人完全未出資一毛錢或提供擔保而是私下持尤男提供的股票向證券公司
質押借款直接將撥款充當自有資金借給尤男藉此騙取尤男在3年間陸續支付2400萬
1600萬及1400萬元合計高達5400萬元的利息隨後透過許庭禎名下的海外公司與虛假契
約多層洗錢並提領現金花用直到證券公司上門催繳利息尤男才驚覺受騙

台中地檢署全案偵結認定被告等5人涉嫌藉由特殊管道融資名義詐取財物依法依詐欺
洗錢及組織犯罪防制條例等罪嫌追加起訴並向法院聲請沒收不法所得4027萬元檢方
特別呼籲民眾或企業若有融資需求若遇有人以特殊管道或內部關係為由要求支
付高額手續費或利息務必提高警覺並直接向正規金融機構查證以免落入詐騙陷阱



心得評論
慈濟詐騙律師跟正達董座也有聯繫
詐欺洗錢
正達股價今天也直接跌破現增價了","['慈濟', '遭詐', '案外案', '正達', '光電', '董座', '涉詐', '千萬', '利息', '追加', '起訴', '2026', '日週', '上午', '1100', '吳孟潔', '律師陳昱', '涉詐', '慈濟', '106', '億案', '爆出', '案外案', '台中地', '檢署', '查出', '夥同', '李易', '儒正達', '光電', '董事', '許庭禎', '利用', '駿昌', '投資', '尤姓', '負責人', '融資', '需求', '股票', '向證', '券商', '質押', '借款', '詐取', '5400', '萬元', '利息', '檢方', '依法', '追加', '起訴', '檢方', '調查', '指出', '2022', '年間', '急需', '資金', '輾轉', '得知', '李易', '儒資金', '雄厚', '可乘', '同律', '師陳昱', '許庭禎', '人謀議', '利用', '尤男', '熟悉', '股票', '質押', '操作', '刻意', '塑造', '特殊', '管道', '可疏', '通融', '資的', '假象', '佯稱', '可以', '年息', '12', '出借', '億元', '並誘', '提供', '38', '00', '上市', '公司股票', '質押', '簽立', '億元', '本票', '作為', '擔保', '事實', '上陳昱', '完全', '未出', '資一毛', '提供', '擔保', '而是', '私下', '提供', '股票', '證券', '公司', '質押', '借款', '直接', '將撥款', '充當', '自有', '資金', '借給', '藉此', '騙取', '年間', '陸續', '支付', '2400', '1600', '萬及', '1400', '萬元合計', '高達', '5400', '萬元', '利息', '隨後透過', '許庭禎', '名下', '海外', '公司', '虛假契', '多層', '並提', '領現', '金花', '直到', '證券', '公司', '上門', '催繳', '利息', '尤男才', '驚覺', '台中地', '檢署', '全案', '偵結', '認定', '被告', '涉嫌', '藉由', '特殊', '管道', '融資名', '義詐取', '財物', '依法', '依詐', '洗錢', '組織', '犯罪', '防制', '條例', '罪嫌', '追加', '起訴', '並向', '法院', '聲請', '沒收', '不法', '所得', '4027', '萬元', '檢方', '特別', '呼籲民眾', '企業', '融資', '需求', '若遇', '有人', '特殊', '管道', '內部關', '要求', '付高額', '手續費', '利息', '務必', '提高', '警覺並', '直接', '正規', '金融', '機構', '查證', '以免', '落入', '詐騙', '陷阱', '心得', '評論', '慈濟詐', '騙律師', '正達', '董座', '欺洗', '正達', '股價', '今天', '直接', '跌破', '現增價']",Positive,0.7131331562995911
M.1788417782.A.73E,[新聞] 國巨股價腰斬不是最慘！達人揭「籌碼崩壞,Lime5566,2026-09-03 14:42:59,57,https://www.ptt.cc/bbs/Stock/M.1788417782.A.73E.html,"國巨股價腰斬不是最慘！達人揭「籌碼崩壞」警訊 短期難見主力拉抬

2026.09.03  13:19  工商時報  曾宇平

被動元件大廠國巨（2327）股價自高點1,200元一路下殺至500元附近，深重的跌幅吸引不
少投資人進場「撿便宜」。然而，財經達人葉育碩示警，國巨目前最大的隱憂並非股價腰
斬，而是散戶「越跌越買」導致籌碼高度凌亂。短短兩年間，股東人數暴增逾50萬人，在
籌碼由大戶流向散戶的劣勢下，短期內恐難以見到主力發動拉抬行情。

越跌越買！兩年暴增50萬名股東
葉育碩於臉書粉專分析指出，觀察國巨股東人數變化，2024年8月時，股東人數僅約9萬人
，但時至今日，竟已直線狂飆至59萬人。也就是說，在短短兩年內，股東人數大幅增加了
50萬人之多。

更值得警惕的是，這波股東人數的爆發並非伴隨股價上漲，而是在國巨從1,200元一路跌
至500元的過程中持續攀升。葉育碩點破散戶心態：「很多人覺得跌這麼多了，應該很便
宜了吧？」因此前仆後繼地進場抄底，導致散戶越跌越多。

大戶悄悄撤退 籌碼漸趨零散
散戶瘋狂湧入的同時，籌碼結構卻透露出大戶正在撤退的訊號。葉育碩分析數據指出，今
年2月底時，國巨股東人數約為23.7萬人，平均每位股東持有約8.73張；但到了8月底，股
東人數衝上59.4萬人，平均持股卻驟降至僅剩3.46張。這意味著原本集中在大戶手中的籌
碼，正不斷被拆解、流向大量的小股東手中。

此外，代表大戶動向的關鍵指標也出現鬆動。400張以上的大戶持股比率，已從過去的70%
～75%高水準，下滑至目前的68.22%；千張以上的大型主力人數，也從過去的210多人降至
195人。

套牢賣壓沉重 籌碼沉澱成反彈關鍵
回顧國巨近年的行情，當股價從300元一路飆漲破千元時，市場陷入瘋狂追高；如今股價
回檔至500元附近，又讓散戶覺得「物超所值」而進場承接，最終導致籌碼面急速惡化。

葉育碩總結，國巨當前面臨的核心難題，已經不是市場「有沒有買盤」，而是上方究竟堆
積了多少散戶的套牢籌碼。面對高達59萬名的龐大股東群，未來若要重新啟動一波大行情
，勢必得先耗費漫長時間進行「籌碼沉澱」。




國巨從1200跌回500
大戶持續出貨 散戶卻越跌越買
導致籌碼面急速惡化
面對套牢的散戶籌碼 未來要有大行情可能要先經過長時間籌碼沉澱

--","國巨股價腰斬不是最慘達人揭籌碼崩壞警訊 短期難見主力拉抬

20260903  1319  工商時報  曾宇平

被動元件大廠國巨2327股價自高點1200元一路下殺至500元附近深重的跌幅吸引不
少投資人進場撿便宜然而財經達人葉育碩示警國巨目前最大的隱憂並非股價腰
斬而是散戶越跌越買導致籌碼高度凌亂短短兩年間股東人數暴增逾50萬人在
籌碼由大戶流向散戶的劣勢下短期內恐難以見到主力發動拉抬行情

越跌越買兩年暴增50萬名股東
葉育碩於臉書粉專分析指出觀察國巨股東人數變化2024年8月時股東人數僅約9萬人
但時至今日竟已直線狂飆至59萬人也就是說在短短兩年內股東人數大幅增加了
50萬人之多

更值得警惕的是這波股東人數的爆發並非伴隨股價上漲而是在國巨從1200元一路跌
至500元的過程中持續攀升葉育碩點破散戶心態很多人覺得跌這麼多了應該很便
宜了吧因此前仆後繼地進場抄底導致散戶越跌越多

大戶悄悄撤退 籌碼漸趨零散
散戶瘋狂湧入的同時籌碼結構卻透露出大戶正在撤退的訊號葉育碩分析數據指出今
年2月底時國巨股東人數約為237萬人平均每位股東持有約873張但到了8月底股
東人數衝上594萬人平均持股卻驟降至僅剩346張這意味著原本集中在大戶手中的籌
碼正不斷被拆解流向大量的小股東手中

此外代表大戶動向的關鍵指標也出現鬆動400張以上的大戶持股比率已從過去的70
75高水準下滑至目前的6822千張以上的大型主力人數也從過去的210多人降至
195人

套牢賣壓沉重 籌碼沉澱成反彈關鍵
回顧國巨近年的行情當股價從300元一路飆漲破千元時市場陷入瘋狂追高如今股價
回檔至500元附近又讓散戶覺得物超所值而進場承接最終導致籌碼面急速惡化

葉育碩總結國巨當前面臨的核心難題已經不是市場有沒有買盤而是上方究竟堆
積了多少散戶的套牢籌碼面對高達59萬名的龐大股東群未來若要重新啟動一波大行情
勢必得先耗費漫長時間進行籌碼沉澱




國巨從1200跌回500
大戶持續出貨 散戶卻越跌越買
導致籌碼面急速惡化
面對套牢的散戶籌碼 未來要有大行情可能要先經過長時間籌碼沉澱","['國巨股', '價腰', '不是', '慘達人', '揭籌碼', '崩壞', '警訊', '短期', '難見', '主力', '20260903', '1319', '工商', '時報', '曾宇平', '被動', '元件', '大廠', '國巨', '2327', '股價', '自高點', '1200', '一路下', '殺至', '500', '附近', '深重', '跌幅', '吸引', '投資人', '進場', '便宜', '然而', '財經達', '人葉育', '示警', '國巨', '目前', '最大', '隱憂', '並非', '股價', '而是', '散戶', '買導致', '籌碼', '高度', '凌亂', '短短', '兩年間', '股東', '人數', '暴增', '50', '萬人', '籌碼', '由大戶', '流向', '散戶', '劣勢', '短期', '內恐', '難以', '主力', '發動', '行情', '越跌', '兩年', '暴增', '50', '萬名', '股東', '葉育', '臉書', '粉專', '分析', '指出', '觀察國', '巨股', '東人數', '變化', '2024', '時股', '東人', '數僅', '萬人', '今日', '直線', '狂飆', '59', '萬人', '就是', '短短', '兩年', '內股', '東人數', '大幅', '增加', '50', '萬人', '值得', '警惕', '這波', '股東', '人數', '爆發', '並非伴', '隨股', '價上', '而是', '國巨', '1200', '一路', '500', '過程', '中持續', '攀升', '葉育', '碩點', '散戶', '心態', '很多', '人覺', '這麼', '應該', '因此', '前仆後繼地', '進場', '抄底', '導致', '散戶', '大戶', '悄悄', '撤退', '籌碼', '漸趨', '零散', '散戶', '瘋狂', '湧入', '同時', '籌碼', '結構', '透露', '出大戶', '正在', '撤退', '號葉育', '分析', '數據', '指出', '月底', '時國', '巨股', '東人數', '237', '萬人', '平均', '每位', '股東', '持有', '873', '月底', '東人數', '衝上', '594', '萬人', '平均', '持股', '驟降', '至僅', '346', '意味著', '原本', '集中', '大戶', '手中', '碼正', '不斷', '拆解', '流向', '大量', '股東', '手中', '此外', '代表', '大戶動', '關鍵', '指標', '400', '以上', '大戶', '持股', '比率', '過去', '70', '75', '高水準', '下滑', '目前', '6822', '千張', '以上', '大型', '主力', '人數', '過去', '210', '多人降', '195', '套牢', '賣壓', '沉重', '籌碼', '反彈', '關鍵', '回顧國', '近年', '行情', '當股價', '300', '一路', '飆漲', '千元', '時市場', '陷入', '瘋狂', '追高', '如今', '股價', '回檔', '500', '附近', '散戶', '覺得', '物超所值', '進場', '承接', '最終', '導致', '籌碼面', '急速', '惡化', '葉育', '結國', '巨當', '前面', '核心', '難題', '已經', '不是', '市場', '買盤', '而是', '上方', '究竟', '積了', '多少', '散戶', '套牢', '籌碼面', '高達', '59', '萬名', '龐大股', '東群', '未來', '重新', '啟動', '一波', '行情', '勢必', '耗費', '漫長', '時間', '進行', '籌碼', '國巨', '1200', '跌回', '500', '大戶', '持續', '出貨', '散戶', '導致', '籌碼面', '急速', '惡化', '面對', '套牢', '散戶', '籌碼', '未來', '行情', '可能', '先經', '過長', '時間', '籌碼']",Negative,0.8865806460380554
M.1788415254.A.155,[閒聊] 2026/09/03 盤後閒聊,laptic,2026-09-03 14:00:50,72,https://www.ptt.cc/bbs/Stock/M.1788415254.A.155.html,"台指期　自營商 +96 投信 -673 外資 -3,704
台指選　自營商 +4,008 投信 0 外資   +413



成交量排行：、
成交值排行：、、、、



--

心觀內斂源群志，鶴立名聲噪殲裕；

何霖尚高晚霞敕，在橦天涯詠新律。




作者：@uiwo_t_25



--

東風夜放花千樹，更吹落，星如雨。寶馬雕車香滿路。
鳳簫聲動，玉壺光轉，一夜魚龍舞。
蛾兒雪柳黃金縷，笑語盈盈暗香去。
眾裡尋他千百度，驀然回首，那人卻在燈火闌珊處。
　　　　　　　　　　　　　　　　　　　　　　　——【宋】辛棄疾《青玉案・元夕》

--","台指期　自營商 96 投信 673 外資 3704
台指選　自營商 4008 投信 0 外資   413



成交量排行
成交值排行





心觀內斂源群志鶴立名聲噪殲裕

何霖尚高晚霞敕在橦天涯詠新律




作者uiwot25","['指期', '自營商', '96', '投信', '673', '外資', '3704', '指選', '自營商', '4008', '投信', '外資', '413', '成交量', '排行', '成交', '排行', '心觀', '斂源', '群志鶴立', '名聲', '殲裕', '何霖', '尚高', '晚霞', '天涯', '新律', '作者', 'uiwot25']",Positive,0.8515169620513916
M.1788412257.A.3D6,[新聞] 說溜嘴？盧特尼克：台灣下周宣布新一波,takeshi911,2026-09-03 13:10:55,爆,https://www.ptt.cc/bbs/Stock/M.1788412257.A.3D6.html,"1.媒體來源:FTNN新聞網


2.記者署名:林欣愉


3.完整新聞標題:說溜嘴？盧特尼克：台灣下周宣布新一波對美投資　證實川普「晶片關


               稅」研擬中


4.完整新聞內文:

美國政府持續推動半導體製造回流，晶片關稅政策也有新進展。美國商務部長盧特尼克（

Howard Lutnick）2日接受CNBC訪問時證實，川普政府正在制定新一輪半導體關稅政策。

盧特尼克表示，未來關稅措施將與企業是否在美國生產掛鉤，在美設廠可獲得關稅抵減；

若未在美國設廠的業者，則可能負擔相關關稅。

盧特尼克表示，川普政府希望藉由關稅措施，促使全球半導體業者增加美國境內的製造布

局，因此政策將以「企業是否赴美生產」作為重要考量。他指出，若企業在美國生產，政

府將提供關稅抵減；反之，若仍在海外製造，則可能面臨繳納關稅。

不過，美國目前尚未公布確切稅率及正式適用範圍。根據美媒Politico先前報導，白宮正

研議擴大半導體相關關稅，除了晶片本身，筆記型電腦、遊戲機及資料中心伺服器等搭載

晶片的產品，也可能被納入課稅範圍，相關措施可能分階段實施。

對此，外界擔憂，此前川普已對部分先進半導體祭出25%關稅，若再擴大課稅範圍，可能

對全球科技供應鏈帶來影響。尤其美國目前正大力擴建AI資料中心，若晶片、伺服器等產

品成本同步上升，恐推高AI基礎建設的整體支出。

在這項政策下，台灣半導體及科技供應鏈的赴美投資布局也受到關注。經濟部2日公布最

新盤點指出，先前掌握的20家赴美投資企業，原估投資金額約350億美元，經重新盤點後

，規模再增加約200億美元，顯示台灣科技與半導體業者持續擴大美國產能布局。其中，

台積電已將美國投資規模提高至2650億美元，其他半導體及AI供應鏈企業也陸續跟進。

此外，外界先前關注的「台灣5000億美元赴美投資」，並不代表台灣企業將直接投入全部

金額，其中至少2500億美元為企業新增直接投資，另外2500億美元則是台灣政府提供的信

用保證，兩部分合計才達5000億美元。

盧特尼克透露，台灣預計在下周宣布新一波對美投資，金額約200億至300億美元；他也指

出，全球企業目前承諾投入美國半導體製造的資金約達1.2兆美元，其中也包括台灣在台

美貿易協議下的投資承諾。隨著美方持續推動半導體製造回流，台灣下一波對美投資內容

也受到外界關注。

5.完整新聞連結:

6.心得:

美方以關稅強推製造業回流，將產業鏈重塑為「美國優先」的落地競賽。台灣企業大舉赴

美雖能取得關稅安全墊，卻必須承擔成本飆升與供應鏈外移的雙重陣痛。短期可鞏固美台

合作，長期則考驗台灣「矽盾」核心技術留台的平衡與科技鏈的毛利耐受度。

--","1媒體來源FTNN新聞網


2記者署名林欣愉


3完整新聞標題說溜嘴盧特尼克台灣下周宣布新一波對美投資　證實川普晶片關


               稅研擬中


4完整新聞內文

美國政府持續推動半導體製造回流晶片關稅政策也有新進展美國商務部長盧特尼克

Howard Lutnick2日接受CNBC訪問時證實川普政府正在制定新一輪半導體關稅政策

盧特尼克表示未來關稅措施將與企業是否在美國生產掛鉤在美設廠可獲得關稅抵減

若未在美國設廠的業者則可能負擔相關關稅

盧特尼克表示川普政府希望藉由關稅措施促使全球半導體業者增加美國境內的製造布

局因此政策將以企業是否赴美生產作為重要考量他指出若企業在美國生產政

府將提供關稅抵減反之若仍在海外製造則可能面臨繳納關稅

不過美國目前尚未公布確切稅率及正式適用範圍根據美媒Politico先前報導白宮正

研議擴大半導體相關關稅除了晶片本身筆記型電腦遊戲機及資料中心伺服器等搭載

晶片的產品也可能被納入課稅範圍相關措施可能分階段實施

對此外界擔憂此前川普已對部分先進半導體祭出25關稅若再擴大課稅範圍可能

對全球科技供應鏈帶來影響尤其美國目前正大力擴建AI資料中心若晶片伺服器等產

品成本同步上升恐推高AI基礎建設的整體支出

在這項政策下台灣半導體及科技供應鏈的赴美投資布局也受到關注經濟部2日公布最

新盤點指出先前掌握的20家赴美投資企業原估投資金額約350億美元經重新盤點後

規模再增加約200億美元顯示台灣科技與半導體業者持續擴大美國產能布局其中

台積電已將美國投資規模提高至2650億美元其他半導體及AI供應鏈企業也陸續跟進

此外外界先前關注的台灣5000億美元赴美投資並不代表台灣企業將直接投入全部

金額其中至少2500億美元為企業新增直接投資另外2500億美元則是台灣政府提供的信

用保證兩部分合計才達5000億美元

盧特尼克透露台灣預計在下周宣布新一波對美投資金額約200億至300億美元他也指

出全球企業目前承諾投入美國半導體製造的資金約達12兆美元其中也包括台灣在台

美貿易協議下的投資承諾隨著美方持續推動半導體製造回流台灣下一波對美投資內容

也受到外界關注

5完整新聞連結

6心得

美方以關稅強推製造業回流將產業鏈重塑為美國優先的落地競賽台灣企業大舉赴

美雖能取得關稅安全墊卻必須承擔成本飆升與供應鏈外移的雙重陣痛短期可鞏固美台

合作長期則考驗台灣矽盾核心技術留台的平衡與科技鏈的毛利耐受度","['媒體', '來源', 'FTNN', '新聞網', '記者', '署名', '林欣愉', '完整', '新聞', '標題', '溜嘴', '盧特', '尼克', '台灣', '下周', '宣布', '新一波', '對美', '投資', '證實川普', '晶片', '稅研擬', '完整', '新聞', '內文', '美國', '政府', '持續', '推動', '半導', '回流', '晶片', '關稅', '政策', '進展', '美國', '商務部長', '盧特', '尼克', 'Howard', 'Lutnick2', '接受', 'CNBC', '訪問', '時證', '實川普', '政府', '正在', '制定', '新一輪', '半導體', '關稅', '政策', '盧特', '尼克', '表示', '未來', '關稅', '措施', '將與', '企業', '是否', '美國', '生產掛', '美設', '獲得', '關稅', '抵減', '美國', '設廠', '業者則', '可能', '負擔', '相關', '關稅', '盧特', '尼克', '表示', '川普', '政府', '希望', '藉由', '關稅', '措施', '促使', '全球', '半導', '體業者', '增加', '美國境', '因此', '政策', '將以', '企業', '是否', '赴美', '生產作', '重要', '考量', '指出', '企業', '美國', '生產政', '府將', '提供', '關稅', '抵減', '反之', '海外', '可能', '面臨', '繳納', '關稅', '不過', '美國', '目前', '尚未', '公布', '確切', '稅率', '正式', '適用', '範圍', '根據', '美媒', 'Politico', '先前', '報導', '白宮', '研議', '大半', '導體', '相關', '關稅', '除了', '晶片', '本身', '筆記型', '電腦', '遊戲', '機及', '資料', '中心', '伺服器', '搭載', '晶片', '產品', '可能', '納入', '課稅', '範圍', '相關', '措施', '可能', '分階段', '實施', '對此', '外界', '擔憂', '此前', '川普', '部分', '先進', '半導體', '祭出', '25', '關稅', '擴大課', '稅範圍', '可能', '全球', '科技', '供應鏈', '帶來', '影響', '尤其', '美國', '目前', '大力', '擴建', 'AI', '資料', '中心', '晶片', '伺服器', '等產', '成本', '同步', '上升', '推高', 'AI', '基礎', '建設', '整體', '支出', '這項', '政策', '下台', '灣半導體', '科技', '供應', '赴美', '投資', '布局', '受到', '關注', '經濟部', '公布', '新盤點', '指出', '先前', '掌握', '20', '赴美', '投資', '企業', '原估', '投資金額', '350', '美元', '重新', '盤點', '規模', '增加', '200', '美元', '顯示', '台灣', '科技', '半導', '體業者', '持續', '擴大美國產能', '布局', '其中', '台積電', '已將', '美國', '投資', '規模', '提高', '2650', '美元', '其他', '半導體', 'AI', '供應鏈', '企業', '陸續', '此外', '外界', '先前', '關注', '台灣', '5000', '美元', '赴美', '投資並', '代表', '台灣', '企業將', '直接', '投入', '全部', '金額', '其中', '至少', '2500', '美元', '企業', '新增', '直接', '投資', '另外', '2500', '美元', '則是', '台灣', '政府', '提供', '保證', '部分', '合計', '5000', '美元', '盧特', '尼克', '透露', '台灣', '預計', '下周', '宣布', '新一波', '對美', '投資金額', '200', '億至', '300', '美元', '全球', '企業', '目前', '承諾', '投入', '美國', '半導', '12', '美元', '其中', '包括', '台灣', '美貿易', '協議', '投資承諾', '隨著', '美方', '持續', '推動', '半導', '回流', '台灣下', '一波', '投資', '內容', '受到', '外界', '關注', '完整', '新聞', '連結', '心得', '美方', '以關', '稅強', '回流', '將產業', '重塑', '美國', '優先', '落地', '競賽', '台灣', '企業', '大舉', '雖能', '取得', '關稅', '安全', '必須', '承擔', '成本', '飆升', '應鏈', '外移', '雙重', '陣痛', '短期', '鞏固', '美台', '合作', '期則', '考驗', '台灣', '矽盾', '核心', '技術', '留台', '平衡', '科技', '毛利', '耐受']",Positive,0.9601137638092041
M.1788409869.A.62A,Re: [標的] 6217 中探針 空,daniel0133,2026-09-03 12:31:07,6,https://www.ptt.cc/bbs/Stock/M.1788409869.A.62A.html,"有人說我漲停才發
今天漲高拉回，特地再發
持續看好
200加碼買進
之後再看情況調整

--","有人說我漲停才發
今天漲高拉回特地再發
持續看好
200加碼買進
之後再看情況調整","['有人', '今天', '漲高拉回', '特地', '再發', '持續', '看好', '200', '加碼', '買進', '之後再', '情況', '調整']",Positive,0.9953122138977051
M.1788406566.A.F1A,[新聞] 欣興：載板供貨極度告急…客戶搶著要貨 ,EstelleRinz,2026-09-03 11:36:03,爆,https://www.ptt.cc/bbs/Stock/M.1788406566.A.F1A.html,"聯合新聞網





2026-09-03 01:29 ／ 記者朱子呈／台北報導




國際半導體展（SEMICON Taiwan 2026）昨天開展，並舉辦大師論壇爐邊對談，簡山傑擔
任與談人之一，釋出以上觀點。

他提到，不僅載板產能極度告急，上游供應鏈也正處於極為關鍵的時刻，特別是關鍵設備
與核心材料，例如著名的ABF載板材料 T-Glass（電子級玻璃纖維布）絕大多數來自日本
，這些業者大多是中小型企業。過去一年多來，欣興已拜訪他們十數次，以因應市場及客
戶需求爆發。


簡山傑指出，AI持續演進，整條供應鏈正面對過去少見的需求強度。載板原本就供不應求
，如今客戶不只需要更多數量，產品規格也同步升級，讓業者必須一邊擴充產能，一邊處
理更高的製造難度。


欣興目前持續與客戶確認後續產能需求，並準備新廠，同時爭取土地、電力及人才等必要
資源。可喜的是，「現在已看到具體成果，新產能陸續開出」。他說，接下來仍需繼續與
日商緊密合作，為供應鏈建立更多的信心與韌性。


他強調，隨著載板尺寸、層數及設計複雜度提高，客戶也要求更低的熱膨脹係數、介電常
數及雜訊，並開始導入嵌入式結構與更複雜的多層設計。相關技術牽涉材料、設備及製造
等多個環節，無法由單一業者完成，必須由整條供應鏈建立更緊密的合作模式。


簡山傑轉任欣興董事長兼策略長之前，曾擔任聯電（2303）共同總經理，他也以在聯電的
經驗分享目前AI對半導體製造業的影響。他提到，這波AI需求也不只落在先進製程，先進
製程與成熟製程高度互補，儘管市場目光大多集中在2奈米等先進製程，成熟與特殊製程
仍是支撐AI生態系的重要角色。業者應把握新應用帶來的機會，持續投入創新，聚焦差異
化及高附加價值方案，不能只靠成本競爭。


他說，高頻寬記憶體、特殊記憶體、邏輯晶粒、整合深溝槽電容的中介層及矽光子，都可
能帶來新的需求。因此，成熟製程並非只是傳統市場，而是AI生態系不可缺少的一部分，
仍有許多機會可以進一步開發。


不過，欣興昨天股價終
止跌勢，在大盤重挫784點下，逆勢收紅，終場漲2元、收973元，外資從8月28日爭議爆發
以來，天天買超欣興，累計四個交易日已買超逾1萬張。


【記者鐘惠玲／台北報導】國際半導體展（SEMICON TAIWAN 2026）昨（2）日開幕，主辦
單位國際半導體產業協會（SEMI）總裁暨執行長馬諾查（Ajit Manocha）在開幕典禮致詞
時表示，估計2030年時，全球半導體產值將達2兆美元，主要是歸功於AI的驅動。


他提到，台灣的半導體生態系非常發達，過去30年來，台灣已經成為世界信賴的合作夥伴
，隨著AI發展，生態系勢必將進一步擴展，衍生的新機遇將驅動經濟增長，全世界都在關
注台灣。





董仔說話了

極度缺貨 客戶搶著要貨

大家不要太緊張

拉回就是買

甜甜價不撿嗎?


--","聯合新聞網





20260903 0129  記者朱子呈台北報導




國際半導體展SEMICON Taiwan 2026昨天開展並舉辦大師論壇爐邊對談簡山傑擔
任與談人之一釋出以上觀點

他提到不僅載板產能極度告急上游供應鏈也正處於極為關鍵的時刻特別是關鍵設備
與核心材料例如著名的ABF載板材料 TGlass電子級玻璃纖維布絕大多數來自日本
這些業者大多是中小型企業過去一年多來欣興已拜訪他們十數次以因應市場及客
戶需求爆發


簡山傑指出AI持續演進整條供應鏈正面對過去少見的需求強度載板原本就供不應求
如今客戶不只需要更多數量產品規格也同步升級讓業者必須一邊擴充產能一邊處
理更高的製造難度


欣興目前持續與客戶確認後續產能需求並準備新廠同時爭取土地電力及人才等必要
資源可喜的是現在已看到具體成果新產能陸續開出他說接下來仍需繼續與
日商緊密合作為供應鏈建立更多的信心與韌性


他強調隨著載板尺寸層數及設計複雜度提高客戶也要求更低的熱膨脹係數介電常
數及雜訊並開始導入嵌入式結構與更複雜的多層設計相關技術牽涉材料設備及製造
等多個環節無法由單一業者完成必須由整條供應鏈建立更緊密的合作模式


簡山傑轉任欣興董事長兼策略長之前曾擔任聯電2303共同總經理他也以在聯電的
經驗分享目前AI對半導體製造業的影響他提到這波AI需求也不只落在先進製程先進
製程與成熟製程高度互補儘管市場目光大多集中在2奈米等先進製程成熟與特殊製程
仍是支撐AI生態系的重要角色業者應把握新應用帶來的機會持續投入創新聚焦差異
化及高附加價值方案不能只靠成本競爭


他說高頻寬記憶體特殊記憶體邏輯晶粒整合深溝槽電容的中介層及矽光子都可
能帶來新的需求因此成熟製程並非只是傳統市場而是AI生態系不可缺少的一部分
仍有許多機會可以進一步開發


不過欣興昨天股價終
止跌勢在大盤重挫784點下逆勢收紅終場漲2元收973元外資從8月28日爭議爆發
以來天天買超欣興累計四個交易日已買超逾1萬張


記者鐘惠玲台北報導國際半導體展SEMICON TAIWAN 2026昨2日開幕主辦
單位國際半導體產業協會SEMI總裁暨執行長馬諾查Ajit Manocha在開幕典禮致詞
時表示估計2030年時全球半導體產值將達2兆美元主要是歸功於AI的驅動


他提到台灣的半導體生態系非常發達過去30年來台灣已經成為世界信賴的合作夥伴
隨著AI發展生態系勢必將進一步擴展衍生的新機遇將驅動經濟增長全世界都在關
注台灣





董仔說話了

極度缺貨 客戶搶著要貨

大家不要太緊張

拉回就是買

甜甜價不撿嗎","['聯合', '新聞網', '20260903', '0129', '記者', '朱子', '台北', '報導', '國際', '半導', '體展', 'SEMICON', 'Taiwan', '2026', '昨天', '開展', '並舉', '辦大師', '論壇', '爐邊', '簡山傑擔', '談人', '之一', '釋出', '以上', '觀點', '提到', '不僅載', '板產能', '極度', '告急', '上游', '供應', '正處', '極為', '關鍵', '時刻', '特別', '關鍵', '設備', '核心', '材料', '例如', '著名', 'ABF', '載板', '材料', 'TGlass', '電子級', '玻璃', '纖維布絕', '大多', '數來', '日本', '這些', '業者', '大多', '中小型', '企業過', '一年', '多來', '欣興', '拜訪', '他們', '十數次', '因應', '市場', '及客', '需求', '爆發', '簡山傑', '指出', 'AI', '持續', '演進', '整條', '應鏈', '正面', '對過', '少見', '需求', '強度', '載板', '原本', '應求', '如今', '客戶', '需要', '更多', '數量', '產品', '規格', '同步', '升級', '業者', '必須', '一邊', '擴充', '產能', '一邊', '欣興', '目前', '持續', '客戶確', '認後續', '產能', '需求', '並準備', '新廠', '同時', '爭取', '土地', '電力', '人才', '必要', '資源', '可喜', '看到', '具體', '成果', '新產能', '陸續', '開出', '接下', '需繼續', '日商', '緊密', '合作', '為供', '應鏈', '建立', '信心', '韌性', '強調', '隨著', '載板', '尺寸', '層數', '設計', '度提高', '客戶', '要求', '熱膨脹', '數介電常', '數及', '雜訊', '並開始', '導入', '嵌入式', '結構', '雜的', '多層', '設計', '相關', '技術', '牽涉', '材料', '設備', '多個', '環節', '無法', '單一業者', '完成', '必須', '整條', '應鏈', '建立', '緊密', '合作', '模式', '簡山傑', '轉任', '欣興', '董事', '策略', '之前', '擔任', '聯電', '2303', '共同', '總經理', '聯電', '經驗', '分享', '目前', 'AI', '對半導', '提到', '這波', 'AI', '需求', '成熟', '高度', '目光', '大多', '集中', '奈米', '成熟', '特殊', '支撐', 'AI', '生態', '重要', '角色', '業者', '把握', '新應用', '帶來', '機會', '持續', '投入', '創新', '聚焦', '差異', '化及', '附加', '價值', '方案', '不能', '只靠', '成本', '競爭', '高頻', '記憶體', '特殊', '記憶體', '邏輯', '晶粒', '整合', '深溝', '電容', '中介', '及矽', '光子', '能帶', '需求', '因此', '成熟', '只是', '傳統', '市場', '而是', 'AI', '生態系', '不可', '缺少', '一部分', '仍有', '許多', '機會', '可以', '一步', '開發', '不過', '欣興', '昨天', '股價終', '止跌', '大盤', '重挫', '784', '點下', '逆勢', '收紅', '終場', '元收', '973', '外資', '28', '日爭議', '爆發', '以來', '天天', '超欣興', '累計', '四個', '交易日', '已買超', '萬張', '記者', '鐘惠玲', '台北', '報導國際', '半導', '體展', 'SEMICON', 'TAIWAN', '2026', '開幕', '主辦', '單位', '國際', '半導', '體產業', '協會', 'SEMI', '總裁', '執行長', '諾查', 'Ajit', 'Manocha', '開幕典', '禮致', '表示', '估計', '2030', '年時', '全球', '半導', '體產值', '將達', '美元', '主要', '歸功', 'AI', '驅動', '提到', '台灣', '半導體', '生態系', '非常', '發達過', '30', '年來', '台灣', '經成', '世界', '信賴', '合作', '夥伴', '隨著', 'AI', '發展', '生態', '系勢', '必將', '一步', '擴展', '衍生', '新機', '遇將', '驅動', '經濟', '增長', '全世界', '在關', '注台灣', '董仔', '極度', '缺貨', '客戶', '要貨', '大家', '不要', '太緊', '就是', '甜甜', '價不']",Positive,0.9982388019561768
M.1788398370.A.046,[新聞] AI需求增速30年未見！台積電設備需求半年,sayforever69,2026-09-03 09:19:28,82,https://www.ptt.cc/bbs/Stock/M.1788398370.A.046.html,"AI需求增速30年未見！台積電設備需求半年暴增90％

 

 2026/09/02 17:27

 記者林薏茹／台北報導



台積電（2330）資深副總經理暨副共同營運長侯永清今（2）日表示，AI對產能有非常大
的需求，與過去30年相比，從未看過需求以如此快速、如此高的頻率成長，以設備需求預
估來看，假如去年底對設備的需求是1倍，一季之後，設備需求已增加到1.5倍，今年7月
更進一步成長至1.9倍。

SEMICON Taiwan 2026今日舉辦大師論壇暨全球生態系高峰會，爐邊對談壓軸登場。對於
AI需求快速成長，侯永清談及台積電目前觀察到、以及正在面對的挑戰。

侯永清指出，第一是產能，也就是支撐AI成長的引擎，AI對產能有非常龐大的需求，光是
去年底到今年7月，台積電對設備需求的預估就成長達90%、將近翻倍，整個台灣半導體生
態系要怎麼在短短6個月內，應付如此快速的需求成長，這是目前面臨的一大挑戰。

另一個挑戰是技術。侯永清表示，AI需要強大的運算能力及能源效率，對封裝技術及整體
系統效能的需求，成長速度比過去快很多，供應鏈的合作模式也需要改變，「必須確保某
一個階段所實現的效能，到了下一個合作夥伴的階段之後，仍然能夠被實現」，這需要一
種全新的合作模式。

為因應產能瓶頸帶來的挑戰，侯永清說，不只是台積電，台灣所有的生態系夥伴，都在加
倍努力，加快所有產能建設以滿足需求，為了支應客戶需求，台積電目前在台灣同步興建
13座廠，這是過去從來沒有做過的事，同時，在全球其他地區還有5至6座廠正在興建，總
計接近20座廠，過去一次大概只能進行4、5座廠的建設，現在規模已經大幅增加，「但即
使如此，還是無法滿足需求」。




台積電副總表示設備需求到今年7月的時候已經增長到1.9倍
AI讓台積電對設備的需求預估成長到90% ，仍然趕不上台積電擴廠發展的速度
也坦言不只是台積電，台灣所有的生態系夥伴，都在加倍努力，
加快所有產能建設以滿足需求，為了支應客戶需求，台積電目前在台灣同步興建13座廠，
這是過去從來沒有做過的事，同時，在全球其他地區還有5至6座廠正在興建，
總計接近20座廠，過去一次大概只能進行4、5座廠的建設，現在規模已經大幅增加，
「但即使如此，還是無法滿足需求」。

目前設備廠趕不上台積電需求的速度，AI發展的實在太快
需求越來越多 , 供應速度也要持續更上才能讓整體更加快速發展

--","AI需求增速30年未見台積電設備需求半年暴增90

 

 20260902 1727

 記者林薏茹台北報導



台積電2330資深副總經理暨副共同營運長侯永清今2日表示AI對產能有非常大
的需求與過去30年相比從未看過需求以如此快速如此高的頻率成長以設備需求預
估來看假如去年底對設備的需求是1倍一季之後設備需求已增加到15倍今年7月
更進一步成長至19倍

SEMICON Taiwan 2026今日舉辦大師論壇暨全球生態系高峰會爐邊對談壓軸登場對於
AI需求快速成長侯永清談及台積電目前觀察到以及正在面對的挑戰

侯永清指出第一是產能也就是支撐AI成長的引擎AI對產能有非常龐大的需求光是
去年底到今年7月台積電對設備需求的預估就成長達90將近翻倍整個台灣半導體生
態系要怎麼在短短6個月內應付如此快速的需求成長這是目前面臨的一大挑戰

另一個挑戰是技術侯永清表示AI需要強大的運算能力及能源效率對封裝技術及整體
系統效能的需求成長速度比過去快很多供應鏈的合作模式也需要改變必須確保某
一個階段所實現的效能到了下一個合作夥伴的階段之後仍然能夠被實現這需要一
種全新的合作模式

為因應產能瓶頸帶來的挑戰侯永清說不只是台積電台灣所有的生態系夥伴都在加
倍努力加快所有產能建設以滿足需求為了支應客戶需求台積電目前在台灣同步興建
13座廠這是過去從來沒有做過的事同時在全球其他地區還有5至6座廠正在興建總
計接近20座廠過去一次大概只能進行45座廠的建設現在規模已經大幅增加但即
使如此還是無法滿足需求




台積電副總表示設備需求到今年7月的時候已經增長到19倍
AI讓台積電對設備的需求預估成長到90 仍然趕不上台積電擴廠發展的速度
也坦言不只是台積電台灣所有的生態系夥伴都在加倍努力
加快所有產能建設以滿足需求為了支應客戶需求台積電目前在台灣同步興建13座廠
這是過去從來沒有做過的事同時在全球其他地區還有5至6座廠正在興建
總計接近20座廠過去一次大概只能進行45座廠的建設現在規模已經大幅增加
但即使如此還是無法滿足需求

目前設備廠趕不上台積電需求的速度AI發展的實在太快
需求越來越多  供應速度也要持續更上才能讓整體更加快速發展","['AI', '需求', '增速', '30', '台積電', '設備', '需求', '半年', '暴增', '90', '20260902', '1727', '記者', '林薏茹', '台北', '報導', '台積電', '2330', '資深', '總經理', '共同', '營運長', '永清', '表示', 'AI', '對產能', '非常', '需求', '過去', '30', '相比', '看過', '需求', '如此', '快速', '如此', '頻率', '成長', '設備', '需求', '估來', '假如', '去年底', '設備', '需求', '一季', '之後設備', '需求', '增加', '15', '今年', '更進', '一步', '成長', '19', 'SEMICON', 'Taiwan', '2026', '今日', '舉辦', '大師', '論壇', '全球', '生態系', '高峰', '會爐邊', '壓軸登場', 'AI', '需求', '快速', '成長', '永清', '談及', '台積電', '目前', '觀察到', '以及', '正在', '面對', '挑戰', '永清', '指出', '第一', '產能', '就是', '支撐', 'AI', '成長', '引擎', 'AI', '對產能', '非常', '龐大', '需求', '光是', '去年底', '今年', '台積電', '設備', '需求', '預估', '成長', '90', '將近', '翻倍', '整個', '台灣', '半導', '體生', '態系', '怎麼', '短短', '應付', '如此', '快速', '需求', '成長', '這是', '目前', '面臨', '一大', '挑戰', '一個', '挑戰', '技術侯', '永清', '表示', 'AI', '需要', '強大', '運算', '能力', '能源', '效率', '封裝', '技術', '整體', '系統', '效能', '需求', '成長', '速度', '比過', '很多', '供應', '合作', '模式', '需要', '改變', '必須', '確保', '一個', '階段', '實現', '效能', '一個', '合作', '夥伴', '階段', '仍然', '能夠', '實現', '需要', '全新', '合作', '模式', '應產能', '挑戰侯', '永清', '只是', '台積電', '台灣', '所有', '生態', '系夥伴', '努力', '加快', '所有', '產能', '建設', '滿足', '需求', '支應', '客戶', '需求', '台積電', '目前', '台灣', '同步', '興建', '13', '座廠', '這是', '過去', '做過', '同時', '全球', '其他', '地區', '還有', '座廠', '正在', '興建', '接近', '20', '座廠', '過去', '一次', '大概', '只能', '進行', '45', '座廠', '建設現', '規模', '已經', '大幅', '增加', '如此', '還是', '無法', '滿足', '需求', '台積電', '表示', '設備', '需求', '今年', '時候', '已經', '增長', '19', 'AI', '台積電', '設備', '需求', '估成', '90', '仍然', '趕不上', '台積電', '擴廠', '發展', '速度', '坦言', '只是', '台積電', '台灣', '所有', '生態', '系夥伴', '加倍努力', '加快', '所有', '產能', '建設', '滿足', '需求', '支應', '客戶', '需求', '台積電', '目前', '台灣', '同步', '興建', '13', '座廠', '這是', '過去', '做過', '同時', '全球', '其他', '地區', '還有', '座廠', '正在', '興建', '總計', '接近', '20', '座廠', '過去', '一次', '大概', '只能', '進行', '45', '座廠', '建設現', '規模', '已經', '大幅', '增加', '即使如此', '還是', '無法', '滿足', '需求', '目前', '設備', '趕不上', '台積電', '需求', '速度', 'AI', '發展', '實在', '太快', '需求', '越來', '供應', '速度', '持續', '才能', '整體', '更加', '快速', '發展']",Positive,0.9968337416648865
M.1788395404.A.E6C,[閒聊] 2026/09/03 盤中閒聊,laptic,2026-09-03 08:30:00,爆,https://www.ptt.cc/bbs/Stock/M.1788395404.A.E6C.html,"==================115/09/03台股資訊重點整理，供股民做投資參考=================


台指期未平倉口數 自營商  () 投信  ()
                 外資  ()
台指選未平倉口數 自營商  () 投信  ()
                 外資  ()


==============================================================================



--

乾坤局布幾輸贏，黑白分明意未平；

過客匆匆皆落子，憑欄笑看局中形。






作者：@shalink_



--

長亭外，古道邊，芳草碧連天。晚風拂柳笛聲殘，夕陽山外山。
天之涯，地之角，知交半零落。一壺濁酒盡餘歡，今宵別夢寒。
長亭外，古道邊，芳草碧連天。問君此去幾時還，來時莫徘徊。
天之涯，地之角，知交半零落。人生難得是歡聚，惟有別離多。
　　　　　　　　　　　　　　　　　　　　　　　　　　——【現代】李叔同《送別》

--","1150903台股資訊重點整理供股民做投資參考


台指期未平倉口數 自營商   投信  
                 外資  
台指選未平倉口數 自營商   投信  
                 外資  








乾坤局布幾輸贏黑白分明意未平

過客匆匆皆落子憑欄笑看局中形






作者shalink","['1150903', '台股', '資訊', '重點', '整理', '股民', '投資', '參考', '指期', '未平', '倉口數', '自營商', '投信', '外資', '台指', '選未平', '倉口數', '自營商', '投信', '外資', '乾坤', '局布', '幾輸贏', '黑白分明', '意未平', '過客', '匆匆', '落子', '憑欄', '看局', '中形', '作者', 'shalink']",Positive,0.948688805103302
M.1788388351.A.22B,Re: [新聞] GTA6影響力有多恐怖？上市日恐讓美國經,Subaru5566,2026-09-03 06:32:28,27,https://www.ptt.cc/bbs/Stock/M.1788388351.A.22B.html,"上面在講GTA 6也在Netflix上傳這27分鐘的影片，觀看次數是上星期整個平台
最多。

我以為影片出來，一片好評，我就給洨買了一些Rockstar母公司Two Two Interactive
的股票。

直到現在我快虧了9%，還在考慮什麼時候要再加碼，來逢低買進QQ

--
我以為預告出來後，會井噴一波","上面在講GTA 6也在Netflix上傳這27分鐘的影片觀看次數是上星期整個平台
最多

我以為影片出來一片好評我就給洨買了一些Rockstar母公司Two Two Interactive
的股票

直到現在我快虧了9還在考慮什麼時候要再加碼來逢低買進QQ","['上面', '在講', 'GTA', 'Netflix', '上傳', '27', '分鐘', '影片', '觀看', '次數', '上星期', '整個', '平台', '影片', '出來', '一片', '好評', '就給', '一些', 'Rockstar', '母公司', 'Two', 'Two', 'Interactive', '股票', '直到', '現在', '還在', '考慮', '什麼', '時候', '加碼', 'QQ']",Positive,0.7955154776573181
M.1788376179.A.F63,[情報] 主動ETF/外資共同買賣超排行 (9/2),terransis,2026-09-03 03:09:36,1,https://www.ptt.cc/bbs/Stock/M.1788376179.A.F63.html,"標題：主動ETF/外資共同買賣超排行 (9/2)

來源：Marffet

網址：

內文：

股票             投信主動ETF(千元)   外資(千元)   合計(千元)  漲跌幅
------------------------------------------------------------
2455全新                  +104,606   +1,487,511   +1,592,117  +3.44%
3231緯創                   +60,658   +1,310,726   +1,371,384  +1.92%
2301光寶科                 +62,370     +967,982   +1,030,352  +4.83%
3081聯亞                   +30,555     +348,514     +379,069  -0.88%
6415矽力*-KY                +8,094     +343,503     +351,597  +1.79%
3450聯鈞                  +144,480     +173,508     +317,988  -3.68%
2845遠東銀                  +1,329     +180,640     +181,970  除權息
3702大聯大                 +17,850      +40,065      +57,915  +1.49%
9802鈺齊-KY                 +7,931       +2,639      +10,570  +0.56%
3617碩天                    -2,988         -445       -3,433  -0.99%
2476鉅祥                    -1,130      -14,484      -15,614  -1.57%
5347世界                      -150      -37,498      -37,648  -2.61%
2395研華                   -24,912      -18,267      -43,179  -2.67%
3265台星科                  -4,820      -41,190      -46,009  -2.19%
5425台半                    -2,128      -62,160      -64,288  -2.84%
6944兆聯實業                -9,926      -61,631      -71,557  -1.39%
6672騰輝電子-KY             -1,088      -89,470      -90,558  -2.33%
3026禾伸堂                     -69      -93,234      -93,302  -6.16%
2376技嘉                    -4,700      -89,418      -94,118  +0.70%
1301台塑                    -2,672      -97,473     -100,145  -1.47%
6187萬潤                   -34,840      -74,119     -108,959  -2.55%
3090日電貿                  -4,212     -125,161     -129,374  -2.60%
2337旺宏                  -113,283      -31,730     -145,013  +0.41%
3167大量                   -17,028     -135,856     -152,884  -3.25%
3661世芯-KY                -16,800     -179,836     -196,636  -1.75%
6196帆宣                   -20,172     -186,842     -207,014  -2.96%
2883凱基金                 -25,880     -231,607     -257,486  +1.57%
1560中砂                   -19,712     -239,418     -259,130  -5.38%
2615萬海                      -896     -286,343     -287,239  -2.18%
5289宜鼎                   -29,820     -302,950     -332,770  -2.07%
5483中美晶                  -4,475     -330,246     -334,721  -2.45%
2360致茂                   -61,225     -331,350     -392,575  -2.71%
6213聯茂                   -17,688     -458,869     -476,557  -2.55%
2059川湖                   -41,595     -454,009     -495,604  -2.01%
3491昇達科                 -23,120     -598,851     -621,971  -2.36%
5536聖暉*                   -3,292     -680,205     -683,497  -6.80%
3529力旺                  -129,330     -603,154     -732,484  -9.28%
2345智邦                  -338,120     -645,884     -984,004  -2.95%
2383台光電                 -87,120   -1,174,683   -1,261,803  -3.46%
2404漢唐                   -26,650   -1,442,843   -1,469,493  -6.82%
6488環球晶                  -7,736   -1,677,868   -1,685,604  -2.72%
3711日月光投控          -2,047,364   -1,379,225   -3,426,589  -3.44%
2303聯電                  -168,966   -5,685,101   -5,854,067  -4.91%
2327國巨*                  -18,954   -9,027,892   -9,046,846  -4.93%
2308台達電                -243,930  -12,161,424  -12,405,354  -7.24%
2330台積電                -962,824  -28,588,954  -29,551,779  -2.25%

又在提款GG

--
Marffet showcase:



瑤姐持股


--","標題主動ETF外資共同買賣超排行 92

來源Marffet

網址

內文

股票             投信主動ETF千元   外資千元   合計千元  漲跌幅

2455全新                  104606   1487511   1592117  344
3231緯創                   60658   1310726   1371384  192
2301光寶科                 62370     967982   1030352  483
3081聯亞                   30555     348514     379069  088
6415矽力KY                8094     343503     351597  179
3450聯鈞                  144480     173508     317988  368
2845遠東銀                  1329     180640     181970  除權息
3702大聯大                 17850      40065      57915  149
9802鈺齊KY                 7931       2639      10570  056
3617碩天                    2988         445       3433  099
2476鉅祥                    1130      14484      15614  157
5347世界                      150      37498      37648  261
2395研華                   24912      18267      43179  267
3265台星科                  4820      41190      46009  219
5425台半                    2128      62160      64288  284
6944兆聯實業                9926      61631      71557  139
6672騰輝電子KY             1088      89470      90558  233
3026禾伸堂                     69      93234      93302  616
2376技嘉                    4700      89418      94118  070
1301台塑                    2672      97473     100145  147
6187萬潤                   34840      74119     108959  255
3090日電貿                  4212     125161     129374  260
2337旺宏                  113283      31730     145013  041
3167大量                   17028     135856     152884  325
3661世芯KY                16800     179836     196636  175
6196帆宣                   20172     186842     207014  296
2883凱基金                 25880     231607     257486  157
1560中砂                   19712     239418     259130  538
2615萬海                      896     286343     287239  218
5289宜鼎                   29820     302950     332770  207
5483中美晶                  4475     330246     334721  245
2360致茂                   61225     331350     392575  271
6213聯茂                   17688     458869     476557  255
2059川湖                   41595     454009     495604  201
3491昇達科                 23120     598851     621971  236
5536聖暉                   3292     680205     683497  680
3529力旺                  129330     603154     732484  928
2345智邦                  338120     645884     984004  295
2383台光電                 87120   1174683   1261803  346
2404漢唐                   26650   1442843   1469493  682
6488環球晶                  7736   1677868   1685604  272
3711日月光投控          2047364   1379225   3426589  344
2303聯電                  168966   5685101   5854067  491
2327國巨                  18954   9027892   9046846  493
2308台達電                243930  12161424  12405354  724
2330台積電                962824  28588954  29551779  225

又在提款GG","['標題', '主動', 'ETF', '外資', '共同', '買賣', '排行', '92', '來源', 'Marffet', '網址', '內文', '股票', '投信', '主動', 'ETF', '千元', '外資', '千元', '合計', '千元', '跌幅', '2455', '全新', '104606', '1487511', '1592117', '344', '3231', '緯創', '60658', '1310726', '1371384', '192', '2301', '光寶科', '62370', '967982', '1030352', '483', '3081', '聯亞', '30555', '348514', '379069', '088', '6415', '矽力', 'KY', '8094', '343503', '351597', '179', '3450', '聯鈞', '144480', '173508', '317988', '368', '2845', '遠東', '1329', '180640', '181970', '除權息', '3702', '大聯大', '17850', '40065', '57915', '149', '9802', '鈺齊', 'KY', '7931', '2639', '10570', '056', '3617', '碩天', '2988', '445', '3433', '099', '2476', '1130', '14484', '15614', '157', '5347', '世界', '150', '37498', '37648', '261', '2395', '研華', '24912', '18267', '43179', '267', '3265', '台星科', '4820', '41190', '46009', '219', '5425', '台半', '2128', '62160', '64288', '284', '6944', '聯實業', '9926', '61631', '71557', '139', '6672', '騰輝', '電子', 'KY', '1088', '89470', '90558', '233', '3026', '伸堂', '69', '93234', '93302', '616', '2376', '技嘉', '4700', '89418', '94118', '070', '1301', '台塑', '2672', '97473', '100145', '147', '6187', '萬潤', '34840', '74119', '108959', '255', '3090', '日電貿', '4212', '125161', '129374', '260', '2337', '旺宏', '113283', '31730', '145013', '041', '3167', '大量', '17028', '135856', '152884', '325', '3661', '世芯', 'KY', '16800', '179836', '196636', '175', '6196', '帆宣', '20172', '186842', '207014', '296', '2883', '基金', '25880', '231607', '257486', '157', '1560', '中砂', '19712', '239418', '259130', '538', '2615', '萬海', '896', '286343', '287239', '218', '5289', '宜鼎', '29820', '302950', '332770', '207', '5483', '中美晶', '4475', '330246', '334721', '245', '2360', '致茂', '61225', '331350', '392575', '271', '6213', '聯茂', '17688', '458869', '476557', '255', '2059', '川湖', '41595', '454009', '495604', '201', '3491', '達科', '23120', '598851', '621971', '236', '5536', '聖暉', '3292', '680205', '683497', '680', '3529', '力旺', '129330', '603154', '732484', '928', '2345', '智邦', '338120', '645884', '984004', '295', '2383', '台光電', '87120', '1174683', '1261803', '346', '2404', '漢唐', '26650', '1442843', '1469493', '682', '6488', '環球晶', '7736', '1677868', '1685604', '272', '3711', '月光', '投控', '2047364', '1379225', '3426589', '344', '2303', '聯電', '168966', '5685101', '5854067', '491', '2327', '國巨', '18954', '9027892', '9046846', '493', '2308', '台達電', '243930', '12161424', '12405354', '724', '2330', '台積電', '962824', '28588954', '29551779', '225', '提款', 'GG']",Positive,0.8909435868263245
M.1788372922.A.34A,[情報] 9/2 主動ETF買賣超,gogoqaz,2026-09-03 02:15:18,0,https://www.ptt.cc/bbs/Stock/M.1788372922.A.34A.html,"標題：主動ETF持股買賣超 (9/2)

來源：

網址：

內文：

9/2  台股主動ETF買超前十名

代碼  名稱      買超(萬)  變動張數 漲跌幅%  主要來源
5274  信驊      124,075   70       3.53%    00403A
1303  南亞      56,810    2,392    1.28%    00403A
6510  精測      35,380    103      9.92%    00981A
2454  聯發科    31,208    73       -0.93%   00406A
8996  高力      21,505    170      7.66%    00407A
2449  京元電    15,473    572      -3.05%   00406A
2317  鴻海      15,060    600      -1.95%   00406A
3450  聯鈞      14,448    240      -3.68%   00403A
2882  國泰金    13,080    1,200    -1.80%   00403A
2455  全新      10,461    193      3.44%    00993A

---------------------
9/2  台股主動ETF賣超前十名

代碼  名稱      賣超(萬)  變動張數 漲跌幅%  主要來源
3711  日月光    -204,736  -3,476   -3.44%   00981A
2330  台積電    -72,266   -303     -2.25%   00403A
6669  緯穎      -53,997   -207     - 0.19%  00982A
3017  奇鋐      -42,699   -129     - 2.93%  00405A
6805  富世達    -42,200   -200     - 7.66%  00403A
2344  華邦電    -39,989   -2,234   1.70%    00403A
3653  健策      -38,082   -66      - 1.95%  00405A
6274  台燿      -36,801   -261     - 2.76%  00991A
2345  智邦      -33,812   -158     - 2.95%  00991A
2308  台達電    -24,393   -141     - 7.24%  00403A

總買進(億元)：40     | 總賣出(億元)：-82
主動ETF買賣超(億元)：-42

資料說明：台股主動ETF共15檔買賣超總計追蹤 32 檔,當日已揭露持股 22 檔

幫T大貼一下 今天好像不少app都因為緯穎除權算錯XD


--","標題主動ETF持股買賣超 92

來源

網址

內文

92  台股主動ETF買超前十名

代碼  名稱      買超萬  變動張數 漲跌幅  主要來源
5274  信驊      124075   70       353    00403A
1303  南亞      56810    2392    128    00403A
6510  精測      35380    103      992    00981A
2454  聯發科    31208    73       093   00406A
8996  高力      21505    170      766    00407A
2449  京元電    15473    572      305   00406A
2317  鴻海      15060    600      195   00406A
3450  聯鈞      14448    240      368   00403A
2882  國泰金    13080    1200    180   00403A
2455  全新      10461    193      344    00993A


92  台股主動ETF賣超前十名

代碼  名稱      賣超萬  變動張數 漲跌幅  主要來源
3711  日月光    204736  3476   344   00981A
2330  台積電    72266   303     225   00403A
6669  緯穎      53997   207      019  00982A
3017  奇鋐      42699   129      293  00405A
6805  富世達    42200   200      766  00403A
2344  華邦電    39989   2234   170    00403A
3653  健策      38082   66       195  00405A
6274  台燿      36801   261      276  00991A
2345  智邦      33812   158      295  00991A
2308  台達電    24393   141      724  00403A

總買進億元40      總賣出億元82
主動ETF買賣超億元42

資料說明台股主動ETF共15檔買賣超總計追蹤 32 檔當日已揭露持股 22 檔

幫T大貼一下 今天好像不少app都因為緯穎除權算錯XD","['標題', '主動', 'ETF', '持股', '買賣', '92', '來源', '網址', '內文', '92', '台股', '主動', 'ETF', '超前', '十名', '代碼', '名稱', '超萬', '變動', '張數', '跌幅', '主要', '來源', '5274', '信驊', '124075', '70', '353', '00403A', '1303', '南亞', '56810', '2392', '128', '00403A', '6510', '精測', '35380', '103', '992', '00981A', '2454', '聯發科', '31208', '73', '093', '00406A', '8996', '21505', '170', '766', '00407A', '2449', '京元電', '15473', '572', '305', '00406A', '2317', '鴻海', '15060', '600', '195', '00406A', '3450', '聯鈞', '14448', '240', '368', '00403A', '2882', '國泰金', '13080', '1200', '180', '00403A', '2455', '全新', '10461', '193', '344', '00993A', '92', '台股', '主動', 'ETF', '超前', '十名', '代碼', '名稱', '超萬', '變動', '張數', '跌幅', '主要', '來源', '3711', '月光', '204736', '3476', '344', '00981A', '2330', '台積電', '72266', '303', '225', '00403A', '6669', '緯穎', '53997', '207', '019', '00982A', '3017', '42699', '129', '293', '00405A', '6805', '富世達', '42200', '200', '766', '00403A', '2344', '華邦電', '39989', '2234', '170', '00403A', '3653', '健策', '38082', '66', '195', '00405A', '6274', '36801', '261', '276', '00991A', '2345', '智邦', '33812', '158', '295', '00991A', '2308', '台達電', '24393', '141', '724', '00403A', '總買進', '億元', '40', '總賣', '億元', '82', '主動', 'ETF', '買賣', '超億元', '42', '資料', '明台', '股主動', 'ETF', '15', '檔買', '超總計', '32', '檔當', '揭露', '持股', '22', '大貼', '一下', '今天', '好像', '不少', 'app', '因為', '緯穎除', '權算錯', 'XD']",Positive,0.7785622477531433
M.1788364093.A.CE5,[情報] 4743 合一 115年8月營收,BlueBird5566,2026-09-02 23:48:11,26,https://www.ptt.cc/bbs/Stock/M.1788364093.A.CE5.html,"標題：4743 合一 115年8月營收

來源：公開資訊觀測站
(公司名、網站名)

網址：
(請善用縮網址工具)

內文：


本資料由　(上櫃公司)合一　公司提供
民國115年08月   單位：新台幣仟元

項目    營業收入淨額
本月      5,913
去年同期          9,758
增減金額          -3,845
增減百分比        
本年累計          91,119
去年累計          78,993
增減金額          12,126
增減百分比        
備註 / 營收變化原因說明




1月12,779
2月 9,464
3月14,375
4月21,656
5月 7,785
6月10,468
7月 8,679
8月

--","標題4743 合一 115年8月營收

來源公開資訊觀測站
公司名網站名

網址
請善用縮網址工具

內文


本資料由　上櫃公司合一　公司提供
民國115年08月   單位新台幣仟元

項目    營業收入淨額
本月      5913
去年同期          9758
增減金額          3845
增減百分比        
本年累計          91119
去年累計          78993
增減金額          12126
增減百分比        
備註  營收變化原因說明




1月12779
2月 9464
3月14375
4月21656
5月 7785
6月10468
7月 8679
8月","['標題', '4743', '合一', '115', '營收', '來源', '公開', '資訊', '觀測', '公司', '名網', '站名', '網址', '善用', '縮網址', '工具', '內文', '本資料', '上櫃', '公司', '合一', '公司', '提供', '民國', '115', '08', '單位', '台幣', '項目', '營業', '收入', '淨額', '本月', '5913', '去年同期', '9758', '增減', '金額', '3845', '增減', '百分比', '本年', '累計', '91119', '去年', '累計', '78993', '增減', '金額', '12126', '增減', '百分比', '營收', '變化', '原因', '說明', '12779', '9464', '14375', '21656', '7785', '10468', '8679']",Positive,0.9204205274581909
M.1788362936.A.C75,[新聞] 中共終止外籍個人股息免稅 32年優惠取消,Su22,2026-09-02 23:28:54,72,https://www.ptt.cc/bbs/Stock/M.1788362936.A.C75.html,"中共終止外籍個人股息免稅 32年優惠取消



2026-09-02 02:38

徐亦揚



中共財政部、稅務總局9月1日實行32年的政策。新規，從外商投資企業獲得分紅，將按繳納個人所得稅。


根據兩部門發布的公告，外商投資企業向外籍個人支付分紅時，須代扣代繳個人所得稅，
並於支付所得的次月15日內申報繳納。

外商投資企業未扣繳稅款的，外籍個人須在取得所得的次年6月30日前繳納稅款；稅務機
關另行規定期限的，須在規定期限內繳納稅款。

公告同時廢止1994年出台的相關免稅規定，自發布當天起執行，未列出過渡安排。

值得注意的是，中共國務院早在2013年就提出取消這項免稅政策，相隔13年才正式實施。

相關消息引發討論。一名財經博主將這次調整概括為：「32年的免稅期，0天的過渡期。
」

X平台網民「Finding」質疑：「」並諷刺道，過去新華社旗下智
庫喊「別讓李嘉誠跑了」，如今則成了「不要讓洋人跑了」。

據《南華早報》報導，稅務熱線人員當天無法確認，新規是否涵蓋港澳台人士以及居住在
境外的外國股東。

報導援引稅務諮詢機構表示，符合條件的外國股東可能依據中國與相關國家簽訂的稅收協
定申請較低稅率，但仍須核查稅收居民身分及協定適用條件。

「稅負不會增加」說法受質疑
中共官媒將取消這項優惠解釋為推進「全國統一大市場」、清理稅收優惠及堵塞稅收漏洞
。

中共財政科學研究院公共收入研究中心主任梁季稱，歐美等國家通常對居民的海外收入徵
稅，外籍個人在中國繳納的稅款可以從其在所在國家應繳稅款中抵扣，因此實際稅負「不
會增加」。

不過，《南華早報》援引稅務諮詢機構分析認為，能否抵免以及可以抵免多少，取決於個
人的稅收居民身分、所在國家或地區的稅法，以及雙邊稅收協定。如果當地稅率較低，或
不對這筆分紅徵稅，在中國繳納的稅款可能無法全部抵免，實際稅負未必不會增加。


。中共國家統計局數據顯示，今年第二季度
經濟同比增長4.3%，低於第一季度的5%；前7個月社會消費品零售總額僅增長1.2%。

中共財政部數據顯示，2025年全國一般公共預算收入下降1.7%，全年財政赤字5.66萬億元
；今年前7個月，地方政府土地出讓收入大跌30.8%，降至1.17萬億元。

據中央社報導，中共近年以建設「全國統一大市場」為名，陸續取消各地特殊的招商優惠
政策。報導稱，，並要求企業按照員工真實工資繳納社保，不得通過低報工資減少繳費。中央
社將這次取消外籍個人分紅免稅，視為中共近期擴大稅收及社保徵繳的又一項動作。

2025年以來，北京、上海、江蘇及浙江等地稅務部門已要求部分通過境外券商買賣港股、
美股的大陸居民申報2022年至2024年的境外投資收益並補繳稅款。

今年7月，中共財政部、稅務總局還發布離岸信託個稅新規，要求居民個人在公告實施之
日起90日內，申報繳納2023年至2025年間將財產裝入離岸信託產生的應繳未繳稅款。


中國忽然取消免稅措施
即刻生效
聽說不少台商可能受影響,特別是直接以個人名義持股的台商
最近中國蠻多措施都是針對個人
有投資中國股市的網友要注意繳稅規範造成的報酬下降

--

--
但美股長期比較會漲,且美股股息發的不多吧?","中共終止外籍個人股息免稅 32年優惠取消



20260902 0238

徐亦揚



中共財政部稅務總局9月1日實行32年的政策新規從外商投資企業獲得分紅將按繳納個人所得稅


根據兩部門發布的公告外商投資企業向外籍個人支付分紅時須代扣代繳個人所得稅
並於支付所得的次月15日內申報繳納

外商投資企業未扣繳稅款的外籍個人須在取得所得的次年6月30日前繳納稅款稅務機
關另行規定期限的須在規定期限內繳納稅款

公告同時廢止1994年出台的相關免稅規定自發布當天起執行未列出過渡安排

值得注意的是中共國務院早在2013年就提出取消這項免稅政策相隔13年才正式實施

相關消息引發討論一名財經博主將這次調整概括為32年的免稅期0天的過渡期


X平台網民Finding質疑並諷刺道過去新華社旗下智
庫喊別讓李嘉誠跑了如今則成了不要讓洋人跑了

據南華早報報導稅務熱線人員當天無法確認新規是否涵蓋港澳台人士以及居住在
境外的外國股東

報導援引稅務諮詢機構表示符合條件的外國股東可能依據中國與相關國家簽訂的稅收協
定申請較低稅率但仍須核查稅收居民身分及協定適用條件

稅負不會增加說法受質疑
中共官媒將取消這項優惠解釋為推進全國統一大市場清理稅收優惠及堵塞稅收漏洞


中共財政科學研究院公共收入研究中心主任梁季稱歐美等國家通常對居民的海外收入徵
稅外籍個人在中國繳納的稅款可以從其在所在國家應繳稅款中抵扣因此實際稅負不
會增加

不過南華早報援引稅務諮詢機構分析認為能否抵免以及可以抵免多少取決於個
人的稅收居民身分所在國家或地區的稅法以及雙邊稅收協定如果當地稅率較低或
不對這筆分紅徵稅在中國繳納的稅款可能無法全部抵免實際稅負未必不會增加


中共國家統計局數據顯示今年第二季度
經濟同比增長43低於第一季度的5前7個月社會消費品零售總額僅增長12

中共財政部數據顯示2025年全國一般公共預算收入下降17全年財政赤字566萬億元
今年前7個月地方政府土地出讓收入大跌308降至117萬億元

據中央社報導中共近年以建設全國統一大市場為名陸續取消各地特殊的招商優惠
政策報導稱並要求企業按照員工真實工資繳納社保不得通過低報工資減少繳費中央
社將這次取消外籍個人分紅免稅視為中共近期擴大稅收及社保徵繳的又一項動作

2025年以來北京上海江蘇及浙江等地稅務部門已要求部分通過境外券商買賣港股
美股的大陸居民申報2022年至2024年的境外投資收益並補繳稅款

今年7月中共財政部稅務總局還發布離岸信託個稅新規要求居民個人在公告實施之
日起90日內申報繳納2023年至2025年間將財產裝入離岸信託產生的應繳未繳稅款


中國忽然取消免稅措施
即刻生效
聽說不少台商可能受影響特別是直接以個人名義持股的台商
最近中國蠻多措施都是針對個人
有投資中國股市的網友要注意繳稅規範造成的報酬下降","['中共', '終止', '外籍', '股息', '免稅', '32', '優惠', '取消', '20260902', '0238', '徐亦揚', '中共', '財政部', '稅務', '總局', '實行', '32', '政策', '新規', '外商', '投資', '企業', '得分', '紅將', '繳納個', '所得', '根據', '兩部門', '發布', '公告', '外商', '投資', '企業', '外籍', '支付', '分紅', '時須', '代扣', '代繳', '所得', '支付', '所得', '15', '日內', '申報', '繳納', '外商', '投資', '企業', '未扣', '繳稅款', '外籍', '人須', '取得', '所得', '次年', '30', '日前', '繳納', '稅款', '稅務機', '另行', '規定', '期限', '須在', '規定', '期限', '內繳', '納稅款', '公告', '同時', '廢止', '1994', '出台', '相關', '免稅', '規定', '自發布', '當天起', '執行', '列出', '過渡', '安排', '值得注意', '中共', '國務院', '2013', '提出', '取消', '這項', '免稅', '政策', '相隔', '13', '正式', '實施', '相關', '消息', '引發', '討論', '一名', '財經', '博主將', '這次', '調整', '概括', '32', '免稅期', '過渡期', '平台', '網民', 'Finding', '質疑', '並諷', '刺道', '過去', '新華社', '旗下', '庫喊別', '李嘉誠跑', '如今', '則成', '不要', '洋人', '據南華', '早報', '報導', '稅務', '熱線', '人員', '當天', '無法確', '認新規', '是否', '涵蓋', '港澳台', '人士', '以及', '居住', '境外', '外國', '股東', '報導', '援引', '稅務諮詢', '機構', '表示', '符合', '條件', '外國', '股東', '可能', '依據', '中國', '相關', '國家', '簽訂', '稅收協', '定申', '稅率', '仍須', '核查', '稅收', '居民', '身分', '協定', '適用', '條件', '稅負', '不會', '增加', '說法', '受質疑', '中共', '官媒將', '取消', '這項', '優惠', '解釋', '推進', '全國統', '一大', '市場', '清理', '稅收優', '惠及', '堵塞', '稅收', '漏洞', '中共', '財政科學', '研究院', '公共', '收入', '研究', '中心', '主任', '梁季稱', '歐美', '國家', '通常', '居民', '海外', '收入', '外籍', '中國', '繳納', '稅款', '可以', '所在', '國家應', '繳稅款', '抵扣', '因此', '實際', '稅負', '增加', '不過', '南華', '早報', '援引', '稅務諮詢', '機構', '分析', '認為', '能否', '抵免', '以及', '可以', '抵免', '多少', '取決', '稅收', '居民', '身分', '所在', '國家', '地區', '稅法', '以及', '雙邊', '稅收', '協定', '如果', '當地', '稅率', '這筆', '分紅', '徵稅', '中國', '繳納', '稅款', '可能', '無法', '全部', '抵免', '實際', '稅負', '未必', '不會', '增加', '中共', '國家', '統計局', '數據', '顯示', '今年', '第二季度', '經濟', '同比', '增長', '43', '第一季度', '社會', '消費品', '零售', '總額僅', '增長', '12', '中共', '財政部', '數據', '顯示', '2025', '全國', '一般', '公共', '預算', '收入', '下降', '17', '全年', '財政', '赤字', '566', '萬億元', '今年', '地方', '政府', '土地', '收入', '大跌', '308', '降至', '117', '萬億元', '中央社', '報導', '中共', '近年', '以建設', '全國統', '一大', '市場', '名陸續', '取消', '各地', '特殊', '招商', '優惠', '政策', '報導', '稱並', '要求', '企業', '按照', '員工', '真實', '工資', '繳納', '社保', '不得', '通過', '低報', '工資', '減少', '繳費', '中央', '社將', '這次', '取消', '外籍', '分紅免', '稅視', '中共', '近期', '擴大稅', '收及', '社保', '徵繳', '一項', '動作', '2025', '以來', '北京', '上海', '江蘇及', '浙江', '稅務部門', '要求', '部分', '通過', '境外', '券商', '買賣', '港股', '美股', '大陸', '居民', '申報', '2022', '2024', '境外', '投資', '收益', '並補', '繳稅款', '今年', '中共', '財政部', '稅務', '總局', '還發布', '岸信', '稅新規', '要求', '居民', '公告', '實施', '日起', '90', '日內', '申報', '繳納', '2023', '2025', '年間', '將財產', '裝入', '岸信', '產生', '應繳', '繳稅款', '中國', '忽然', '取消', '免稅', '措施', '即刻', '生效', '不少', '台商', '可能', '受影響', '特別', '直接', '以個', '名義', '持股', '台商', '最近', '中國蠻', '措施', '針對個', '投資', '中國', '股市', '網友', '注意', '繳稅', '規範', '造成', '報酬', '下降']",Positive,0.9866980910301208
M.1788361037.A.589,[新聞] 友達新加坡廠將以約新台幣87.53億元出售,rayisgreat,2026-09-02 22:57:14,96,https://www.ptt.cc/bbs/Stock/M.1788361037.A.589.html,"2026/09/02 18:40:13



經濟日報 記者李珣瑛／新竹即時報導



友達（2409）董事會2日通過處分子公司AFPD Pte. Ltd.其廠房及相關廠務附屬設施，

。

友達公司指出，為聚焦輕資產營運模式、活化資產及優化財務結構，董事會決議出售建物
面積17萬7,056平方公尺（約5萬3,559坪）、及附屬設備一批，予Western Digital (
Singapore) Pte. Ltd.及/或其指定之人。總價為新加坡幣3.5億元（約當新台幣 87.53億
元）。預計處分利益尚待買方取得當地主管機關之核准後確認。

友達於2023年12月即證實，因LCD面板需求低迷及產線不具經濟效益，將關閉新加坡廠（
L4B產線）並將設備運回台灣。新加坡廠已於2023年12月底停止生產，部分留守員工協助
善後至2024年第1季。

友達同步公告說明指出，AFPD將提出OTP予買方簽署，並提供買方於OTP日期起10個營業日
的選擇權期間（Option Period）。且過戶前提條件將視買方是否取得當地主管機關（包
括但不限於 Jurong Town Corporation）之核准。



友達今年加速資產活化

包含今天公告的新加坡廠，短短幾周賣出三座廠

友達近年賣廠紀錄：

2024 后里晶材廠西賣給美光，7 億
2024 台南濾光片廠賣給美光，74 億
2025 后里晶材廠東賣給美光，30.5 億
2025 新竹廠賣給力成，69 億
2026 華亞廠賣給廣達，197 億
2026 路竹廠賣給日月光，63 億
2026 新加坡廠賣給威騰，87 億

這幾周也有消息中科廠兩座要賣給 GG

在新加坡廠出售後，要輪到中科廠了嗎？

--

查了下官網，L5A/L5B/L6B 都在龍潭、L8B 在后里

所以就是保留龍潭跟后里廠，其他廠全出售這樣？


不曉得群創的廠還有要繼續賣嗎 @@？","20260902 184013



經濟日報 記者李珣瑛新竹即時報導



友達2409董事會2日通過處分子公司AFPD Pte Ltd其廠房及相關廠務附屬設施



友達公司指出為聚焦輕資產營運模式活化資產及優化財務結構董事會決議出售建物
面積17萬7056平方公尺約5萬3559坪及附屬設備一批予Western Digital 
Singapore Pte Ltd及或其指定之人總價為新加坡幣35億元約當新台幣 8753億
元預計處分利益尚待買方取得當地主管機關之核准後確認

友達於2023年12月即證實因LCD面板需求低迷及產線不具經濟效益將關閉新加坡廠
L4B產線並將設備運回台灣新加坡廠已於2023年12月底停止生產部分留守員工協助
善後至2024年第1季

友達同步公告說明指出AFPD將提出OTP予買方簽署並提供買方於OTP日期起10個營業日
的選擇權期間Option Period且過戶前提條件將視買方是否取得當地主管機關包
括但不限於 Jurong Town Corporation之核准



友達今年加速資產活化

包含今天公告的新加坡廠短短幾周賣出三座廠

友達近年賣廠紀錄

2024 后里晶材廠西賣給美光7 億
2024 台南濾光片廠賣給美光74 億
2025 后里晶材廠東賣給美光305 億
2025 新竹廠賣給力成69 億
2026 華亞廠賣給廣達197 億
2026 路竹廠賣給日月光63 億
2026 新加坡廠賣給威騰87 億

這幾周也有消息中科廠兩座要賣給 GG

在新加坡廠出售後要輪到中科廠了嗎","['20260902', '184013', '經濟', '日報', '記者', '李珣瑛', '新竹', '即時', '報導', '友達', '2409', '董事', '日通', '過處', '分子', '公司', 'AFPD', 'Pte', 'Ltd', '其廠', '房及', '相關', '廠務', '附屬', '設施', '友達', '公司', '指出', '聚焦', '輕資產', '營運', '模式', '活化', '資產及', '優化', '財務', '結構', '董事', '決議', '出售', '建物', '面積', '17', '7056', '平方公尺', '3559', '附屬', '設備', '一批', 'Western', 'Digital', 'Singapore', 'Pte', 'Ltd', '指定', '之人', '總價', '新加坡', '35', '億元約', '當新', '台幣', '8753', '預計', '處分', '利益', '尚待', '買方', '取得', '當地', '主管', '機關', '核准', '確認', '友達', '2023', '12', '證實', 'LCD', '面板', '需求', '低迷', '及產線', '不具', '經濟', '效益', '將關閉', '新加坡', 'L4B', '產線', '並將', '設備', '運回', '台灣', '新加坡', '2023', '12', '月底', '停止', '生產', '部分', '留守', '工協助', '善後至', '2024', '友達', '同步', '公告', '說明', '指出', 'AFPD', '提出', 'OTP', '予買方', '簽署並', '提供', '買方', 'OTP', '日期', '10', '營業', '選擇', '權期間', 'Option', 'Period', '過戶', '前提', '條件', '將視', '買方', '是否', '取得', '當地', '主管', '機關', '不限', 'Jurong', 'Town', 'Corporation', '核准', '友達', '今年', '加速', '資產', '活化', '包含', '今天', '公告', '新加坡', '短短', '幾周', '賣出', '三座', '友達', '近年', '賣廠', '紀錄', '2024', '后里', '晶材廠', '西賣給', '美光', '2024', '台南', '濾光片', '賣給', '美光', '74', '2025', '后里', '晶材廠', '東賣給', '美光', '305', '2025', '新竹', '廠賣', '給力', '69', '2026', '華亞廠', '賣給', '廣達', '197', '2026', '路竹', '廠賣給', '月光', '63', '2026', '新加坡', '廠賣給', '威騰', '87', '這幾周', '消息', '中科', '兩座', '賣給', 'GG', '新加坡', '出售', '中科']",Positive,0.9717566967010498
M.1788358699.A.FAA,Re: [新聞] 伊朗總統喊話!只要美國「回頭履行協議」,gn02118620,2026-09-02 22:18:16,0,https://www.ptt.cc/bbs/Stock/M.1788358699.A.FAA.html,"鬧麻了兄弟

本來以為只有小粉紅會這麼愛吹

沒想到美吹吹起來比小粉紅還會吹十倍

讓我們看看美伊戰爭，你口中的伊吹怎麼評價吧

第一位
Richard Haass

身份：美國外交關係協會CFR名譽主席、前國務院政策規劃局長、美國外交界泰斗

言論：美國輸麻了，發表一篇名為《Defeat》的文章，痛批川普政府開啟了一場根本不該
開啟的戰爭

讓美國喪失中東核心利益以及盟友信任，中俄成為最大贏家



美吹：嗚嗚..Richard Haass是伊吹…伊朗高通膨…嗚嗚…

第二位
Chas Freeman

身份：前美國國防部助理部長，前美國駐沙烏地阿拉伯大使、美國國防外交系統元老

言論：
《The Iran War: A Strategic Disaster that Devalues U.S. Military Prowess》
《一場貶低美國軍事威力的策略災難》

「美以聯軍對伊朗的軍事行動已構成一場空前的戰略災難，嚴重貶值了美國的軍事威信並
曝露其極限。該衝突不僅迫使美軍從遭到破壞的波斯灣基地撤離，更促使區域國家加速追
求戰略自主」



美吹：嗚嗚…Chas Freeman是伊吹…伊朗石油運不出去…嗚嗚…

第三位
Robert Gates

身份：前美國國防部長、前中央情報局（CIA）局長

言論：
在CBS 權威政治節目《面對國家》（Face the Nation）接受專訪，言論如下：

「華府完全低估了伊朗政權在遭到打擊後的內部控制力與堅韌度。美國誤以為炸毀德黑蘭
的核心核心就能引發政權更迭，但現實是伊朗內部依然穩固，美國在沒有清晰「退出戰略
（Exit Strategy）」的情況下正步入泥潭。」

美吹：嗚嗚.. Robert Gates是伊吹..伊朗痛苦指數上升100%…嗚嗚….


第四位
Joseph Nye

身份：國際關係理論「新自由主義」學派奠基人、前國防部國際安全事務助理部長、「軟
實力（Soft Power）」概念的發明人。

言論：

「2026 年這場對伊戰爭，正式宣告了美國『軟實力』的臨床死亡。」
「川普政府無底線的單邊對抗政策將會徹底摧毀美國的全球吸引力」

外交政策（Foreign Policy）直接撰文分析直言：當前的白宮表現出對奈爾軟實力理論「
幾近完全的藐視near-total disdain）



美吹：嗚嗚…Joseph Nye是伊吹…外交政策是野雞雜誌…嗚嗚…


第五位
Barbara Leaf

身份：前美國國務院近東事務助理國務卿、前美國駐阿聯酋大使

言論：

「伊朗的自信心在過去幾個月內急劇膨脹，他們堅信自己不僅能挺過戰爭，更能贏得勝利
、重塑整個中東的區域地緣版圖」。這對未來的美國外交而言，可以說是極其難以應付的
」

美吹：嗚嗚…Barbara Leaf是伊吹…拜登政府遺毒…嗚嗚…

第六位
Emily Harding

身份：前美國國家安全會議（NSC）中東事務主任、現任智庫高級研究員

言論：
「在軍事上美軍把珍貴的彈藥庫存白白消耗在伊朗不對稱的泥潭裡，反而向中俄等大國暴
露了美國「多線作戰能力不足」的戰略底牌，為美國的全球霸權留下了極其危險的窗口期
」

美吹：嗚嗚…Emily Harding是伊吹…布希政府遺毒…嗚嗚…

這只是我隨便找一下有官方任職經驗的「美國伊吹」

如果是學者、教授、各領域專家的「美國伊吹」那更是數之不盡

能把美國近50年來最大戰略失敗吹成我美利堅贏麻了

喪事喜辦，牛逼啊老鐵


要知道，戰爭勝負是看戰略目標有沒有達成

跟通膨、痛苦指數一點關係也沒有

美國的戰略目標

1.推翻伊朗政權-失敗
還讓神權政府獲得更強大的主導權

2.解除伊朗核能力-失敗
不但沒有解除伊朗核能力，還給了伊朗擁核的好理由與機會

3.破壞伊朗導彈與無人機能力-失敗
不但沒有破壞伊朗導彈發射能力，反而讓伊朗的軍工體系加速運轉，更加助長伊朗發展導
彈與無人機的正確性

4.控制荷姆茲好海峽-失敗
不但自己無法控制荷姆茲海峽，反而讓伊朗控制荷姆茲海峽

5.威懾中東盟友、重鑄美元石油霸權-失敗
不但沒有讓美元綁定石油，威懾小弟，反而小弟開始造反（沙烏地阿拉伯、土耳其、巴基
斯坦遜尼派聯盟）

念到這邊，假設我是美國前官方高層我也會心急如焚

諾大一個美利堅帝國，短短幾年就被川普玩砸了

而且還是在一個區域工業弱國伊朗玩砸的，不只如此，還把伊朗玩成一個中東潛在霸主

你能不氣急敗壞嗎？

我只能說川建國這三個字，實在太有含金量了




--","鬧麻了兄弟

本來以為只有小粉紅會這麼愛吹

沒想到美吹吹起來比小粉紅還會吹十倍

讓我們看看美伊戰爭你口中的伊吹怎麼評價吧

第一位
Richard Haass

身份美國外交關係協會CFR名譽主席前國務院政策規劃局長美國外交界泰斗

言論美國輸麻了發表一篇名為Defeat的文章痛批川普政府開啟了一場根本不該
開啟的戰爭

讓美國喪失中東核心利益以及盟友信任中俄成為最大贏家



美吹嗚嗚Richard Haass是伊吹伊朗高通膨嗚嗚

第二位
Chas Freeman

身份前美國國防部助理部長前美國駐沙烏地阿拉伯大使美國國防外交系統元老

言論
The Iran War A Strategic Disaster that Devalues US Military Prowess
一場貶低美國軍事威力的策略災難

美以聯軍對伊朗的軍事行動已構成一場空前的戰略災難嚴重貶值了美國的軍事威信並
曝露其極限該衝突不僅迫使美軍從遭到破壞的波斯灣基地撤離更促使區域國家加速追
求戰略自主



美吹嗚嗚Chas Freeman是伊吹伊朗石油運不出去嗚嗚

第三位
Robert Gates

身份前美國國防部長前中央情報局CIA局長

言論
在CBS 權威政治節目面對國家Face the Nation接受專訪言論如下

華府完全低估了伊朗政權在遭到打擊後的內部控制力與堅韌度美國誤以為炸毀德黑蘭
的核心核心就能引發政權更迭但現實是伊朗內部依然穩固美國在沒有清晰退出戰略
Exit Strategy的情況下正步入泥潭

美吹嗚嗚 Robert Gates是伊吹伊朗痛苦指數上升100嗚嗚


第四位
Joseph Nye

身份國際關係理論新自由主義學派奠基人前國防部國際安全事務助理部長軟
實力Soft Power概念的發明人

言論

2026 年這場對伊戰爭正式宣告了美國軟實力的臨床死亡
川普政府無底線的單邊對抗政策將會徹底摧毀美國的全球吸引力

外交政策Foreign Policy直接撰文分析直言當前的白宮表現出對奈爾軟實力理論
幾近完全的藐視neartotal disdain



美吹嗚嗚Joseph Nye是伊吹外交政策是野雞雜誌嗚嗚


第五位
Barbara Leaf

身份前美國國務院近東事務助理國務卿前美國駐阿聯酋大使

言論

伊朗的自信心在過去幾個月內急劇膨脹他們堅信自己不僅能挺過戰爭更能贏得勝利
重塑整個中東的區域地緣版圖這對未來的美國外交而言可以說是極其難以應付的


美吹嗚嗚Barbara Leaf是伊吹拜登政府遺毒嗚嗚

第六位
Emily Harding

身份前美國國家安全會議NSC中東事務主任現任智庫高級研究員

言論
在軍事上美軍把珍貴的彈藥庫存白白消耗在伊朗不對稱的泥潭裡反而向中俄等大國暴
露了美國多線作戰能力不足的戰略底牌為美國的全球霸權留下了極其危險的窗口期


美吹嗚嗚Emily Harding是伊吹布希政府遺毒嗚嗚

這只是我隨便找一下有官方任職經驗的美國伊吹

如果是學者教授各領域專家的美國伊吹那更是數之不盡

能把美國近50年來最大戰略失敗吹成我美利堅贏麻了

喪事喜辦牛逼啊老鐵


要知道戰爭勝負是看戰略目標有沒有達成

跟通膨痛苦指數一點關係也沒有

美國的戰略目標

1推翻伊朗政權失敗
還讓神權政府獲得更強大的主導權

2解除伊朗核能力失敗
不但沒有解除伊朗核能力還給了伊朗擁核的好理由與機會

3破壞伊朗導彈與無人機能力失敗
不但沒有破壞伊朗導彈發射能力反而讓伊朗的軍工體系加速運轉更加助長伊朗發展導
彈與無人機的正確性

4控制荷姆茲好海峽失敗
不但自己無法控制荷姆茲海峽反而讓伊朗控制荷姆茲海峽

5威懾中東盟友重鑄美元石油霸權失敗
不但沒有讓美元綁定石油威懾小弟反而小弟開始造反沙烏地阿拉伯土耳其巴基
斯坦遜尼派聯盟

念到這邊假設我是美國前官方高層我也會心急如焚

諾大一個美利堅帝國短短幾年就被川普玩砸了

而且還是在一個區域工業弱國伊朗玩砸的不只如此還把伊朗玩成一個中東潛在霸主

你能不氣急敗壞嗎

我只能說川建國這三個字實在太有含金量了","['鬧麻', '兄弟', '本來', '只有', '小粉', '紅會', '這麼', '愛吹', '想到', '美吹', '起來', '小粉', '紅還會', '十倍', '我們', '看看', '美伊戰爭', '口中', '伊吹', '怎麼', '評價', '第一位', 'Richard', 'Haass', '身份', '美國', '外交', '協會', 'CFR', '名譽', '主席', '前國務院', '政策', '規劃', '局長', '美國', '外交界', '泰斗', '言論', '美國', '輸麻', '發表', '一篇', '名為', 'Defeat', '文章', '批川普', '政府', '開啟', '一場', '根本', '不該', '開啟', '戰爭', '美國', '喪失', '中東', '核心', '利益', '以及', '盟友', '信任', '中俄成', '最大', '贏家', '美吹', 'Richard', 'Haass', '伊吹', '伊朗', '高通', '第二位', 'Chas', 'Freeman', '身份', '前美國國', '防部', '助理', '部長', '前美國', '駐沙', '烏地', '阿拉伯', '大使', '美國國防', '外交系', '元老', '言論', 'The', 'Iran', 'War', 'Strategic', 'Disaster', 'that', 'Devalues', 'US', 'Military', 'Prowess', '一場', '貶低', '美國', '軍事', '威力', '策略', '災難', '美以', '聯軍對', '伊朗', '軍事', '行動', '已構', '成一場', '空前', '戰略', '災難', '嚴重', '貶值', '美國', '軍事', '威信', '曝露', '其極限', '該衝', '突不僅', '迫使', '美軍從', '遭到', '破壞', '波斯', '基地', '撤離', '促使', '區域', '國家', '加速', '求戰略', '自主', '美吹', 'Chas', 'Freeman', '伊吹', '伊朗', '石油', '運不', '出去', '第三位', 'Robert', 'Gates', '身份', '前美國國', '防部', '中央', '情報局', 'CIA', '局長', '言論', 'CBS', '權威', '政治', '節目面', '國家', 'Face', 'the', 'Nation', '接受', '專訪言論', '如下', '華府', '完全', '低估', '伊朗', '政權', '遭到', '打擊', '內部', '控制力', '堅韌度', '美國誤', '毀德', '黑蘭', '核心', '核心', '發政權', '更迭', '現實', '伊朗', '內部', '依然', '穩固', '美國', '清晰', '退出', '戰略', 'Exit', 'Strategy', '情況', '步入', '泥潭', '美吹', 'Robert', 'Gates', '伊吹', '伊朗', '痛苦', '指數', '上升', '100', '第四位', 'Joseph', 'Nye', '身份', '國際關', '理論', '自由', '主義學', '奠基人', '前國', '防部', '國際', '安全', '事務', '助理', '部長', '實力', 'Soft', 'Power', '概念', '明人', '言論', '2026', '這場', '伊戰爭', '正式', '宣告', '美國軟', '實力', '臨床', '死亡', '川普', '政府', '無底', '單邊', '政策', '將會', '徹底', '摧毀', '美國', '全球', '吸引力', '外交政策', 'Foreign', 'Policy', '直接', '撰文', '分析', '直言', '當前', '宮表現', '對奈爾軟', '實力', '理論', '幾近', '完全', '藐視', 'neartotal', 'disdain', '美吹', 'Joseph', 'Nye', '伊吹', '外交政策', '野雞', '雜誌', '第五位', 'Barbara', 'Leaf', '身份', '前美國', '國務院', '東事務', '助理', '國務卿', '前美國', '阿聯酋', '大使', '言論', '伊朗', '自信心', '過去', '幾個', '劇膨脹', '他們', '堅信', '自己', '不僅', '過戰爭', '贏得', '勝利', '重塑', '整個', '中東', '區域', '地緣', '版圖', '這對', '未來', '美國', '外交', '而言', '可以', '極其', '難以', '應付', '美吹', 'Barbara', 'Leaf', '伊吹', '拜登', '政府', '遺毒', '第六位', 'Emily', 'Harding', '身份', '前美國', '國家', '安全', '會議', 'NSC', '中東', '事務', '主任', '現任', '智庫', '高級', '研究', '言論', '軍事', '珍貴', '彈藥', '庫存', '白白', '消耗', '伊朗', '泥潭', '反而', '大國暴', '美國', '多線', '作戰', '能力', '不足', '戰略', '底牌', '美國', '全球', '霸權', '留下', '極其', '危險', '窗口期', '美吹', 'Emily', 'Harding', '伊吹布', '政府', '遺毒', '只是', '隨便', '一下', '官方', '任職', '經驗', '美國', '伊吹', '如果', '學者', '教授', '領域', '專家', '美國', '伊吹', '更是', '數之不盡', '美國近', '50', '年來', '最大', '戰略', '失敗', '吹成', '美利', '堅贏', '喪事', '喜辦', '老鐵', '知道', '戰爭', '勝負', '戰略', '目標', '達成', '跟通', '痛苦', '指數', '一點關', '美國', '戰略', '目標', '推翻', '伊朗', '政權', '失敗', '還讓', '神權', '政府', '獲得', '強大', '主導權', '解除', '伊朗', '核能力', '失敗', '不但', '沒有', '解除', '伊朗', '核能力', '還給', '伊朗', '擁核', '理由', '機會', '破壞', '伊朗', '導彈', '無人機', '能力', '失敗', '不但', '沒有', '破壞', '伊朗', '導彈', '發射', '能力', '反而', '伊朗', '工體系', '加速', '運轉', '更加', '助長', '伊朗', '發展導', '彈與', '無人機', '確性', '控制', '荷姆茲好', '海峽', '失敗', '不但', '自己', '無法', '控制', '荷姆茲海峽', '反而', '伊朗', '控制', '荷姆茲海峽', '威懾', '中東', '盟友', '重鑄', '美元', '石油', '霸權', '失敗', '不但', '沒有', '美元', '綁定', '石油', '威懾', '小弟', '反而', '小弟', '開始', '造反', '沙烏地', '阿拉伯', '土耳其', '巴基', '斯坦遜尼派', '聯盟', '念到', '這邊', '假設', '美國前', '官方', '高層', '心急如焚', '諾大', '一個', '美利', '堅帝國', '短短', '幾年', '普玩', '而且', '還是', '一個', '區域', '工業', '弱國', '伊朗', '如此', '還把', '伊朗', '玩成', '一個', '中東', '霸主', '不氣', '急敗', '只能', '說川', '建國', '這三個', '字實', '含金量']",Negative,0.9950022101402283
M.1788357780.A.09A,"[新聞] 前鼎獲利／自結7月2,400萬元、年增140% E",yokann,2026-09-02 22:02:58,10,https://www.ptt.cc/bbs/Stock/M.1788357780.A.09A.html,"前鼎獲利／自結7月2,400萬元、年增140% EPS 0.31元

 

 2026-09-02 16:20

 經濟日報／ 記者秦鈺翔

 光通訊模組廠前鼎（4908）2日達公布注意交易資訊標準，公布7月單月自結獲利，本期淨
利2,400萬元，年增140%，每股純益0.31元。今年第2季淨利5,200萬元，年增373%，每股
純益0.67元。法人指出，資料中心正帶動高速光模組需求成長，前鼎持續完善產品線規劃
，滿足客戶需求，將帶動營運成長。

法人表示，前鼎上半年雖然因部分客戶訂單減少而導致營收略微衰退，但在高毛利率產品
出貨比重提升下，營業利益卻是較去年同期成長5.9%，整體獲利表現有望持續改善。

公司目前100G/400G/800G 產品目前部分量產並少量出貨，除持續完備高速光模組產品外
，公司也持續投入開發矽光、Micro lens、FAU 耦光平台及 ELSFP 等新產品技術。



前陣子漲翻天以為要回去以前300關卡了
結果今天爆天量翻黑 看來又要在200附近盤一陣子才有機會繼續上攻了
大家覺得這隻能回300嗎？

--","前鼎獲利自結7月2400萬元年增140 EPS 031元

 

 20260902 1620

 經濟日報 記者秦鈺翔

 光通訊模組廠前鼎49082日達公布注意交易資訊標準公布7月單月自結獲利本期淨
利2400萬元年增140每股純益031元今年第2季淨利5200萬元年增373每股
純益067元法人指出資料中心正帶動高速光模組需求成長前鼎持續完善產品線規劃
滿足客戶需求將帶動營運成長

法人表示前鼎上半年雖然因部分客戶訂單減少而導致營收略微衰退但在高毛利率產品
出貨比重提升下營業利益卻是較去年同期成長59整體獲利表現有望持續改善

公司目前100G400G800G 產品目前部分量產並少量出貨除持續完備高速光模組產品外
公司也持續投入開發矽光Micro lensFAU 耦光平台及 ELSFP 等新產品技術



前陣子漲翻天以為要回去以前300關卡了
結果今天爆天量翻黑 看來又要在200附近盤一陣子才有機會繼續上攻了
大家覺得這隻能回300嗎","['前鼎', '獲利', '自結', '2400', '元年', '140', 'EPS', '031', '20260902', '1620', '經濟', '日報', '記者', '秦鈺翔', '光通', '訊模', '組廠', '前鼎', '49082', '日達', '公布', '注意', '交易', '資訊', '標準', '公布', '單月', '自結', '獲利', '本期', '2400', '元年', '140', '每股', '純益', '031', '今年', '季淨利', '5200', '元年', '373', '每股', '純益', '067', '法人', '指出', '資料', '中心', '正帶動', '高速', '光模組', '需求', '成長', '前鼎持續', '完善', '產品線', '規劃', '滿足', '客戶', '需求', '將帶', '動營', '運成長', '法人', '表示', '前鼎', '上半年', '雖然', '部分', '客戶', '訂單', '減少', '導致', '營收', '略微', '衰退', '毛利率', '產品', '出貨', '比重', '提升', '下營業', '利益', '去年同期', '成長', '59', '整體', '獲利表現', '有望', '持續', '改善', '公司', '目前', '100G400G800G', '產品', '目前', '部分', '量產並', '少量出', '貨除', '持續', '完備', '高速', '光模', '組產品', '公司', '持續', '投入', '開發', '矽光', 'Micro', 'lensFAU', '耦光', '平台', 'ELSFP', '新產品', '技術', '前陣子', '翻天', '以為', '回去', '以前', '300', '關卡', '結果', '今天', '爆天量', '看來', '200', '附近', '一陣子', '機會', '繼續', '上攻', '大家', '覺得', '300']",Positive,0.9978508949279785
M.1788357062.A.81D,[新聞] 焦點股〉隱藏版AI空運股 遠雄港上半年獲,P12011021,2026-09-02 21:50:59,7,https://www.ptt.cc/bbs/Stock/M.1788357062.A.81D.html,"原文標題：〈焦點股〉隱藏版AI空運股 遠雄港上半年獲利大增6成 下半年有望續衝高

原文連結：

發布時間：2026年9月2日週三 上午10:55

記者署名：鉅亨網記者王莞甯

原文內容：

航空貨運物流商遠雄港(5607-TW)上半年獲利8.08億元，年增67%，每股純益(EPS)2.18元
，有內資券商出具最新報告指出，遠雄港獲利大增、營收也連續4個月創歷史高，評價相
對被市場低估，激勵今(2)日股價一度大漲近漲停，盤中漲幅在半根停板左右。

法人指出，上半年遠雄港進出口處理貨量成長29.3%，大幅高於同業，市占率也提升至
 38.8%，且遠雄港成本約 55%是固定成本，營收規模放大的槓桿效益顯著，使獲利表現更
優於營收增幅。

隨著9月起進入航空貨運旺季，法人樂觀看貨量持續增長可期，不排除第三、四季遠雄港
的營收年增率將較第二季再加速，並挹注強勁的獲利動能。

遠雄港收入主要來自旗下全台唯一航空自貿港區─遠雄自貿港公司，主要提供進出口通關
保稅、航空貨物裝卸/倉儲、廠辦租賃和加值園區服務，在目前空運市況火熱之際，同步
受惠。


心得/評論：

看了一下此篇法人報告

重點跟小弟7月時發文差不多

其實就是受惠空運爆噴

而且相較於其他空運股(如華航/長榮航)

遠雄港更不受到油價影響(看看航空Q2精美毛率...)

而新聞沒提到的是

空運的收入增長已經夠噴了 但租金收入更噴

期待後續發展~~

--","原文標題焦點股隱藏版AI空運股 遠雄港上半年獲利大增6成 下半年有望續衝高

原文連結

發布時間2026年9月2日週三 上午1055

記者署名鉅亨網記者王莞甯

原文內容

航空貨運物流商遠雄港5607TW上半年獲利808億元年增67每股純益EPS218元
有內資券商出具最新報告指出遠雄港獲利大增營收也連續4個月創歷史高評價相
對被市場低估激勵今2日股價一度大漲近漲停盤中漲幅在半根停板左右

法人指出上半年遠雄港進出口處理貨量成長293大幅高於同業市占率也提升至
 388且遠雄港成本約 55是固定成本營收規模放大的槓桿效益顯著使獲利表現更
優於營收增幅

隨著9月起進入航空貨運旺季法人樂觀看貨量持續增長可期不排除第三四季遠雄港
的營收年增率將較第二季再加速並挹注強勁的獲利動能

遠雄港收入主要來自旗下全台唯一航空自貿港區遠雄自貿港公司主要提供進出口通關
保稅航空貨物裝卸倉儲廠辦租賃和加值園區服務在目前空運市況火熱之際同步
受惠


心得評論

看了一下此篇法人報告

重點跟小弟7月時發文差不多

其實就是受惠空運爆噴

而且相較於其他空運股如華航長榮航

遠雄港更不受到油價影響看看航空Q2精美毛率

而新聞沒提到的是

空運的收入增長已經夠噴了 但租金收入更噴

期待後續發展","['原文', '標題', '焦點', '隱藏版', 'AI', '空運股', '遠雄港', '上半年', '獲利', '大增', '下半年', '有望', '續衝', '原文', '連結', '發布', '時間', '2026', '日週', '上午', '1055', '記者', '署名', '亨網', '記者', '王莞', '原文', '內容', '航空', '貨運', '物流', '商遠雄港', '5607TW', '上半年', '獲利', '808', '元年', '67', '每股', '純益', 'EPS218', '內資', '券商', '出具', '最新', '報告', '指出', '遠雄港', '獲利', '大增', '營收', '連續', '創歷史', '高評', '價相', '市場', '低估', '激勵', '股價', '一度', '大漲', '近漲', '停盤', '中漲', '半根', '停板', '左右', '法人', '指出', '上半年', '遠雄港', '出口', '處理', '貨量', '成長', '293', '大幅', '同業市', '占率', '提升', '388', '遠雄港', '成本', '55', '固定成本', '營收', '規模', '放大', '槓桿', '效益', '顯著', '獲利表現', '營收', '增幅', '隨著', '進入', '航空', '貨運', '旺季', '法人', '樂觀', '貨量', '持續', '增長', '可期', '排除', '第三', '四季', '遠雄港', '營收', '年增率', '將較', '第二季', '加速', '挹注', '強勁', '獲利動', '遠雄港', '收入', '主要', '旗下', '唯一', '航空', '自貿港區', '遠雄', '自貿港', '公司', '主要', '提供', '出口', '通關', '保稅', '航空', '貨物', '裝卸倉', '儲廠', '辦租賃', '加值', '園區', '服務', '目前', '空運', '市況', '火熱之際', '同步', '受惠', '心得', '評論', '一下', '此篇', '法人', '報告', '重點', '小弟', '發文', '差不多', '其實', '就是', '受惠', '空運', '爆噴', '而且', '相較', '其他', '空運股', '如華', '航長', '榮航', '遠雄港', '受到', '油價', '影響', '看看', '航空', 'Q2', '精美', '毛率', '新聞', '提到', '空運', '收入', '增長', '經夠', '噴了', '租金', '收入', '更噴', '期待', '發展']",Positive,0.989673376083374
M.1788356854.A.092,[新聞] GTA6影響力有多恐怖？上市日恐讓美國經,cjol,2026-09-02 21:47:33,44,https://www.ptt.cc/bbs/Stock/M.1788356854.A.092.html,"作者: runa2 (あんた飛ばしすぎ!!) 看板: Gossiping
標題: [新聞] GTA6影響力有多恐怖？上市日恐讓美國經
時間: Mon Aug 31 21:33:46 2026

LTN 20260831

GTA6影響力有多恐怖？上市日恐讓美國經濟產值損失10億美元！

記者蘇銘翰

玩家苦等多年的《俠盜獵車手 6》於今年 6 月展開預購，並將於 11 月 19 日正式上市
，不僅各大遊戲公司紛紛避開檔期，GTA 6 的熱度更有可能對美國經濟產值造成難以想像
衝擊，巴塞隆納龐培法布拉大學經濟學教授指出，上市當天將會導致大量民眾請假。

根據巴塞隆納龐培法布拉大學經濟學教授 Jose Montalvo 的說法，GTA 6 上市時間為
 11 月 19 日，屬於正常上班日，但對於期待已久的玩家而言，首日將是全球玩家狂歡日
，將會導致大量的民眾在當天請假在家盡情暢玩，美國整體的「經濟產值」可能面臨高達
 10 億美元損失。

Jose Montalvo 研究指出，GTA 6 上市當天美國會有上千名 18 到 30 歲的男性民眾直接
請假，盡情享受這款等待超過 10 年的超重量級大作，並提及前作 GTA 5 於 2013 年 9
月上市的當天，美國各大主要城市的 18 至 35 歲勞工群體之間就出現了 2％ 的請假比
例。

而且美國部分企業也深知 GTA 6 的影響力，已經提前為 11 月 19 日上市當天打預防針
，例如加州的汽車公司 Burger Motorsports 便發出聲明，11 月 19 日起至少數天內，
旗下客戶服務、出貨、訂單處理以及整體工作效率都可能會出現下降的情況。




心得
會不會美股暴跌導致台股暴跌
背後最大贏家其實是台廠供應鏈，像代工 PS5 主機的英業達（台股：2356）與提供核心
晶片代工的台積電


--
            
                              
            
                             

--","作者 runa2 飛 看板 Gossiping
標題 新聞 GTA6影響力有多恐怖上市日恐讓美國經
時間 Mon Aug 31 213346 2026

LTN 20260831

GTA6影響力有多恐怖上市日恐讓美國經濟產值損失10億美元

記者蘇銘翰

玩家苦等多年的俠盜獵車手 6於今年 6 月展開預購並將於 11 月 19 日正式上市
不僅各大遊戲公司紛紛避開檔期GTA 6 的熱度更有可能對美國經濟產值造成難以想像
衝擊巴塞隆納龐培法布拉大學經濟學教授指出上市當天將會導致大量民眾請假

根據巴塞隆納龐培法布拉大學經濟學教授 Jose Montalvo 的說法GTA 6 上市時間為
 11 月 19 日屬於正常上班日但對於期待已久的玩家而言首日將是全球玩家狂歡日
將會導致大量的民眾在當天請假在家盡情暢玩美國整體的經濟產值可能面臨高達
 10 億美元損失

Jose Montalvo 研究指出GTA 6 上市當天美國會有上千名 18 到 30 歲的男性民眾直接
請假盡情享受這款等待超過 10 年的超重量級大作並提及前作 GTA 5 於 2013 年 9
月上市的當天美國各大主要城市的 18 至 35 歲勞工群體之間就出現了 2 的請假比
例

而且美國部分企業也深知 GTA 6 的影響力已經提前為 11 月 19 日上市當天打預防針
例如加州的汽車公司 Burger Motorsports 便發出聲明11 月 19 日起至少數天內
旗下客戶服務出貨訂單處理以及整體工作效率都可能會出現下降的情況




心得
會不會美股暴跌導致台股暴跌
背後最大贏家其實是台廠供應鏈像代工 PS5 主機的英業達台股2356與提供核心
晶片代工的台積電","['作者', 'runa2', 'Gossiping', '標題', '新聞', 'GTA6', '影響力', '恐怖', '上市日', '恐讓', '美國經', '時間', 'Mon', 'Aug', '31', '213346', '2026', 'LTN', '20260831', 'GTA6', '影響力', '恐怖', '上市日', '恐讓', '美國', '經濟產值', '損失', '10', '美元', '記者', '蘇銘翰', '玩家', '多年', '獵車', '今年', '展開', '預購', '並將', '11', '19', '正式', '上市', '不僅', '各大遊戲', '公司', '紛紛', '避開', '檔期', 'GTA', '熱度', '可能', '對美國', '經濟產值', '造成', '難以', '想像', '衝擊', '巴塞隆', '納龐', '培法', '布拉', '大學', '經濟學', '教授', '指出', '上市', '當天', '將會', '導致', '大量', '民眾', '根據', '巴塞隆', '納龐', '培法', '布拉', '大學', '經濟學', '教授', 'Jose', 'Montalvo', '說法', 'GTA', '上市', '時間', '11', '19', '日屬', '正常', '上班', '期待已久', '玩家', '而言', '首日', '將是', '全球', '玩家', '狂歡', '將會', '導致', '大量', '民眾', '當天', '在家', '盡情', '暢玩美國', '整體', '經濟產值', '可能', '面臨', '高達', '10', '美元', '損失', 'Jose', 'Montalvo', '研究', '指出', 'GTA', '上市', '當天', '美國會', '千名', '18', '30', '男性', '民眾', '直接', '請假', '盡情', '享受', '這款', '等待', '超過', '10', '重量', '大作', '提及', '前作', 'GTA', '2013', '上市', '當天', '美國', '各大', '主要', '城市', '18', '35', '勞工', '群體', '之間', '出現', '而且', '美國', '部分', '企業', '深知', 'GTA', '影響力', '已經', '提前', '11', '19', '上市', '當天', '預防針', '例如', '加州', '汽車', '公司', 'Burger', 'Motorsports', '發出', '聲明', '11', '19', '日起', '至少', '數天', '旗下', '客戶', '服務出', '貨訂', '單處理', '以及', '整體', '工作效率', '可能', '出現', '下降', '情況', '心得', '會不會', '美股', '暴跌', '導致', '台股', '暴跌', '最大', '贏家', '其實', '台廠', '應鏈', '代工', 'PS5', '主機', '英業', '台股', '2356', '提供', '核心', '晶片', '代工', '台積電']",Positive,0.9728366732597351
M.1788356848.A.500,[新聞] 〈美股早盤〉油價回落抵消美債殖利率壓力,relax911,2026-09-02 21:47:26,0,https://www.ptt.cc/bbs/Stock/M.1788356848.A.500.html,"原新聞標題:〈美股早盤〉油價回落抵消美債殖利率壓力 主要指數變動不大

原文連結：

發布時間：2026-09-02 21:42

記者署名：段智恆

原文內容：

美股主要指數周三(2日)開盤變動不大，油價自高檔回落，稍微緩解市場對能源成本推升

通膨的擔憂，但美債殖利率仍處於多年高點，持續壓抑投資人風險偏好。

西德州中級原油跌破每桶90美元，中止因美伊爭奪荷姆茲海峽控制權而引發的連兩日漲勢

；美國10年期公債殖利率在觸及兩年高點後大致持平。

截稿前，道瓊工業指數漲近260點或近0.5%，那斯達克綜合指數跌近20點或0.07%，標普

500 指數漲近0.1%，費城半導體指數跌近0.1%。台積電 ADR 漲近0.3%。

國際油價中止連日漲勢，稍微緩解市場對能源成本推升通膨的擔憂，美股期指周三(2日)

盤前收斂跌幅，美國公券價格同步走高。不過，全球公債殖利率仍上升壓力，加上主要央

行可能在本月升息，市場情緒依然謹慎。

截稿前，標普500指數期貨大致持平。戴爾科技(DELL-US)受強勁營收預測激勵，盤前股價

上漲。歐洲Stoxx 600指數下跌0.3%，亞洲股市創兩周來最大跌幅，美元變動不大。

布蘭特原油在連續兩個交易日上漲後回落至每桶94美元附近。美國公債逆勢上揚，30年期

美債殖利率下跌2個基點至5.25%，但其他多數市場的債券價格仍然走低。周三公布的ADP

數據顯示，美國8月民間就業人口增加3.8萬人，低於預期，反映勞動市場招聘動能放緩。

油價回落暫時減輕市場壓力。此前能源價格持續上漲，加深投資人對通膨再度升溫的憂慮

，也使原本已受到政府大舉舉債及企業融資需求壓迫的債市進一步走弱。

交易員目前預估，包括聯準會(Fed)在內的三家主要央行，本月升息機率均已超過50%，其

中Fed升息機率約為65%。ING策略師Chris Turner指出，市場新的基本假設似乎已轉為Fed

終究會在9月升息。Fed主席華許(Kevin Warsh)已清楚表明，通膨下降速度仍不足以回到

目標，加上經濟維持一定韌性，Fed可能必須採取行動。

儘管全球債市承受賣壓，但殖利率升幅相對溫和，仍為交易員帶來些許安慰。法國巴黎銀

行財富管理策略師Stephan Kemper表示，本輪債市下跌有秩序且範圍廣泛，並非由信用風

險或流動性壓力引發，顯示市場正在反映利率將在更長時間維持高檔，而不是預示信用危

機或經濟衰退。

Kemper認為，殖利率能否回落的關鍵仍在通膨預期。如果長天期殖利率壓力獲得緩解，考

量企業基本面依然強勁，股市可能出現大幅上漲。企業現金部位在AI支出激增之際仍重返

歷史高點，也為股市提供支撐。今年全球股票市場已吸引約1.1兆美元資金，創2021年以

來最大流入。

不過，Global Gate Asset Management策略師Patrik Lang警告，一旦美國與日本公債殖

利率突破目前阻力區，股市韌性可能受到考驗。目前投資人部位偏高，短期指標也進入超

買區，無論基本面如何，未來數周市場均可能進入整理。


心得/評論：

油價回落雖然暫時緩解通膨憂慮，但勞動市場放緩與鷹派升息預期交織，加上美債殖利率

維持高點，使市場情緒趨於謹慎。在高利率與評價面偏高的背景下，美股短期料將維持高

檔震盪整理。

--","原新聞標題美股早盤油價回落抵消美債殖利率壓力 主要指數變動不大

原文連結

發布時間20260902 2142

記者署名段智恆

原文內容

美股主要指數周三2日開盤變動不大油價自高檔回落稍微緩解市場對能源成本推升

通膨的擔憂但美債殖利率仍處於多年高點持續壓抑投資人風險偏好

西德州中級原油跌破每桶90美元中止因美伊爭奪荷姆茲海峽控制權而引發的連兩日漲勢

美國10年期公債殖利率在觸及兩年高點後大致持平

截稿前道瓊工業指數漲近260點或近05那斯達克綜合指數跌近20點或007標普

500 指數漲近01費城半導體指數跌近01台積電 ADR 漲近03

國際油價中止連日漲勢稍微緩解市場對能源成本推升通膨的擔憂美股期指周三2日

盤前收斂跌幅美國公券價格同步走高不過全球公債殖利率仍上升壓力加上主要央

行可能在本月升息市場情緒依然謹慎

截稿前標普500指數期貨大致持平戴爾科技DELLUS受強勁營收預測激勵盤前股價

上漲歐洲Stoxx 600指數下跌03亞洲股市創兩周來最大跌幅美元變動不大

布蘭特原油在連續兩個交易日上漲後回落至每桶94美元附近美國公債逆勢上揚30年期

美債殖利率下跌2個基點至525但其他多數市場的債券價格仍然走低周三公布的ADP

數據顯示美國8月民間就業人口增加38萬人低於預期反映勞動市場招聘動能放緩

油價回落暫時減輕市場壓力此前能源價格持續上漲加深投資人對通膨再度升溫的憂慮

也使原本已受到政府大舉舉債及企業融資需求壓迫的債市進一步走弱

交易員目前預估包括聯準會Fed在內的三家主要央行本月升息機率均已超過50其

中Fed升息機率約為65ING策略師Chris Turner指出市場新的基本假設似乎已轉為Fed

終究會在9月升息Fed主席華許Kevin Warsh已清楚表明通膨下降速度仍不足以回到

目標加上經濟維持一定韌性Fed可能必須採取行動

儘管全球債市承受賣壓但殖利率升幅相對溫和仍為交易員帶來些許安慰法國巴黎銀

行財富管理策略師Stephan Kemper表示本輪債市下跌有秩序且範圍廣泛並非由信用風

險或流動性壓力引發顯示市場正在反映利率將在更長時間維持高檔而不是預示信用危

機或經濟衰退

Kemper認為殖利率能否回落的關鍵仍在通膨預期如果長天期殖利率壓力獲得緩解考

量企業基本面依然強勁股市可能出現大幅上漲企業現金部位在AI支出激增之際仍重返

歷史高點也為股市提供支撐今年全球股票市場已吸引約11兆美元資金創2021年以

來最大流入

不過Global Gate Asset Management策略師Patrik Lang警告一旦美國與日本公債殖

利率突破目前阻力區股市韌性可能受到考驗目前投資人部位偏高短期指標也進入超

買區無論基本面如何未來數周市場均可能進入整理


心得評論

油價回落雖然暫時緩解通膨憂慮但勞動市場放緩與鷹派升息預期交織加上美債殖利率

維持高點使市場情緒趨於謹慎在高利率與評價面偏高的背景下美股短期料將維持高

檔震盪整理","['原新聞', '標題', '美股', '早盤', '油價', '回落', '抵消', '美債殖', '利率', '壓力', '主要', '指數', '變動', '不大', '原文', '連結', '發布', '時間', '20260902', '2142', '記者', '署名', '段智恆', '原文', '內容', '美股', '主要', '指數', '周三', '開盤', '變動', '不大油價', '自高檔', '回落', '稍微', '緩解', '市場', '能源', '成本', '推升', '通膨的', '擔憂', '美債殖', '利率', '仍處', '多年', '高點', '持續', '壓抑', '投資人', '風險', '偏好', '西德', '中級', '原油', '跌破', '每桶', '90', '美元', '中止', '因美伊爭', '荷姆茲海峽', '控制', '權而', '引發', '連兩日', '漲勢', '美國', '10', '年期', '公債殖', '利率', '觸及', '兩年', '高點', '大致', '持平', '截稿', '前道瓊', '工業', '指數', '漲近', '260', '點或近', '05', '那斯達克', '綜合', '指數', '跌近', '20', '點或', '007', '標普', '500', '指數', '漲近', '01', '費城', '半導體', '指數', '跌近', '01', '台積電', 'ADR', '漲近', '03', '國際', '油價', '中止', '連日', '漲勢', '稍微', '緩解', '市場', '能源', '成本', '推升', '通膨的', '擔憂', '美股', '期指', '周三', '盤前', '收斂', '跌幅', '美國', '公券', '價格', '同步', '走高', '不過', '全球', '公債殖', '利率', '上升', '壓力', '加上', '主要', '可能', '本月', '升息', '市場', '情緒', '依然', '謹慎', '截稿', '前標', '500', '指數', '期貨', '大致', '持平', '戴爾', '科技', 'DELLUS', '受強', '營收', '預測', '激勵', '盤前', '股價', '上漲', '歐洲', 'Stoxx', '600', '指數', '下跌', '03', '亞洲', '股市', '創兩', '周來', '最大', '跌幅', '美元', '變動', '不大', '布蘭特', '原油', '連續', '兩個', '交易日', '上漲', '回落', '每桶', '94', '美元', '附近', '美國', '公債', '逆勢', '上揚', '30', '年期', '美債殖', '利率', '下跌', '基點', '525', '其他', '多數', '市場', '債券', '價格', '仍然', '走低', '周三', '公布', 'ADP', '數據', '顯示', '美國', '月民間', '就業', '人口', '增加', '38', '萬人', '預期', '反映', '勞動', '市場', '招聘', '動能', '放緩', '油價', '回落', '暫時', '減輕', '市場', '壓力', '此前', '能源', '價格', '持續', '加深', '投資人', '對通', '再度', '升溫', '憂慮', '原本', '受到', '政府', '大舉', '舉債', '企業', '融資', '需求', '壓迫', '債市', '一步', '走弱', '交易', '目前', '預估', '包括', '聯準', 'Fed', '三家', '主要', '央行', '本月', '升息', '機率', '超過', '50', 'Fed', '升息', '機率', '65ING', '策略', 'Chris', 'Turner', '指出', '市場', '基本', '假設', '似乎', '轉為', 'Fed', '終究會', '升息', 'Fed', '主席', '華許', 'Kevin', 'Warsh', '清楚', '表明', '下降', '速度', '不足以', '回到', '目標', '加上', '經濟維持', '一定', '韌性', 'Fed', '可能', '必須', '採取', '行動', '全球', '債市', '承受', '賣壓', '但殖', '利率', '升幅', '相對溫', '交易', '員帶', '來些許', '安慰', '法國', '巴黎', '行財富', '管理策略', 'Stephan', 'Kemper', '表示', '本輪', '債市', '下跌', '秩序', '範圍', '廣泛', '並非', '信用', '流動性', '壓力', '引發', '顯示', '市場', '正在', '反映', '利率', '將在', '更長', '時間', '維持', '高檔', '不是', '預示', '信用', '經濟', '衰退', 'Kemper', '認為殖', '利率', '能否', '回落', '關鍵', '預期', '如果', '天期殖', '利率', '壓力', '獲得', '緩解考', '企業', '基本面', '依然', '強勁', '股市', '可能', '出現', '大幅', '上漲', '企業', '現金', '部位', 'AI', '支出', '激增', '之際', '重返', '歷史', '高點', '股市', '提供', '支撐', '今年', '全球', '股票', '市場', '吸引', '11', '美元', '資金創', '2021', '最大', '流入', '不過', 'Global', 'Gate', 'Asset', 'Management', '策略', 'Patrik', 'Lang', '警告', '一旦', '美國', '日本', '公債殖', '利率', '突破', '目前', '阻力', '股市', '韌性', '可能', '受到', '考驗', '目前', '投資人', '部位', '偏高', '短期', '指標', '入超', '買區', '無論', '基本面', '如何', '未來', '數周', '市場', '可能', '進入', '整理', '心得', '評論', '油價', '回落', '雖然', '暫時', '緩解', '通膨憂慮', '勞動', '市場', '放緩', '升息', '預期', '交織', '加上', '美債殖', '利率', '維持', '高點', '市場', '情緒', '謹慎', '高利率', '評價面', '偏高', '背景', '下美股', '短期', '料將', '維持', '檔震盪', '整理']",Positive,0.9798659682273865
M.1788356012.A.588,Re: [標的] 3008 大立光，光學鏡頭龍頭公司,YuiAi,2026-09-02 21:33:28,24,https://www.ptt.cc/bbs/Stock/M.1788356012.A.588.html,"6/15 po的文，隔天6/16運氣好還漲停，我一點也不強剛好遇到而已
7月股災我還套牢，8月從3670元漲了一個月，今天是收盤最高7810
一樣500股，股災時別檔也套沒移過來加碼，會繼續抱
難得運氣好抓到一檔，等看到目標價再下車
明天進新式處置，不一定就大跌了，哈

5次公告買廠房，花這麼多錢是因為蘋果手機鏡頭訂單做不完嗎
我覺得不是啦，看到它買廠房就當作資本支出，外資最喜歡這個
最近看投信買很多，外資也開始加碼了
先恭喜一起在車上，賺的比我還多的高手們，我們一起見證萬元大立光

--
現在看萬元之後了超過100%，希望能達到，下次po文就是下車了吧
我是歐若拉，愛是一道光~如此美妙","615 po的文隔天616運氣好還漲停我一點也不強剛好遇到而已
7月股災我還套牢8月從3670元漲了一個月今天是收盤最高7810
一樣500股股災時別檔也套沒移過來加碼會繼續抱
難得運氣好抓到一檔等看到目標價再下車
明天進新式處置不一定就大跌了哈

5次公告買廠房花這麼多錢是因為蘋果手機鏡頭訂單做不完嗎
我覺得不是啦看到它買廠房就當作資本支出外資最喜歡這個
最近看投信買很多外資也開始加碼了
先恭喜一起在車上賺的比我還多的高手們我們一起見證萬元大立光","['615', 'po', '隔天', '616', '運氣', '還漲', '一點', '強剛', '遇到', '而已', '股災', '我還', '套牢', '3670', '元漲', '一個', '今天', '收盤', '最高', '7810', '一樣', '500', '股股', '災時別', '沒移', '過來', '加碼', '繼續', '難得', '運氣', '一檔', '看到', '目標價', '下車', '明天', '新式', '處置', '一定', '大跌', '公告', '買廠', '房花', '這麼', '因為', '蘋果', '手機', '鏡頭', '訂單', '我覺', '不是', '看到', '廠房', '當作', '資本', '支出', '外資', '喜歡', '這個', '最近', '投信', '很多', '外資', '開始', '加碼', '恭喜', '一起', '車上', '還多', '高手', '我們', '一起', '見證', '萬元', '大立光']",Positive,0.999560534954071
M.1788355479.A.558,[標的] 2308台達電 空空空 空到一千元以下！,k99t,2026-09-02 21:24:37,X1,https://www.ptt.cc/bbs/Stock/M.1788355479.A.558.html,,,[],NEUTRAL,0.5
M.1788355165.A.9DA,[新聞] 美商務部長證實將加徵半導體關稅 透露台灣,DrowningPool,2026-09-02 21:19:22,爆,https://www.ptt.cc/bbs/Stock/M.1788355165.A.9DA.html,"美商務部長證實將加徵半導體關稅　透露台灣下周將再宣布上看9500億投資
 。

 
2026-9-2

林文彬


美國商務部長盧特尼克（Howard Lutnick）周三（2日）表示，，證實美國媒體Politico上周報導。盧特尼克並透露，台灣下周將再宣布上看
300億美元（9518億台幣）的投資承諾。

20國集團（G20）在美國北卡羅萊納州教堂山（Chapel Hill）舉行的創新部長級會議周三
進入第2天，這場會議由盧特尼克和白宮科學與技術政策辦公室主任克拉齊奧斯（
Michael Kratsios）主持。盧特尼克接受美國媒體CNBC訪問時表示，

盧特尼克說：「我認為這會是目標明確而且面面俱到的關稅政策，簡單來說，這項政策規
定如果在這裡（美國）興建工廠，業者不必繳稅，但

盧特尼克也表示，截至目前為止在美國生產半導體的投資承諾已達到1.2兆美元左右，部
分承諾來自今年稍早敲定的台美貿易協定。盧特尼克透露，。

美國總統川普1月下令對部分先進半導體課徵25%關稅，Politico上周披露川普政府正評估
大幅提高課徵半導體關稅的科技產品數量，可能把筆記型電腦、遊戲機和資料中心伺服器
等搭載晶片的產品納入課稅清單，不再局限於晶片。報導指出，美國政府考慮分階段課徵
新關稅，但未來數周至數月仍可能大幅調整框架。

另一方面，盧特尼克也表示，不覺得美國公債殖利率最近上漲是應該擔心的事，認為美國
經濟成長率上升和赤字下降，最終將「壓低利率」。盧特尼克說：「我對現況感到滿意我認為未來6個月左右利率將回穩並開始下降。」

美國10年期公債殖利率周三盤中攀上4.818%，是2023年11月以來最高水準，反映市場對通
膨和債務感到憂心。



之前一直說的新晶片關稅
商務部長今天對記者證實真的要！
不意外的我台灣大積積又被主委加碼
現在股市一風吹草動就要跌不跌的

這次真的丸啦？

--","美商務部長證實將加徵半導體關稅　透露台灣下周將再宣布上看9500億投資
 

 
202692

林文彬


美國商務部長盧特尼克Howard Lutnick周三2日表示證實美國媒體Politico上周報導盧特尼克並透露台灣下周將再宣布上看
300億美元9518億台幣的投資承諾

20國集團G20在美國北卡羅萊納州教堂山Chapel Hill舉行的創新部長級會議周三
進入第2天這場會議由盧特尼克和白宮科學與技術政策辦公室主任克拉齊奧斯
Michael Kratsios主持盧特尼克接受美國媒體CNBC訪問時表示

盧特尼克說我認為這會是目標明確而且面面俱到的關稅政策簡單來說這項政策規
定如果在這裡美國興建工廠業者不必繳稅但

盧特尼克也表示截至目前為止在美國生產半導體的投資承諾已達到12兆美元左右部
分承諾來自今年稍早敲定的台美貿易協定盧特尼克透露

美國總統川普1月下令對部分先進半導體課徵25關稅Politico上周披露川普政府正評估
大幅提高課徵半導體關稅的科技產品數量可能把筆記型電腦遊戲機和資料中心伺服器
等搭載晶片的產品納入課稅清單不再局限於晶片報導指出美國政府考慮分階段課徵
新關稅但未來數周至數月仍可能大幅調整框架

另一方面盧特尼克也表示不覺得美國公債殖利率最近上漲是應該擔心的事認為美國
經濟成長率上升和赤字下降最終將壓低利率盧特尼克說我對現況感到滿意我認為未來6個月左右利率將回穩並開始下降

美國10年期公債殖利率周三盤中攀上4818是2023年11月以來最高水準反映市場對通
膨和債務感到憂心



之前一直說的新晶片關稅
商務部長今天對記者證實真的要
不意外的我台灣大積積又被主委加碼
現在股市一風吹草動就要跌不跌的

這次真的丸啦","['美商', '務部長', '證實', '將加', '徵半導體', '關稅', '透露', '台灣', '下周', '將再', '宣布', '9500', '億投資', '202692', '林文彬', '美國', '商務部長', '盧特', '尼克', 'Howard', 'Lutnick', '周三', '表示', '證實', '美國', '媒體', 'Politico', '上周', '報導', '盧特', '尼克', '透露', '台灣', '下周', '將再', '宣布', '300', '美元', '9518', '億台幣', '投資承諾', '20', '國集團', 'G20', '美國北', '卡羅萊納州', '教堂', 'Chapel', 'Hill', '舉行', '創新部長', '會議', '周三', '進入', '這場', '會議', '盧特', '尼克', '白宮', '科學', '技術', '政策', '辦公', '室主任', '克拉', '齊奧斯', 'Michael', 'Kratsios', '主持', '盧特', '尼克', '接受', '美國', '媒體', 'CNBC', '訪問', '表示', '盧特', '尼克', '認為', '這會', '目標', '明確', '而且', '面面俱到', '關稅', '政策', '簡單', '這項', '政策', '如果', '這裡', '美國興', '建工', '廠業者', '不必', '繳稅', '盧特', '尼克', '表示', '截至', '目前', '為止', '美國', '生產半導體', '投資承諾', '12', '美元', '左右部', '分承諾來', '今年', '稍早', '敲定', '美貿易', '協定', '盧特', '尼克', '透露', '美國', '統川普', '下令', '部分', '先進', '半導體', '課徵', '25', '關稅', 'Politico', '上周', '披露', '川普', '政府', '評估', '大幅提高', '課徵半導體', '關稅', '科技', '產品', '數量', '可能', '筆記型', '電腦遊', '戲機', '資料', '中心', '伺服器', '搭載', '晶片', '產品', '納入', '課稅', '清單', '不再', '局限', '晶片', '報導', '指出', '美國', '政府', '考慮', '分階段', '課徵', '新關稅', '未來數', '周至', '數月', '可能', '大幅', '調整', '框架', '另一方面', '盧特', '尼克', '表示', '不覺', '美國', '公債殖', '利率', '最近', '上漲', '應該', '擔心', '認為', '美國', '經濟', '成長', '上升', '赤字', '下降', '最終', '將壓', '低利率', '盧特', '尼克', '現況', '感到', '滿意', '認為', '未來', '左右', '利率', '將回', '穩並', '開始', '下降', '美國', '10', '年期', '公債殖', '利率', '周三', '盤中', '攀上', '4818', '2023', '11', '以來', '最高', '水準', '反映', '市場', '對通', '債務', '感到', '憂心', '之前', '一直', '晶片', '關稅', '商務部長', '今天', '記者', '證實', '真的', '意外', '台灣', '大積積', '主委', '加碼', '現在', '股市', '一風', '草動', '就要', '跌不跌', '這次', '真的']",Positive,0.9926389455795288
M.1788354741.A.DA4,[情報] 115年09月02日信用交易統計,steward135,2026-09-02 21:12:19,86,https://www.ptt.cc/bbs/Stock/M.1788354741.A.DA4.html,"1. 標題：115年09月02日信用交易統計
2. 來源：臺灣證券交易所、證券櫃檯買賣中心 (公司名、網站名)
3. 網址：  (請善用縮網址工具)
4. 內文：

115年09月02日信用交易統計

項目                  買進        賣出   現金(券)償還      前日餘額    今日餘額
融資(交易單位)     342,329     304,105          5,332     8,896,988   8,929,880
融券(交易單位)      27,274      21,519            765       220,835     214,315
融資金額(仟元)  35,783,448  27,987,724        235,897   578,115,458 585,675,285

 

=================================



















=================================



























































=================================

















--","1 標題115年09月02日信用交易統計
2 來源臺灣證券交易所證券櫃檯買賣中心 公司名網站名
3 網址  請善用縮網址工具
4 內文

115年09月02日信用交易統計

項目                  買進        賣出   現金券償還      前日餘額    今日餘額
融資交易單位     342329     304105          5332     8896988   8929880
融券交易單位      27274      21519            765       220835     214315
融資金額仟元  35783448  27987724        235897   578115458 585675285","['標題', '115', '09', '02', '信用', '交易', '統計', '來源', '灣證券', '交易所', '證券櫃', '中心', '公司', '名網', '站名', '網址', '善用', '縮網址', '工具', '內文', '115', '09', '02', '信用', '交易', '統計', '項目', '買進', '賣出', '現金券', '償還', '前日', '餘額', '今日', '餘額', '融資', '交易', '單位', '342329', '304105', '5332', '8896988', '8929880', '融券', '交易', '單位', '27274', '21519', '765', '220835', '214315', '融資金額', '35783448', '27987724', '235897', '578115458', '585675285']",Positive,0.7127315402030945
M.1788354274.A.455,[新聞] AI熱潮不只輝達受益！資料中心衍生大量電,leepingyo,2026-09-02 21:04:30,10,https://www.ptt.cc/bbs/Stock/M.1788354274.A.455.html,"AI熱潮不只輝達受益！資料中心衍生大量電力與散熱需求，台廠搶攻兆元商機

 。



 

9/2






當全球市場將焦點大量鎖定在人工智慧（AI）晶片龍頭輝達（Nvidia）之際，另一群原本
較不為人所知的電力與散熱設備供應商，也趁著這波資料中心建設熱潮大撈一筆。為了避
免基礎設施，成為未來算力發展瓶頸，各大開發商無不全力搶購關鍵設備。

根據麥肯錫（McKinsey）預測，2030年全球資料中心投資金額，將逼近7兆美元（約新台
幣224兆元）規模。然而，建造資料中心的速度，卻遠遠追不上市場需求。諮詢公司
Pivotale AI統計數據顯示，超大型雲端業者（Hyperscalers）希望在6個月內交付新建設
施，但在部分新興市場，電網併網的延遲時間長達24個月，在主要發達國家甚至可能耗時
超過8年。

數位基礎設施服務商BodaData執行長張永健直言，「在業界之外，人們都在討論GPU；但
在圈內，大家問你的絕對是：發電機和變壓器的交貨期。」

重電變壓器訂單已排至2030年
將電網高壓電，順利轉換為伺服器與散熱系統適用電壓的變壓器，如今也成為最搶手的商
品。韓國重電巨頭「HD現代電氣」（HD Hyundai Electric）與中國金盤科技表示，2026
上半年來自AI基礎設施（特別是北美與歐洲地區）的訂單暴增。光是HD現代電氣一家，截
至今年6月底的手上訂單成長幅度達到23%，總金額達到85億美元（約新台幣2720億元）。

該公司透露，「我們目前的訂單已排滿至未來三年，甚至還在與核心客戶商討，如何排定
直到2030年交付的訂單。」

隨著AI晶片功耗呈現指數級成長，利用半導體取代傳統銅線繞組的「固態變壓器」（SST
）也備受矚目。

瑞銀（UBS）估計，SST能提升4%電力效率，預計2030年滲透率將升至40%。台灣大廠台達
電（2308.TW）也向外媒證實，目前已有小型資料中心開始採用他們的SST產品，公司也開
始加速在泰國、美國與中國擴產，以滿足龐大的AI電力與基礎設施需求。

台廠供應鏈契機：散熱
除了電力，散熱技術也是另一個受惠大爆發成長的領域。美國銀行（Bank of America）
引述輝達技術路線圖指出，到2030年底，單一AI機櫃的功耗很可能攀升至1.5百萬瓦（MW
）以上，幾乎是傳統機櫃近百倍。美銀根據這個數值做出預測，2030年新設AI資料中心採
用「液冷散熱」的比例，將從目前30%大幅飆升至70%，因為液冷技術能減少超過27%的能
源消耗。

分析師直言，電力與散熱基本上是正相關：使用電力愈多、產生的熱能就愈大，需要的散
熱能力也就愈高。而這股強勁的熱能管理需求，也直接讓輝達供應鏈夥伴受益，包含前文
已經提到的台達電，以及台灣散熱大廠奇鋐（3017.TW）、雙鴻（3324.TW）與中國英維克
，銷售業績都出現成長。

然而，儘管訂單滿手，部分供應商的股價漲勢卻出現趨緩，反映出投資人在高估值與市場
競爭加劇，態度愈發謹慎。台達電董事長鄭平曾在7月公開提醒，市場存在許多變數，包
含零件短缺與部署延遲等問題，下半年很可能更為嚴峻。金融專家也給出警告，在這個浪
潮下，並非所有玩家都能笑到最後，只有真正能打入龍頭客戶核心供應鏈的廠商，才能在
這波熱潮下持續獲利。




可以買了（？
這個應該比記憶體少被喊泡沫了吧XDD
只是不知道股利會配多少

準備進場了

--","AI熱潮不只輝達受益資料中心衍生大量電力與散熱需求台廠搶攻兆元商機

 



 

92






當全球市場將焦點大量鎖定在人工智慧AI晶片龍頭輝達Nvidia之際另一群原本
較不為人所知的電力與散熱設備供應商也趁著這波資料中心建設熱潮大撈一筆為了避
免基礎設施成為未來算力發展瓶頸各大開發商無不全力搶購關鍵設備

根據麥肯錫McKinsey預測2030年全球資料中心投資金額將逼近7兆美元約新台
幣224兆元規模然而建造資料中心的速度卻遠遠追不上市場需求諮詢公司
Pivotale AI統計數據顯示超大型雲端業者Hyperscalers希望在6個月內交付新建設
施但在部分新興市場電網併網的延遲時間長達24個月在主要發達國家甚至可能耗時
超過8年

數位基礎設施服務商BodaData執行長張永健直言在業界之外人們都在討論GPU但
在圈內大家問你的絕對是發電機和變壓器的交貨期

重電變壓器訂單已排至2030年
將電網高壓電順利轉換為伺服器與散熱系統適用電壓的變壓器如今也成為最搶手的商
品韓國重電巨頭HD現代電氣HD Hyundai Electric與中國金盤科技表示2026
上半年來自AI基礎設施特別是北美與歐洲地區的訂單暴增光是HD現代電氣一家截
至今年6月底的手上訂單成長幅度達到23總金額達到85億美元約新台幣2720億元

該公司透露我們目前的訂單已排滿至未來三年甚至還在與核心客戶商討如何排定
直到2030年交付的訂單

隨著AI晶片功耗呈現指數級成長利用半導體取代傳統銅線繞組的固態變壓器SST
也備受矚目

瑞銀UBS估計SST能提升4電力效率預計2030年滲透率將升至40台灣大廠台達
電2308TW也向外媒證實目前已有小型資料中心開始採用他們的SST產品公司也開
始加速在泰國美國與中國擴產以滿足龐大的AI電力與基礎設施需求

台廠供應鏈契機散熱
除了電力散熱技術也是另一個受惠大爆發成長的領域美國銀行Bank of America
引述輝達技術路線圖指出到2030年底單一AI機櫃的功耗很可能攀升至15百萬瓦MW
以上幾乎是傳統機櫃近百倍美銀根據這個數值做出預測2030年新設AI資料中心採
用液冷散熱的比例將從目前30大幅飆升至70因為液冷技術能減少超過27的能
源消耗

分析師直言電力與散熱基本上是正相關使用電力愈多產生的熱能就愈大需要的散
熱能力也就愈高而這股強勁的熱能管理需求也直接讓輝達供應鏈夥伴受益包含前文
已經提到的台達電以及台灣散熱大廠奇鋐3017TW雙鴻3324TW與中國英維克
銷售業績都出現成長

然而儘管訂單滿手部分供應商的股價漲勢卻出現趨緩反映出投資人在高估值與市場
競爭加劇態度愈發謹慎台達電董事長鄭平曾在7月公開提醒市場存在許多變數包
含零件短缺與部署延遲等問題下半年很可能更為嚴峻金融專家也給出警告在這個浪
潮下並非所有玩家都能笑到最後只有真正能打入龍頭客戶核心供應鏈的廠商才能在
這波熱潮下持續獲利




可以買了
這個應該比記憶體少被喊泡沫了吧XDD
只是不知道股利會配多少

準備進場了","['AI', '熱潮', '只輝', '受益', '資料', '中心', '衍生', '大量', '電力', '散熱', '需求', '台廠', '攻兆元', '商機', '92', '全球', '市場將', '焦點', '大量', '鎖定', '人工智慧', 'AI', '晶片', '龍頭輝', 'Nvidia', '之際', '一群', '原本', '所知', '電力', '散熱', '設備', '應商', '這波', '資料', '中心', '建設', '熱潮', '大撈', '一筆', '免基礎', '設施', '成為', '未來', '算力', '發展', '各大開', '發商', '全力', '搶購', '關鍵', '設備', '根據', '麥肯', 'McKinsey', '預測', '2030', '全球', '資料', '中心', '投資', '金額將', '逼近', '美元', '新台', '224', '兆元', '規模', '然而', '建造', '資料', '中心', '速度', '遠遠', '追不上', '市場', '需求', '公司', 'Pivotale', 'AI', '統計', '數據', '顯示', '超大型', '雲端業者', 'Hyperscalers', '希望', '交付', '新建', '部分', '新興', '市場', '電網', '網的', '延遲', '時間', '24', '主要', '發達國家', '甚至', '可能', '耗時', '超過', '數位', '基礎', '設施', '服務商', 'BodaData', '執行長', '張永健', '直言', '業界', '之外', '人們', '討論', 'GPU', '大家', '問你', '絕對', '發電機', '變壓器', '交貨期', '重電變', '壓器', '訂單', '已排', '2030', '將電網', '高壓', '電順利', '轉換', '伺服器', '熱系統', '適用', '電壓', '變壓器', '如今', '成為', '搶手', '品韓國', '重電', '巨頭', 'HD', '現代電氣', 'HD', 'Hyundai', 'Electric', '中國', '金盤', '科技', '表示', '2026', '上半年', 'AI', '基礎', '施特', '別是', '北美', '歐洲', '地區', '訂單', '暴增', '光是', 'HD', '現代電氣', '一家', '至今', '月底', '手上', '訂單', '成長', '幅度', '達到', '23', '總金額', '85', '美元', '台幣', '2720', '億元', '公司', '透露', '我們', '目前', '訂單', '排滿', '未來', '三年', '甚至', '還在', '核心', '客戶', '商討', '如何', '排定', '直到', '2030', '交付', '訂單', '隨著', 'AI', '晶片', '功耗', '呈現', '指數級', '成長', '利用', '半導體', '取代', '傳統', '銅線', '繞組', '固態', '變壓器', 'SST', '也備', '受矚目', '瑞銀', 'UBS', '估計', 'SST', '提升', '電力', '效率', '預計', '2030', '滲透', '率將', '升至', '40', '台灣', '大廠', '台達', '2308TW', '媒證實', '目前', '已有', '小型', '資料', '中心', '開始', '採用', '他們', 'SST', '產品', '公司', '加速', '泰國', '美國', '中國', '擴產以', '滿足', '龐大', 'AI', '電力', '基礎', '設施', '需求', '台廠', '應鏈', '契機', '散熱', '除了', '電力', '熱技術', '一個', '受惠', '大爆', '發成長', '領域', '美國', '銀行', 'Bank', 'of', 'America', '引述', '輝達', '技術', '路線', '指出', '2030', '年底', '單一', 'AI', '機櫃', '功耗', '可能', '攀升', '15', '百萬瓦', 'MW', '以上', '幾乎', '傳統', '機櫃近', '百倍', '美銀', '根據', '這個', '數值', '做出', '預測', '2030', '新設', 'AI', '資料', '中心', '液冷', '散熱', '比例', '將從', '目前', '30', '大幅', '升至', '70', '因為', '液冷', '技術', '減少', '超過', '27', '消耗', '分析', '直言', '電力', '散熱', '基本上', '相關', '使用', '電力', '多產生', '熱能', '需要', '能力', '這股', '強勁', '熱能', '管理', '需求', '直接', '輝達', '供應', '鏈夥伴', '受益', '包含', '已經', '提到', '台達電', '以及', '台灣散', '熱大廠', '3017TW', '雙鴻', '3324TW', '中國', '英維克', '銷售業績', '出現', '成長', '然而', '部分', '供應商', '股價', '漲勢', '出現', '趨緩', '反映', '投資人', '估值', '市場', '競爭', '加劇', '態度', '發謹慎', '台達電', '董事', '鄭平', '公開', '提醒', '市場', '存在', '許多', '變數', '零件', '短缺', '部署', '延遲', '問題', '下半年', '可能', '更為', '嚴峻', '金融', '專家', '給出', '警告', '這個', '潮下', '並非', '所有', '玩家', '只有', '真正', '打入', '龍頭', '客戶', '核心', '供應', '廠商', '才能', '這波', '熱潮', '下持續', '獲利', '可以', '這個', '應該', '記憶', '體少', '泡沫', 'XDD', '只是', '知道', '股利', '會配', '多少', '準備', '進場']",Positive,0.9973140358924866
M.1788352405.A.579,[新聞] 櫃買中心修正興櫃股票買賣辦法 新增暫緩,troy30408,2026-09-02 20:33:22,6,https://www.ptt.cc/bbs/Stock/M.1788352405.A.579.html,"櫃買中心修正興櫃股票買賣辦法 新增暫緩交易機制及強化價格穩定措施



2026/09/02 18:50:28

王奐敏


為維護興櫃市場交易秩序及保障投資人權益，櫃買中心修正「興櫃股票買賣辦法」及「興
櫃股票推薦證券商內部作業辦法應行記載事項要點」部分條文規定。因涉及電腦系統調整
期程，本次修正規章採分階段施行。個股達暫停交易標準後發行公司揭露財務業務狀況及
證券商申請改帳作業處理原則部分，自公告日起施行；登錄首五個營業日委託價格控管機
制部分，自2026年9月21日起施行；新增暫緩交易機制及調整推薦證券商造市義務部分，
自2027年2月22日起施行。

修正相關內容如下，包括一、新增「暫緩交易」機制：現行興櫃股票交易市場實施「暫停
交易」機制，個股於交易時間內加權平均成交價漲或跌達前一營業日加權平均成交價50%
時，即「暫停交易」至當日收市。自2027年2月22日起，新增「暫緩交易」機制，個股於
交易時間內加權平均成交價漲或跌至前一營業日加權平均成交價30%以上時，將暫緩推薦
證券商議價點選成交30分鐘，30鐘後由系統自動恢復交易。

二、強化「暫停交易」相關公司資訊揭露：個股於暫緩交易恢復後，加權平均成交價再漲
或跌至前一營業日加權平均成交價50%以上者，暫停交易至當日收市。櫃買中心將通知該
發行公司於次一營業日交易時間開始二小時前公告其財務業務狀況，協助投資人即時掌握
公司狀況。

三、調整推薦證券商造市義務：達暫緩交易標準後之恢復交易時段，推薦證券商就該個股
連續報價之重新輸入期限由三分鐘調整為十分鐘；推薦證券商並應於其內部作業辦法載明
相關時段之報價決定依據及控管事項。達暫停交易標準之個股，推薦證券商就該股票庫存
不足之改善期限由一個營業日調整為三個營業日。

四、興櫃股票登錄首五個營業日納入投資人委託價格控管機制：現行投資人委託申報價格
不得超逾下單當時該股票全體推薦證券商最佳買賣報價均價上下30%，惟排除登錄首五個
營業日之適用，本次修正將該控管機制自登錄興櫃首日即予適用。

五、明定達暫緩交易或暫停交易標準之個股，當日證券商不得向櫃買中心申報辦理改帳作
業，並增訂改帳作業申報處理原則，以維護市場交易秩序及投資人權益。


櫃買中心為維護興櫃市場交易秩序及保障投資人權益
修正興櫃股票買賣辦法及興櫃股票推薦證券商內部作業辦法應行記載事項要點部分條文規
定
其中新增暫緩交易機制
如果盤中加權平均成交價較前一營業日加權平均成交價上漲或下跌達30%以上
將暫緩交易30分鐘
若恢復交易後漲跌幅進一步達50%以上
則暫停交易至當日收市
不知道各位投資人怎麼看呢?
會不會又有投資達人又有不同的看法呢?


--","櫃買中心修正興櫃股票買賣辦法 新增暫緩交易機制及強化價格穩定措施



20260902 185028

王奐敏


為維護興櫃市場交易秩序及保障投資人權益櫃買中心修正興櫃股票買賣辦法及興
櫃股票推薦證券商內部作業辦法應行記載事項要點部分條文規定因涉及電腦系統調整
期程本次修正規章採分階段施行個股達暫停交易標準後發行公司揭露財務業務狀況及
證券商申請改帳作業處理原則部分自公告日起施行登錄首五個營業日委託價格控管機
制部分自2026年9月21日起施行新增暫緩交易機制及調整推薦證券商造市義務部分
自2027年2月22日起施行

修正相關內容如下包括一新增暫緩交易機制現行興櫃股票交易市場實施暫停
交易機制個股於交易時間內加權平均成交價漲或跌達前一營業日加權平均成交價50
時即暫停交易至當日收市自2027年2月22日起新增暫緩交易機制個股於
交易時間內加權平均成交價漲或跌至前一營業日加權平均成交價30以上時將暫緩推薦
證券商議價點選成交30分鐘30鐘後由系統自動恢復交易

二強化暫停交易相關公司資訊揭露個股於暫緩交易恢復後加權平均成交價再漲
或跌至前一營業日加權平均成交價50以上者暫停交易至當日收市櫃買中心將通知該
發行公司於次一營業日交易時間開始二小時前公告其財務業務狀況協助投資人即時掌握
公司狀況

三調整推薦證券商造市義務達暫緩交易標準後之恢復交易時段推薦證券商就該個股
連續報價之重新輸入期限由三分鐘調整為十分鐘推薦證券商並應於其內部作業辦法載明
相關時段之報價決定依據及控管事項達暫停交易標準之個股推薦證券商就該股票庫存
不足之改善期限由一個營業日調整為三個營業日

四興櫃股票登錄首五個營業日納入投資人委託價格控管機制現行投資人委託申報價格
不得超逾下單當時該股票全體推薦證券商最佳買賣報價均價上下30惟排除登錄首五個
營業日之適用本次修正將該控管機制自登錄興櫃首日即予適用

五明定達暫緩交易或暫停交易標準之個股當日證券商不得向櫃買中心申報辦理改帳作
業並增訂改帳作業申報處理原則以維護市場交易秩序及投資人權益


櫃買中心為維護興櫃市場交易秩序及保障投資人權益
修正興櫃股票買賣辦法及興櫃股票推薦證券商內部作業辦法應行記載事項要點部分條文規
定
其中新增暫緩交易機制
如果盤中加權平均成交價較前一營業日加權平均成交價上漲或下跌達30以上
將暫緩交易30分鐘
若恢復交易後漲跌幅進一步達50以上
則暫停交易至當日收市
不知道各位投資人怎麼看呢
會不會又有投資達人又有不同的看法呢","['櫃買', '中心', '修正', '興櫃', '股票', '買賣', '辦法', '新增', '暫緩', '交易', '機制', '強化', '價格', '穩定', '措施', '20260902', '185028', '王奐敏', '為維護', '興櫃', '市場', '交易', '秩序', '保障', '投資人', '權益櫃', '中心', '修正', '興櫃', '股票', '買賣', '辦法', '及興', '股票', '推薦證', '券商', '內部', '作業', '辦法', '應行', '記載', '事項', '要點', '部分', '條文', '規定', '涉及', '電腦', '系統', '調整', '期程', '本次', '修正', '規章', '採分', '階段', '施行', '股達', '暫停', '交易', '標準', '發行', '公司', '揭露', '財務業務', '狀況', '券商', '申請', '改帳', '作業', '處理', '原則', '部分', '公告日', '施行', '登錄', '首五', '營業', '日委', '價格', '控管', '部分', '2026', '21', '日起', '施行', '新增', '暫緩', '交易', '機制', '調整', '推薦證', '券商', '造市', '義務', '部分', '2027', '22', '日起', '施行', '修正', '相關', '內容', '如下', '包括', '新增', '暫緩', '交易', '機制', '現行', '興櫃', '股票交易', '市場', '實施', '暫停', '交易', '機制', '交易', '時間', '內加權', '平均', '成交', '價漲', '達前', '一營業', '加權', '平均', '成交', '50', '時即', '暫停', '交易', '當日', '收市', '2027', '22', '日起', '新增', '暫緩', '交易', '機制', '交易', '時間', '內加權', '平均', '成交', '價漲', '一營業', '加權', '平均', '成交', '30', '以上', '時將', '暫緩', '推薦', '券商', '議價點', '成交', '30', '分鐘', '30', '鐘後由系統', '自動', '交易', '二強化', '暫停', '交易', '相關', '公司', '資訊', '揭露', '暫緩', '交易', '加權', '平均', '成交', '價再', '一營業', '加權', '平均', '成交', '50', '以上者', '暫停', '交易', '當日', '收市', '櫃買', '中心', '通知', '發行', '公司', '一營業', '交易', '時間', '開始', '二小', '時前', '公告', '財務業務', '狀況', '協助', '投資人', '掌握', '公司', '狀況', '調整', '推薦證', '券商', '造市', '義務達', '暫緩', '交易', '標準', '交易', '時段', '推薦證', '券商', '連續', '報價', '重新', '輸入', '期限', '三分', '鐘調', '整為', '十分', '鐘推薦證', '券商', '並應', '內部', '作業', '辦法', '載明', '相關', '時段', '報價', '決定', '依據', '控管', '事項', '暫停', '交易', '標準', '之個', '推薦證', '券商', '股票', '庫存', '不足', '改善', '期限', '一個', '營業', '日調', '整為', '三個', '營業', '四興櫃', '股票', '登錄', '首五', '營業', '日納入', '投資人委', '價格', '控管', '機制', '現行', '投資人委', '申報', '價格', '不得', '超逾下', '單當時', '股票', '全體', '推薦證', '券商', '最佳', '買賣', '報價均價', '上下', '30', '排除', '登錄', '首五', '營業', '適用', '本次', '修正', '將該', '控管', '機制', '自登錄', '興櫃', '首日', '即予', '適用', '五明定', '暫緩', '交易', '暫停', '交易', '標準', '之個', '股當', '日證', '券商', '不得', '向櫃', '中心', '申報', '辦理', '改帳', '業並', '增訂', '改帳', '作業', '申報', '處理', '原則', '以維護', '市場', '交易', '秩序', '投資人', '權益', '櫃買', '中心', '為維護', '興櫃', '市場', '交易', '秩序', '保障', '投資人', '權益', '修正', '興櫃', '股票', '買賣', '辦法', '興櫃', '股票', '推薦證', '券商', '內部', '作業', '辦法', '應行', '記載', '事項', '要點', '部分', '條文規', '其中', '新增', '暫緩', '交易', '機制', '如果', '中加', '平均', '成交', '價較', '一營業', '加權', '平均', '成交', '價上', '下跌', '30', '以上', '將暫', '交易', '30', '分鐘', '交易', '跌幅', '一步', '50', '以上', '則暫', '交易', '當日', '收市', '知道', '各位', '投資人', '怎麼', '會不會', '投資達', '不同', '看法']",Positive,0.9248991012573242
M.1788352394.A.51B,[情報] 00405A富邦台灣龍耀 收益不分配公告,keel90135,2026-09-02 20:33:12,60,https://www.ptt.cc/bbs/Stock/M.1788352394.A.51B.html,"標題：

00405A富邦台灣龍耀主動式ETF證券投資信託基金(本基金之配息來源可能為收益平準金)
收益不分配公告

來源：

富邦投信

網址：



內文：

主旨：

 公告富邦台灣龍耀主動式 ETF 證券投資信託基金(本基金之配
息來源可能為收益平準金) (以下稱本基金)於 115 年 08 月之
收益分配不予分配事宜。

二、公告事項：
(一) 依本基金信託契約第十七條規定，本基金成立日起滿六十日
(含)後，經理公司做成收益分配決定後，於每年二月、五月、
八月及十一月結束後之第四十五個營業日前(含)進行收益分
配。經理公司得裁量決定是否分配收益。

(二) 依前項信託契約規定，本公司評價本基金115年08月不予分配
收益。

特此公告


備註：

5月10塊募資 6月上市就破發

現在9月剩下8.78塊

第一次分配只能不配息了

--","標題

00405A富邦台灣龍耀主動式ETF證券投資信託基金本基金之配息來源可能為收益平準金
收益不分配公告

來源

富邦投信

網址



內文

主旨

 公告富邦台灣龍耀主動式 ETF 證券投資信託基金本基金之配
息來源可能為收益平準金 以下稱本基金於 115 年 08 月之
收益分配不予分配事宜

二公告事項
一 依本基金信託契約第十七條規定本基金成立日起滿六十日
含後經理公司做成收益分配決定後於每年二月五月
八月及十一月結束後之第四十五個營業日前含進行收益分
配經理公司得裁量決定是否分配收益

二 依前項信託契約規定本公司評價本基金115年08月不予分配
收益

特此公告


備註

5月10塊募資 6月上市就破發

現在9月剩下878塊

第一次分配只能不配息了","['標題', '00405A', '富邦', '台灣龍耀', '主動式', 'ETF', '證券', '投資信', '基金', '基金', '配息', '來源', '可能', '收益', '平準', '收益', '分配', '公告', '來源', '富邦', '投信', '網址', '內文', '主旨', '公告', '富邦', '台灣龍耀', '主動式', 'ETF', '證券', '投資信', '基金', '基金', '之配', '息來源', '可能', '收益', '平準', '以下', '稱本', '基金', '115', '08', '收益分配', '不予', '分配', '事宜', '公告', '事項', '依本', '基金', '契約', '第十七', '條規定', '基金', '成立', '日起', '六十日', '含後經理', '公司', '做成', '收益分配', '決定', '每年', '二月', '五月', '八月', '十一月', '結束', '第四十五', '營業', '日前', '進行', '收益', '配經理', '公司', '裁量', '決定', '是否', '分配', '收益', '依前', '項信', '契約', '規定', '公司', '評價本', '基金', '115', '08', '不予', '分配', '收益', '特此', '公告', '10', '募資', '上市', '破發', '現在', '剩下', '878', '第一次', '分配', '只能', '不配']",Positive,0.84479820728302
M.1788351304.A.F30,Re: [新聞] 伊朗總統喊話!只要美國「回頭履行協議」,hesenberg,2026-09-02 20:15:01,36,https://www.ptt.cc/bbs/Stock/M.1788351304.A.F30.html,"伊吹真的是很神奇的生物

臉被打爛了也要說別人的拳頭被我臉打了


美國通膨大增0.2% 快崩潰了

伊朗：

通膨一年漲一倍 已經來到70%




貨幣貶值一倍

一美元換200萬  醫生薪水只有5000台幣




經濟衰退38年來最深




90%石油沒辦法賣 沒油伊朗還剩什麼？




痛苦指數開戰後上升100%





這樣的國家 正常早暴動了

伊朗的最大優勢就是敢殺人而已

年初才殺了3萬



現在真正問題是 革命衛隊頭瓦西迪不放手

因為他也是前面人被幹掉上位 權力不到穩

對他最有利的就是維持戰時狀態

還有跟美國談勢必涉及石油開放

對人民當然爽翻 不用打折賣

也不用被革命衛隊控制

因此僵在那


看看委內瑞拉 打開石油市場與外資

經濟直接井噴 當初可是美洲最大難民國





伊朗經濟在親美政權時期 本來超過世界不少

1979神棍政權掌權後 就開始落後世界

並隨時間 和世界差距越來越大




伊吹根本反人類

伊朗人死光也沒差 搞美國的就支持

伊朗經濟親美時大好 反美時崩潰

幾十年前就是這樣  不用牽拖現在



我覺得川普可能鐵了心吧

終於發現 革命衛隊不可能跟你好好談

如果現在恢復協議

伊朗經濟ㄧ緩神

革命衛隊一定選前會繼續炸


革命衛隊目的就能拖就拖 能搞川普就搞

搞到民主黨贏看有沒有轉機

經濟快崩了就假裝和談一下

開放一下之後繼續搞恐攻


因此除非這次協議寫死

革命衛隊不會再玩文字遊戲

否則川普應該也知道 就算重回協議也是打假球

索性不玩了

現在比較擔心革命衛隊狗急跳牆去動曼德海峽



















--
伊朗（x) 革命衛隊（O)

革命衛隊=金小胖


死三萬人還不夠？","伊吹真的是很神奇的生物

臉被打爛了也要說別人的拳頭被我臉打了


美國通膨大增02 快崩潰了

伊朗

通膨一年漲一倍 已經來到70




貨幣貶值一倍

一美元換200萬  醫生薪水只有5000台幣




經濟衰退38年來最深




90石油沒辦法賣 沒油伊朗還剩什麼




痛苦指數開戰後上升100





這樣的國家 正常早暴動了

伊朗的最大優勢就是敢殺人而已

年初才殺了3萬



現在真正問題是 革命衛隊頭瓦西迪不放手

因為他也是前面人被幹掉上位 權力不到穩

對他最有利的就是維持戰時狀態

還有跟美國談勢必涉及石油開放

對人民當然爽翻 不用打折賣

也不用被革命衛隊控制

因此僵在那


看看委內瑞拉 打開石油市場與外資

經濟直接井噴 當初可是美洲最大難民國





伊朗經濟在親美政權時期 本來超過世界不少

1979神棍政權掌權後 就開始落後世界

並隨時間 和世界差距越來越大




伊吹根本反人類

伊朗人死光也沒差 搞美國的就支持

伊朗經濟親美時大好 反美時崩潰

幾十年前就是這樣  不用牽拖現在



我覺得川普可能鐵了心吧

終於發現 革命衛隊不可能跟你好好談

如果現在恢復協議

伊朗經濟緩神

革命衛隊一定選前會繼續炸


革命衛隊目的就能拖就拖 能搞川普就搞

搞到民主黨贏看有沒有轉機

經濟快崩了就假裝和談一下

開放一下之後繼續搞恐攻


因此除非這次協議寫死

革命衛隊不會再玩文字遊戲

否則川普應該也知道 就算重回協議也是打假球

索性不玩了

現在比較擔心革命衛隊狗急跳牆去動曼德海峽","['伊吹', '真的', '神奇', '生物', '打爛', '別人', '拳頭', '美國通', '膨大', '02', '快崩潰', '伊朗', '一年', '一倍', '已經來', '70', '貨幣', '貶值', '一倍', '美元', '200', '醫生', '薪水', '只有', '5000', '台幣', '經濟', '衰退', '38', '年來', '最深', '90', '石油', '沒辦', '法賣', '沒油', '伊朗', '還剩', '什麼', '痛苦', '指數', '開戰', '上升', '100', '這樣', '國家', '正常', '早暴動', '伊朗', '最大', '優勢', '就是', '而已', '年初', '現在', '真正', '問題', '革命', '衛隊頭', '瓦西', '放手', '因為', '前面', '上位', '權力', '不到', '有利', '就是', '維持', '戰時', '狀態', '還有', '美國', '談勢', '涉及', '石油', '開放', '人民', '當然', '不用', '打折', '不用', '革命', '衛隊', '控制', '因此', '僵在', '看看', '委內', '瑞拉', '打開', '石油', '市場', '外資', '經濟', '直接', '井噴', '當初', '可是', '美洲', '最大', '難民國', '伊朗', '經濟', '親美政權', '時期', '本來', '超過', '世界', '不少', '1979', '神棍', '政權', '掌權', '開始', '世界', '並隨時間', '世界', '差距', '越來', '越大', '伊吹', '根本', '反人類', '伊朗人', '死光', '沒差', '美國', '支持', '伊朗', '經濟', '親美時', '大好', '反美時', '崩潰', '十年', '就是', '這樣', '不用', '牽拖現', '我覺', '得川普', '可能', '終於發現', '革命', '衛隊', '可能', '好好', '如果', '現在', '協議', '伊朗', '經濟', '緩神', '革命', '衛隊', '一定', '選前', '繼續', '革命', '衛隊', '目的', '搞川普', '民主', '黨贏', '轉機', '經濟', '假裝', '一下', '開放', '一下', '之後繼續', '恐攻', '因此', '除非', '這次', '協議', '革命', '衛隊', '不會', '文字', '遊戲', '否則川', '普應', '知道', '就算', '重回', '協議', '假球', '索性', '不玩', '現在', '比較', '擔心', '革命', '衛隊', '動曼德海峽']",Positive,0.9509643912315369
M.1788350236.A.453,[新聞] 高價股緯穎「1張配1983股」太刺激　漲停,pl132,2026-09-02 19:57:14,27,https://www.ptt.cc/bbs/Stock/M.1788350236.A.453.html,"高價股緯穎「1張配1983股」太刺激　漲停後翻黑貼權

 


 。



 

 2026-09-02 09:40



記者陳瑩欣／台北報導



記者陳瑩欣／台北報導

具AI題材的高價股緯穎（6669）今（2）日除權，每張配發約1983股股票，原本持有1張的
股票將增加至近3張，除權參考價從7800元調整為2615元，開盤19秒衝抵漲停價2875元，
隨後賣壓出籠急速翻黑，填息路遠。

緯穎近年來獲利步步走高，2023年每股稅後純益（EPS）68.88元，到2024年126.57元，
2025年再翻倍至275.06元，今年上半年EPS再衝高至156.38元，市場預期全年獲利可望再
寫新紀錄。

今年緯穎配發股利達164.2195元，股票股利19.8279元，現金股息144.3915元，原本持有1
張的投資人，將變成持有2.9879張，將近3張持股，為台股上市櫃配發最多，由於待填的
權值過重，緯穎開盤不到半小時翻黑，陷入貼權。









這樣算分割股票嗎,股價變低增加流動性繼續往上炒比較方便嗎?

不知道現在股價是否是合理價位?

--","高價股緯穎1張配1983股太刺激　漲停後翻黑貼權

 


 



 

 20260902 0940



記者陳瑩欣台北報導



記者陳瑩欣台北報導

具AI題材的高價股緯穎6669今2日除權每張配發約1983股股票原本持有1張的
股票將增加至近3張除權參考價從7800元調整為2615元開盤19秒衝抵漲停價2875元
隨後賣壓出籠急速翻黑填息路遠

緯穎近年來獲利步步走高2023年每股稅後純益EPS6888元到2024年12657元
2025年再翻倍至27506元今年上半年EPS再衝高至15638元市場預期全年獲利可望再
寫新紀錄

今年緯穎配發股利達1642195元股票股利198279元現金股息1443915元原本持有1
張的投資人將變成持有29879張將近3張持股為台股上市櫃配發最多由於待填的
權值過重緯穎開盤不到半小時翻黑陷入貼權









這樣算分割股票嗎股價變低增加流動性繼續往上炒比較方便嗎

不知道現在股價是否是合理價位","['高價', '股緯穎', '張配', '1983', '股太', '刺激', '停後翻', '貼權', '20260902', '0940', '記者陳瑩欣', '台北', '報導', '記者陳瑩欣', '台北', '報導', 'AI', '題材', '高價', '股緯穎', '6669', '除權', '張配', '發約', '1983', '股票', '原本', '持有', '股票', '增加', '至近', '張除', '權參', '考價', '7800', '元調', '整為', '2615', '開盤', '19', '秒衝', '抵漲', '停價', '2875', '隨後賣', '壓出', '急速', '翻黑', '填息', '路遠', '緯穎', '近年', '獲利', '步步', '走高', '2023', '每股', '稅後純益', 'EPS6888', '元到', '2024', '12657', '2025', '翻倍', '27506', '今年', '上半年', 'EPS', '再衝', '高至', '15638', '市場', '預期', '全年', '獲利', '可望', '新紀錄', '今年', '緯穎', '配發', '股利', '1642195', '股票', '股利', '198279', '元現', '股息', '1443915', '原本', '持有', '投資人將', '變成', '持有', '29879', '張將', '持股', '台股', '上市', '櫃配', '權值過', '重緯穎', '開盤', '不到', '半小時', '陷入', '貼權', '這樣', '分割', '股票', '股價', '變低', '增加', '流動性', '繼續', '方便', '知道', '現在', '股價', '是否是', '合理', '價位']",Positive,0.9864369034767151
M.1788348259.A.BA0,[情報] 地心引力 近期股價異常，公告相關訊息,q1a1,2026-09-02 19:24:17,42,https://www.ptt.cc/bbs/Stock/M.1788348259.A.BA0.html,"1. 標題：3629 地心引力 本公司有價證券近期股價異常，故公告相關訊息以利投資人區
別瞭解。

2. 來源：公開資訊觀測站

3. 網址：

4. 內文：

1.事實發生日:115/09/01
2.發生緣由:依財團法人中華民國證券櫃檯買賣中心通知辦理公告。
3.財務業務資訊:
(1)單月
                            最近一月單月    去年同月      與去年同期增減%
期間                          (115/07)      (114/07)
--------------------------------------------------------------------------
營業收入(百萬元)                    5            0              974.32%
稅前淨利(百萬元)                    0           -2             -111.20%
歸屬母公司業主淨利(百萬元)          0           -2             -111.20%
每股盈餘(元)                    -0.01        -0.07             -111.20%

(2)單季
                            最近一季單季     去年同期      與去年同期增減%
期間                        (115年第2季)   (114年第2季)
--------------------------------------------------------------------------
營業收入(百萬元)                   13             0           24852.83%
稅前淨利(百萬元)                   -3           -12             -74.27%
歸屬母公司業主淨利(百萬元)         -3           -10             -71.15%
每股盈餘(元)                    -0.08         -0.03            -166.67%

(3)最近四季累計
期間                    (114年第3季至115年第2季)
--------------------------------------------------------------------------
營業收入(百萬元)                36.31
稅前淨利(百萬元)               -10.34
歸屬母公司業主淨利(百萬元)     -11.87
每股盈餘(元)                     0.36
--------------------------------------------------------------------------
公司每股面額10元
4.有無「財團法人中華民國證券櫃檯買賣中心對有價證券上櫃公司
重大訊息之查證暨公開處理程序 」第4條所列重大訊息之情事（如
「有」，請說明）:無。
5.有無「財團法人中華民國證券櫃檯買賣中心對有價證券上櫃公司
重大訊息之查證暨公開處理程序」第11條所列重大訊息說明記者會
之情事:無。
6.其他應敘明事項:
(1)以上XXX年XX月及去年同期比較數之財務資料係本公司
依IFRS會計準則編製之合併自結數，未經會計師查核(核閱)，
僅供投資人參考。
(2)最近一季XXX年第X季及去年同期比較數係指單季數字，
係本公司依IFRS下編製之合併數，業係經會計師核閱，僅供投資人參考。
(3)最近四季累計係本公司XXX年第X季至XXX年第X季由本公司依IFRS編製之
合併數業經會計師查核(核閱)，僅供投資人參考。

************************************
補充：

************************************

--

依最新發布的公告進行更正","1 標題3629 地心引力 本公司有價證券近期股價異常故公告相關訊息以利投資人區
別瞭解

2 來源公開資訊觀測站

3 網址

4 內文

1事實發生日1150901
2發生緣由依財團法人中華民國證券櫃檯買賣中心通知辦理公告
3財務業務資訊
1單月
                            最近一月單月    去年同月      與去年同期增減
期間                          11507      11407

營業收入百萬元                    5            0              97432
稅前淨利百萬元                    0           2             11120
歸屬母公司業主淨利百萬元          0           2             11120
每股盈餘元                    001        007             11120

2單季
                            最近一季單季     去年同期      與去年同期增減
期間                        115年第2季   114年第2季

營業收入百萬元                   13             0           2485283
稅前淨利百萬元                   3           12             7427
歸屬母公司業主淨利百萬元         3           10             7115
每股盈餘元                    008         003            16667

3最近四季累計
期間                    114年第3季至115年第2季

營業收入百萬元                3631
稅前淨利百萬元               1034
歸屬母公司業主淨利百萬元     1187
每股盈餘元                     036

公司每股面額10元
4有無財團法人中華民國證券櫃檯買賣中心對有價證券上櫃公司
重大訊息之查證暨公開處理程序 第4條所列重大訊息之情事如
有請說明無
5有無財團法人中華民國證券櫃檯買賣中心對有價證券上櫃公司
重大訊息之查證暨公開處理程序第11條所列重大訊息說明記者會
之情事無
6其他應敘明事項
1以上XXX年XX月及去年同期比較數之財務資料係本公司
依IFRS會計準則編製之合併自結數未經會計師查核核閱
僅供投資人參考
2最近一季XXX年第X季及去年同期比較數係指單季數字
係本公司依IFRS下編製之合併數業係經會計師核閱僅供投資人參考
3最近四季累計係本公司XXX年第X季至XXX年第X季由本公司依IFRS編製之
合併數業經會計師查核核閱僅供投資人參考


補充","['標題', '3629', '地心引力', '公司', '有價', '證券', '近期', '股價', '異常故', '公告', '相關訊息', '以利', '投資人區', '瞭解', '來源', '公開', '資訊', '觀測', '網址', '內文', '事實發', '生日', '1150901', '發生緣', '依財團', '法人', '中華民國', '證券櫃', '中心', '通知', '辦理', '公告', '財務業務', '資訊', '單月', '最近', '一月', '單月', '去年', '同月', '去年同期', '增減', '期間', '11507', '11407', '營業', '收入', '百萬元', '97432', '稅前', '淨利百萬元', '11120', '歸屬', '母公司', '業主淨', '利百萬元', '11120', '每股', '盈餘元', '001', '007', '11120', '單季', '最近', '一季', '單季', '去年同期', '去年同期', '增減', '期間', '115', '114', '營業', '收入', '百萬元', '13', '2485283', '稅前', '淨利百萬元', '12', '7427', '歸屬', '母公司', '業主淨', '利百萬元', '10', '7115', '每股', '盈餘元', '008', '003', '16667', '最近', '四季', '累計', '期間', '114', '季至', '115', '營業', '收入', '百萬元', '3631', '稅前', '淨利百萬元', '1034', '歸屬', '母公司', '業主淨', '利百萬元', '1187', '每股', '盈餘元', '036', '公司', '每股', '面額', '10', '財團', '法人', '中華民國', '證券櫃', '中心', '價證券', '上櫃', '公司', '重大', '訊息', '查證', '公開', '處理', '程序', '條所列', '重大', '訊息', '情事', '說明', '財團', '法人', '中華民國', '證券櫃', '中心', '價證券', '上櫃', '公司', '重大', '訊息', '查證', '公開', '處理', '程序', '11', '條所列', '重大', '訊息', '說明', '記者', '情事', '其他', '應敘明', '事項', '以上', 'XXX', 'XX', '去年同期', '較數', '財務資料', '公司', 'IFRS', '會計', '準則', '查核', '核閱', '僅供', '投資人', '參考', '最近', '一季', 'XXX', '季及', '去年同期', '較數', '指單', '季數', '公司', 'IFRS', '最近', '四季', '累計', '公司', 'XXX', '季至', 'XXX', '季由本', '公司', 'IFRS', '數業', '經會', '計師', '查核', '核閱', '僅供', '投資人', '參考', '補充']",Negative,0.738872766494751
M.1788339856.A.108,[請益] 科技股ETF可以長期持有嗎,as2990430,2026-09-02 17:04:14,36,https://www.ptt.cc/bbs/Stock/M.1788339856.A.108.html,"最近看到00935  00881 00947 00913  00922
這類型的科技股ETF 這幾年下來撇除短期波動 算是打敗了0050 尤其00935（？

但是好像比較少人討論  幾乎都是討論981A
是因為不知道未來是否科技股還是會長期向上的關係嗎？

不然好像這種被動式ETF不比殺進殺出的主動式還要差…

也有適當的配息  該利用這段盤整的時間分三批歐印935 或者搭配一些正二嗎（雖然正2
這段時間有點耗損）

目前只有00935  大約還有一半的資金可以運用 預計放到明年底  太晚發現這種ETF了
附上人權圖 發現買個股心態會不好 乾脆就買ETF


--","最近看到00935  00881 00947 00913  00922
這類型的科技股ETF 這幾年下來撇除短期波動 算是打敗了0050 尤其00935

但是好像比較少人討論  幾乎都是討論981A
是因為不知道未來是否科技股還是會長期向上的關係嗎

不然好像這種被動式ETF不比殺進殺出的主動式還要差

也有適當的配息  該利用這段盤整的時間分三批歐印935 或者搭配一些正二嗎雖然正2
這段時間有點耗損

目前只有00935  大約還有一半的資金可以運用 預計放到明年底  太晚發現這種ETF了
附上人權圖 發現買個股心態會不好 乾脆就買ETF","['最近', '看到', '00935', '00881', '00947', '00913', '00922', '這類', '科技股', 'ETF', '這幾年', '下來', '撇除', '短期', '波動', '算是', '打敗', '0050', '尤其', '00935', '但是', '好像', '比較', '少人', '討論', '幾乎', '討論', '981A', '因為', '知道', '未來', '是否', '科技股', '還是', '會長', '向上', '的關', '不然', '好像', '這種', '動式', 'ETF', '不比', '進殺', '主動式', '還要', '適當', '配息', '利用', '這段', '盤整', '時間', '三批', '歐印', '935', '或者', '搭配', '一些', '正二', '雖然', '這段', '時間', '有點', '耗損', '目前', '只有', '00935', '大約', '還有', '一半', '資金', '可以', '運用', '預計', '放到', '年底', '太晚', '發現', '這種', 'ETF', '附上', '人權', '發現', '買個', '股心', '態會', '不好', '乾脆', 'ETF']",Positive,0.9980742931365967
M.1788346688.A.D7E,[情報] 0902 上市櫃股票週轉率排行,steveisaman,2026-09-02 18:58:06,2,https://www.ptt.cc/bbs/Stock/M.1788346688.A.D7E.html,"上市

排行     股票名稱       收盤價  漲跌    漲跌幅  成交量  周轉率

1        2426鼎元       104.50  -3.00   -2.79%  78,466  26.10%
2        6209今國光     84.30   +2.40   +2.93%  33,318  18.46%
3        2455全新       542.00  +18.00  +3.44%  34,014  18.40%
4        2434統懋       65.00   -3.20   -4.69%  2,454   14.43%
5        2464盟立       202.00  +18.00  +9.78%  27,614  12.15%
6        3605宏致       127.00  +1.50   +1.20%  19,992  11.44%
7        2489瑞軒       42.25   -0.55   -1.29%  64,396  10.56%
8        6830汎銓       598.00  +26.00  +4.55%  5,478   10.25%
9        6668中揚光     44.00   +1.15   +2.68%  8,038   10.07%
10       2491吉祥全     50.00   +4.25   +9.29%  8,050   9.82%

資料來源：

上櫃

排行     股票名稱       收盤價  漲跌    漲跌幅  成交量  周轉率

1        8111立碁       76.40   +1.00   +1.33%  45,295  41.52%
2        6530創威       101.00  +4.60   +4.77%  8,686   25.74%
3        3141晶宏       99.50   +9.00   +9.94%  18,170  24.08%
4        4908前鼎       218.00  -11.50  -5.01%  17,559  22.45%
5        1815富喬       131.00  +2.00   +1.55%  122,385 20.90%
6        4971IET-KY     669.00  +9.00   +1.36%  8,621   18.27%
7        6217中探針     195.50  +6.00   +3.17%  16,893  14.41%
8        3324雙鴻       1,435.0 +60.00  +4.36%  11,002  11.82%
9        6182合晶       110.50  -5.50   -4.74%  68,081  10.89%
10       6727亞泰金屬   580.00  +4.00   +0.69%  2,793   10.39%

資料來源：

何謂股票週轉率?

來源：

--","上市

排行     股票名稱       收盤價  漲跌    漲跌幅  成交量  周轉率

1        2426鼎元       10450  300   279  78466  2610
2        6209今國光     8430   240   293  33318  1846
3        2455全新       54200  1800  344  34014  1840
4        2434統懋       6500   320   469  2454   1443
5        2464盟立       20200  1800  978  27614  1215
6        3605宏致       12700  150   120  19992  1144
7        2489瑞軒       4225   055   129  64396  1056
8        6830汎銓       59800  2600  455  5478   1025
9        6668中揚光     4400   115   268  8038   1007
10       2491吉祥全     5000   425   929  8050   982

資料來源

上櫃

排行     股票名稱       收盤價  漲跌    漲跌幅  成交量  周轉率

1        8111立碁       7640   100   133  45295  4152
2        6530創威       10100  460   477  8686   2574
3        3141晶宏       9950   900   994  18170  2408
4        4908前鼎       21800  1150  501  17559  2245
5        1815富喬       13100  200   155  122385 2090
6        4971IETKY     66900  900   136  8621   1827
7        6217中探針     19550  600   317  16893  1441
8        3324雙鴻       14350 6000  436  11002  1182
9        6182合晶       11050  550   474  68081  1089
10       6727亞泰金屬   58000  400   069  2793   1039

資料來源

何謂股票週轉率

來源","['上市', '排行', '股票', '名稱', '收盤價', '漲跌', '跌幅', '成交量', '周轉率', '2426', '鼎元', '10450', '300', '279', '78466', '2610', '6209', '今國光', '8430', '240', '293', '33318', '1846', '2455', '全新', '54200', '1800', '344', '34014', '1840', '2434', '統懋', '6500', '320', '469', '2454', '1443', '2464', '盟立', '20200', '1800', '978', '27614', '1215', '3605', '宏致', '12700', '150', '120', '19992', '1144', '2489', '瑞軒', '4225', '055', '129', '64396', '1056', '6830', '59800', '2600', '455', '5478', '1025', '6668', '中揚光', '4400', '115', '268', '8038', '1007', '10', '2491', '吉祥', '5000', '425', '929', '8050', '982', '資料', '來源', '上櫃', '排行', '股票', '名稱', '收盤價', '漲跌', '跌幅', '成交量', '周轉率', '8111', '7640', '100', '133', '45295', '4152', '6530', '創威', '10100', '460', '477', '8686', '2574', '3141', '晶宏', '9950', '900', '994', '18170', '2408', '4908', '前鼎', '21800', '1150', '501', '17559', '2245', '1815', '富喬', '13100', '200', '155', '122385', '2090', '4971IETKY', '66900', '900', '136', '8621', '1827', '6217', '探針', '19550', '600', '317', '16893', '1441', '3324', '雙鴻', '14350', '6000', '436', '11002', '1182', '6182', '合晶', '11050', '550', '474', '68081', '1089', '10', '6727', '亞泰金屬', '58000', '400', '069', '2793', '1039', '資料', '來源', '何謂', '股票', '週轉率', '來源']",Negative,0.7366266846656799
M.1788346674.A.E99,[情報] 2323 中環 今日買賣:5買1賣 賺,q1a1,2026-09-02 18:57:52,10,https://www.ptt.cc/bbs/Stock/M.1788346674.A.E99.html,"1. 標題：2323 中環  買穩懋、聯發科、台積電、群聯、聯亞，賣光聖 賺

2. 來源：公開資訊觀測站

3. 網址：

4. 內文：

---公告本公司取得有價證券---
1.證券名稱:
 普通股
2.
3.董事會通過日期: 不適用
4.其他核決日期:
核決層級:董事長核決
民國115年09月02日
5.交易數量、每單位價格及交易總金額:


交易總金額（元）：406,339,278
6.處分利益（或損失）（取得有價證券者不適用）:
不適用
7.與交易標的公司之關係:
無
8.迄目前為止，本交易證券（含本次交易）之數量、金額、持股
比例及權利受限情形（如質押情形）:


9.迄目前為止，依「公開發行公司取得或處分資產處理準則」第三條所列之有價證券投
資（含本次交易）占公司最近期財務報表中總資產及歸屬於母公司業主之權益之比例
暨最近期財務報表中營運資金數額:
占總資產比例:83.85%
占歸屬於母公司業主之權益比例:112.74%
營運資金數額:8,285,327仟元
10.取得或處分之具體目的:
投資組合
11.本次交易表示異議董事之意見:
無
12.本次交易為關係人交易:
否
13.交易相對人及其與公司之關係:
不適用
14.監察人承認或審計委員會同意日期:
不適用
15.前已就同一件事件發布重大訊息日期: 不適用
16.其他敘明事項:
已於115/06/30授權有權交易人在115年第三季期間，得於集中交易市場進行有價證券交易

---公告本公司取得有價證券---
1.證券名稱:
 普通股
2.
3.董事會通過日期: 不適用
4.其他核決日期:
核決層級:董事長核決
民國115年09月02日
5.交易數量、每單位價格及交易總金額:


交易總金額（元）：397,731,023
6.處分利益（或損失）（取得有價證券者不適用）:
不適用
7.與交易標的公司之關係:
無
8.迄目前為止，本交易證券（含本次交易）之數量、金額、持股
比例及權利受限情形（如質押情形）:


9.迄目前為止，依「公開發行公司取得或處分資產處理準則」第三條所列之有價證券投
資（含本次交易）占公司最近期財務報表中總資產及歸屬於母公司業主之權益之比例
暨最近期財務報表中營運資金數額:
占總資產比例:83.85%
占歸屬於母公司業主之權益比例:112.74%
營運資金數額:8,285,327仟元
10.取得或處分之具體目的:
投資組合
11.本次交易表示異議董事之意見:
無
12.本次交易為關係人交易:
否
13.交易相對人及其與公司之關係:
不適用
14.監察人承認或審計委員會同意日期:
不適用
15.前已就同一件事件發布重大訊息日期: 不適用
16.其他敘明事項:
已於115/06/30授權有權交易人在115年第三季期間，得於集中交易市場進行有價證券交易


---公告本公司取得有價證券---
1.證券名稱:
 普通股
2.
3.董事會通過日期: 不適用
4.其他核決日期:
核決層級:董事長核決
民國115年09月02日
5.交易數量、每單位價格及交易總金額:


交易總金額（元）：347,554,916
6.處分利益（或損失）（取得有價證券者不適用）:
不適用
7.與交易標的公司之關係:
無
8.迄目前為止，本交易證券（含本次交易）之數量、金額、持股
比例及權利受限情形（如質押情形）:


9.迄目前為止，依「公開發行公司取得或處分資產處理準則」第三條所列之有價證券投
資（含本次交易）占公司最近期財務報表中總資產及歸屬於母公司業主之權益之比例
暨最近期財務報表中營運資金數額:
占總資產比例:83.85%
占歸屬於母公司業主之權益比例:112.74%
營運資金數額:8,285,327仟元
10.取得或處分之具體目的:
投資組合
11.本次交易表示異議董事之意見:
無
12.本次交易為關係人交易:
否
13.交易相對人及其與公司之關係:
不適用
14.監察人承認或審計委員會同意日期:
不適用
15.前已就同一件事件發布重大訊息日期: 不適用
16.其他敘明事項:
已於115/06/30授權有權交易人在115年第三季期間，得於集中交易市場進行有價證券交易

---公告本公司取得有價證券---
1.證券名稱:
 普通股
2.
3.董事會通過日期: 不適用
4.其他核決日期:
核決層級:董事長核決
民國115年09月02日
5.交易數量、每單位價格及交易總金額:


交易總金額（元）：319,169,564
6.處分利益（或損失）（取得有價證券者不適用）:
不適用
7.與交易標的公司之關係:
無
8.迄目前為止，本交易證券（含本次交易）之數量、金額、持股
比例及權利受限情形（如質押情形）:


9.迄目前為止，依「公開發行公司取得或處分資產處理準則」第三條所列之有價證券投
資（含本次交易）占公司最近期財務報表中總資產及歸屬於母公司業主之權益之比例
暨最近期財務報表中營運資金數額:
占總資產比例:83.85%
占歸屬於母公司業主之權益比例:112.74%
營運資金數額:8,285,327仟元
10.取得或處分之具體目的:
投資組合
11.本次交易表示異議董事之意見:
無
12.本次交易為關係人交易:
否
13.交易相對人及其與公司之關係:
不適用
14.監察人承認或審計委員會同意日期:
不適用
15.前已就同一件事件發布重大訊息日期: 不適用
16.其他敘明事項:
已於115/06/30授權有權交易人在115年第三季期間，得於集中交易市場進行有價證券交易

---公告本公司取得有價證券---
1.證券名稱:
 普通股
2.
3.董事會通過日期: 不適用
4.其他核決日期:
核決層級:董事長核決
民國115年09月02日
5.交易數量、每單位價格及交易總金額:


交易總金額（元）：309,736,405
6.處分利益（或損失）（取得有價證券者不適用）:
不適用
7.與交易標的公司之關係:
無
8.迄目前為止，本交易證券（含本次交易）之數量、金額、持股
比例及權利受限情形（如質押情形）:


9.迄目前為止，依「公開發行公司取得或處分資產處理準則」第三條所列之有價證券投
資（含本次交易）占公司最近期財務報表中總資產及歸屬於母公司業主之權益之比例
暨最近期財務報表中營運資金數額:
占總資產比例:83.85%
占歸屬於母公司業主之權益比例:112.74%
營運資金數額:8,285,327仟元
10.取得或處分之具體目的:
投資組合
11.本次交易表示異議董事之意見:
無
12.本次交易為關係人交易:
否
13.交易相對人及其與公司之關係:
不適用
14.監察人承認或審計委員會同意日期:
不適用
15.前已就同一件事件發布重大訊息日期: 不適用
16.其他敘明事項:
已於115/06/30授權有權交易人在115年第三季期間，得於集中交易市場進行有價證券交易

---公告本公司處分有價證券---
1.證券名稱:
 普通股
2.
3.董事會通過日期: 不適用
4.其他核決日期:
核決層級:董事長核決
民國115年09月02日
5.交易數量、每單位價格及交易總金額:


交易總金額（元）：320,353,111
6.處分利益（或損失）（取得有價證券者不適用）:

7.與交易標的公司之關係:
無
8.迄目前為止，本交易證券（含本次交易）之數量、金額、持股
比例及權利受限情形（如質押情形）:


9.迄目前為止，依「公開發行公司取得或處分資產處理準則」第三條所列之有價證券投
資（含本次交易）占公司最近期財務報表中總資產及歸屬於母公司業主之權益之比例
暨最近期財務報表中營運資金數額:
占總資產比例:83.85%
占歸屬於母公司業主之權益比例:112.74%
營運資金數額:8,285,327仟元
10.取得或處分之具體目的:
投資組合
11.本次交易表示異議董事之意見:
無
12.本次交易為關係人交易:
否
13.交易相對人及其與公司之關係:
不適用
14.監察人承認或審計委員會同意日期:
不適用
15.前已就同一件事件發布重大訊息日期: 不適用
16.其他敘明事項:
已於115/06/30授權有權交易人在115年第三季期間，得於集中交易市場進行有價證券交易



************************************
補充 只有1則賣出公告
賣 光聖  21,464,765元
************************************

--","1 標題2323 中環  買穩懋聯發科台積電群聯聯亞賣光聖 賺

2 來源公開資訊觀測站

3 網址

4 內文

公告本公司取得有價證券
1證券名稱
 普通股
2
3董事會通過日期 不適用
4其他核決日期
核決層級董事長核決
民國115年09月02日
5交易數量每單位價格及交易總金額


交易總金額元406339278
6處分利益或損失取得有價證券者不適用
不適用
7與交易標的公司之關係
無
8迄目前為止本交易證券含本次交易之數量金額持股
比例及權利受限情形如質押情形


9迄目前為止依公開發行公司取得或處分資產處理準則第三條所列之有價證券投
資含本次交易占公司最近期財務報表中總資產及歸屬於母公司業主之權益之比例
暨最近期財務報表中營運資金數額
占總資產比例8385
占歸屬於母公司業主之權益比例11274
營運資金數額8285327仟元
10取得或處分之具體目的
投資組合
11本次交易表示異議董事之意見
無
12本次交易為關係人交易
否
13交易相對人及其與公司之關係
不適用
14監察人承認或審計委員會同意日期
不適用
15前已就同一件事件發布重大訊息日期 不適用
16其他敘明事項
已於1150630授權有權交易人在115年第三季期間得於集中交易市場進行有價證券交易

公告本公司取得有價證券
1證券名稱
 普通股
2
3董事會通過日期 不適用
4其他核決日期
核決層級董事長核決
民國115年09月02日
5交易數量每單位價格及交易總金額


交易總金額元397731023
6處分利益或損失取得有價證券者不適用
不適用
7與交易標的公司之關係
無
8迄目前為止本交易證券含本次交易之數量金額持股
比例及權利受限情形如質押情形


9迄目前為止依公開發行公司取得或處分資產處理準則第三條所列之有價證券投
資含本次交易占公司最近期財務報表中總資產及歸屬於母公司業主之權益之比例
暨最近期財務報表中營運資金數額
占總資產比例8385
占歸屬於母公司業主之權益比例11274
營運資金數額8285327仟元
10取得或處分之具體目的
投資組合
11本次交易表示異議董事之意見
無
12本次交易為關係人交易
否
13交易相對人及其與公司之關係
不適用
14監察人承認或審計委員會同意日期
不適用
15前已就同一件事件發布重大訊息日期 不適用
16其他敘明事項
已於1150630授權有權交易人在115年第三季期間得於集中交易市場進行有價證券交易


公告本公司取得有價證券
1證券名稱
 普通股
2
3董事會通過日期 不適用
4其他核決日期
核決層級董事長核決
民國115年09月02日
5交易數量每單位價格及交易總金額


交易總金額元347554916
6處分利益或損失取得有價證券者不適用
不適用
7與交易標的公司之關係
無
8迄目前為止本交易證券含本次交易之數量金額持股
比例及權利受限情形如質押情形


9迄目前為止依公開發行公司取得或處分資產處理準則第三條所列之有價證券投
資含本次交易占公司最近期財務報表中總資產及歸屬於母公司業主之權益之比例
暨最近期財務報表中營運資金數額
占總資產比例8385
占歸屬於母公司業主之權益比例11274
營運資金數額8285327仟元
10取得或處分之具體目的
投資組合
11本次交易表示異議董事之意見
無
12本次交易為關係人交易
否
13交易相對人及其與公司之關係
不適用
14監察人承認或審計委員會同意日期
不適用
15前已就同一件事件發布重大訊息日期 不適用
16其他敘明事項
已於1150630授權有權交易人在115年第三季期間得於集中交易市場進行有價證券交易

公告本公司取得有價證券
1證券名稱
 普通股
2
3董事會通過日期 不適用
4其他核決日期
核決層級董事長核決
民國115年09月02日
5交易數量每單位價格及交易總金額


交易總金額元319169564
6處分利益或損失取得有價證券者不適用
不適用
7與交易標的公司之關係
無
8迄目前為止本交易證券含本次交易之數量金額持股
比例及權利受限情形如質押情形


9迄目前為止依公開發行公司取得或處分資產處理準則第三條所列之有價證券投
資含本次交易占公司最近期財務報表中總資產及歸屬於母公司業主之權益之比例
暨最近期財務報表中營運資金數額
占總資產比例8385
占歸屬於母公司業主之權益比例11274
營運資金數額8285327仟元
10取得或處分之具體目的
投資組合
11本次交易表示異議董事之意見
無
12本次交易為關係人交易
否
13交易相對人及其與公司之關係
不適用
14監察人承認或審計委員會同意日期
不適用
15前已就同一件事件發布重大訊息日期 不適用
16其他敘明事項
已於1150630授權有權交易人在115年第三季期間得於集中交易市場進行有價證券交易

公告本公司取得有價證券
1證券名稱
 普通股
2
3董事會通過日期 不適用
4其他核決日期
核決層級董事長核決
民國115年09月02日
5交易數量每單位價格及交易總金額


交易總金額元309736405
6處分利益或損失取得有價證券者不適用
不適用
7與交易標的公司之關係
無
8迄目前為止本交易證券含本次交易之數量金額持股
比例及權利受限情形如質押情形


9迄目前為止依公開發行公司取得或處分資產處理準則第三條所列之有價證券投
資含本次交易占公司最近期財務報表中總資產及歸屬於母公司業主之權益之比例
暨最近期財務報表中營運資金數額
占總資產比例8385
占歸屬於母公司業主之權益比例11274
營運資金數額8285327仟元
10取得或處分之具體目的
投資組合
11本次交易表示異議董事之意見
無
12本次交易為關係人交易
否
13交易相對人及其與公司之關係
不適用
14監察人承認或審計委員會同意日期
不適用
15前已就同一件事件發布重大訊息日期 不適用
16其他敘明事項
已於1150630授權有權交易人在115年第三季期間得於集中交易市場進行有價證券交易

公告本公司處分有價證券
1證券名稱
 普通股
2
3董事會通過日期 不適用
4其他核決日期
核決層級董事長核決
民國115年09月02日
5交易數量每單位價格及交易總金額


交易總金額元320353111
6處分利益或損失取得有價證券者不適用

7與交易標的公司之關係
無
8迄目前為止本交易證券含本次交易之數量金額持股
比例及權利受限情形如質押情形


9迄目前為止依公開發行公司取得或處分資產處理準則第三條所列之有價證券投
資含本次交易占公司最近期財務報表中總資產及歸屬於母公司業主之權益之比例
暨最近期財務報表中營運資金數額
占總資產比例8385
占歸屬於母公司業主之權益比例11274
營運資金數額8285327仟元
10取得或處分之具體目的
投資組合
11本次交易表示異議董事之意見
無
12本次交易為關係人交易
否
13交易相對人及其與公司之關係
不適用
14監察人承認或審計委員會同意日期
不適用
15前已就同一件事件發布重大訊息日期 不適用
16其他敘明事項
已於1150630授權有權交易人在115年第三季期間得於集中交易市場進行有價證券交易




補充 只有1則賣出公告
賣 光聖  21464765元","['標題', '2323', '中環', '穩懋聯', '發科', '台積電', '群聯', '聯亞賣', '光聖', '來源', '公開', '資訊', '觀測', '網址', '內文', '公告', '公司', '取得', '有價', '證券', '證券', '名稱', '普通股', '董事', '通過', '日期', '適用', '其他', '核決', '日期', '核決', '層級', '董事', '核決', '民國', '115', '09', '02', '交易', '數量', '單位', '價格及', '交易', '總金額', '交易', '總金額', '406339278', '處分', '利益', '損失', '取得', '有價', '證券者', '適用', '適用', '交易', '公司', '之關', '目前', '為止', '交易', '證券', '本次', '交易', '之數量', '金額', '持股', '比例', '權利', '受限', '情形', '如質', '情形', '目前', '為止', '依公開', '發行', '公司', '取得', '或處', '分資產', '處理', '準則', '第三', '條所列', '價證券', '資含', '本次', '交易', '公司', '近期', '財務', '報表中', '總資產及', '歸屬', '母公司', '業主', '權益', '比例', '近期', '財務', '報表中營', '運資金', '數額', '總資產', '比例', '8385', '占歸屬', '母公司', '業主', '權益', '比例', '11274', '營運資', '金數額', '8285327', '仟元', '10', '取得', '處分', '具體', '目的', '投資', '組合', '11', '本次', '交易', '表示', '異議', '董事', '之意', '12', '本次', '交易', '為關', '交易', '13', '交易', '相對', '及其', '公司', '之關', '適用', '14', '監察人', '承認', '審計委員會', '同意', '日期', '適用', '15', '一件', '事件', '發布', '重大', '訊息', '日期', '適用', '16', '其他', '敘明', '事項', '1150630', '授權', '有權', '交易', '115', '第三季', '期間', '集中', '交易', '市場', '進行', '價證券', '交易', '公告', '公司', '取得', '有價', '證券', '證券', '名稱', '普通股', '董事', '通過', '日期', '適用', '其他', '核決', '日期', '核決', '層級', '董事', '核決', '民國', '115', '09', '02', '交易', '數量', '單位', '價格及', '交易', '總金額', '交易', '總金額', '397731023', '處分', '利益', '損失', '取得', '有價', '證券者', '適用', '適用', '交易', '公司', '之關', '目前', '為止', '交易', '證券', '本次', '交易', '之數量', '金額', '持股', '比例', '權利', '受限', '情形', '如質', '情形', '目前', '為止', '依公開', '發行', '公司', '取得', '或處', '分資產', '處理', '準則', '第三', '條所列', '價證券', '資含', '本次', '交易', '公司', '近期', '財務', '報表中', '總資產及', '歸屬', '母公司', '業主', '權益', '比例', '近期', '財務', '報表中營', '運資金', '數額', '總資產', '比例', '8385', '占歸屬', '母公司', '業主', '權益', '比例', '11274', '營運資', '金數額', '8285327', '仟元', '10', '取得', '處分', '具體', '目的', '投資', '組合', '11', '本次', '交易', '表示', '異議', '董事', '之意', '12', '本次', '交易', '為關', '交易', '13', '交易', '相對', '及其', '公司', '之關', '適用', '14', '監察人', '承認', '審計委員會', '同意', '日期', '適用', '15', '一件', '事件', '發布', '重大', '訊息', '日期', '適用', '16', '其他', '敘明', '事項', '1150630', '授權', '有權', '交易', '115', '第三季', '期間', '集中', '交易', '市場', '進行', '價證券', '交易', '公告', '公司', '取得', '有價', '證券', '證券', '名稱', '普通股', '董事', '通過', '日期', '適用', '其他', '核決', '日期', '核決', '層級', '董事', '核決', '民國', '115', '09', '02', '交易', '數量', '單位', '價格及', '交易', '總金額', '交易', '總金額', '347554916', '處分', '利益', '損失', '取得', '有價', '證券者', '適用', '適用', '交易', '公司', '之關', '目前', '為止', '交易', '證券', '本次', '交易', '之數量', '金額', '持股', '比例', '權利', '受限', '情形', '如質', '情形', '目前', '為止', '依公開', '發行', '公司', '取得', '或處', '分資產', '處理', '準則', '第三', '條所列', '價證券', '資含', '本次', '交易', '公司', '近期', '財務', '報表中', '總資產及', '歸屬', '母公司', '業主', '權益', '比例', '近期', '財務', '報表中營', '運資金', '數額', '總資產', '比例', '8385', '占歸屬', '母公司', '業主', '權益', '比例', '11274', '營運資', '金數額', '8285327', '仟元', '10', '取得', '處分', '具體', '目的', '投資', '組合', '11', '本次', '交易', '表示', '異議', '董事', '之意', '12', '本次', '交易', '為關', '交易', '13', '交易', '相對', '及其', '公司', '之關', '適用', '14', '監察人', '承認', '審計委員會', '同意', '日期', '適用', '15', '一件', '事件', '發布', '重大', '訊息', '日期', '適用', '16', '其他', '敘明', '事項', '1150630', '授權', '有權', '交易', '115', '第三季', '期間', '集中', '交易', '市場', '進行', '價證券', '交易', '公告', '公司', '取得', '有價', '證券', '證券', '名稱', '普通股', '董事', '通過', '日期', '適用', '其他', '核決', '日期', '核決', '層級', '董事', '核決', '民國', '115', '09', '02', '交易', '數量', '單位', '價格及', '交易', '總金額', '交易', '總金額', '319169564', '處分', '利益', '損失', '取得', '有價', '證券者', '適用', '適用', '交易', '公司', '之關', '目前', '為止', '交易', '證券', '本次', '交易', '之數量', '金額', '持股', '比例', '權利', '受限', '情形', '如質', '情形', '目前', '為止', '依公開', '發行', '公司', '取得', '或處', '分資產', '處理', '準則', '第三', '條所列', '價證券', '資含', '本次', '交易', '公司', '近期', '財務', '報表中', '總資產及', '歸屬', '母公司', '業主', '權益', '比例', '近期', '財務', '報表中營', '運資金', '數額', '總資產', '比例', '8385', '占歸屬', '母公司', '業主', '權益', '比例', '11274', '營運資', '金數額', '8285327', '仟元', '10', '取得', '處分', '具體', '目的', '投資', '組合', '11', '本次', '交易', '表示', '異議', '董事', '之意', '12', '本次', '交易', '為關', '交易', '13', '交易', '相對', '及其', '公司', '之關', '適用', '14', '監察人', '承認', '審計委員會', '同意', '日期', '適用', '15', '一件', '事件', '發布', '重大', '訊息', '日期', '適用', '16', '其他', '敘明', '事項', '1150630', '授權', '有權', '交易', '115', '第三季', '期間', '集中', '交易', '市場', '進行', '價證券', '交易', '公告', '公司', '取得', '有價', '證券', '證券', '名稱', '普通股', '董事', '通過', '日期', '適用', '其他', '核決', '日期', '核決', '層級', '董事', '核決', '民國', '115', '09', '02', '交易', '數量', '單位', '價格及', '交易', '總金額', '交易', '總金額', '309736405', '處分', '利益', '損失', '取得', '有價', '證券者', '適用', '適用', '交易', '公司', '之關', '目前', '為止', '交易', '證券', '本次', '交易', '之數量', '金額', '持股', '比例', '權利', '受限', '情形', '如質', '情形', '目前', '為止', '依公開', '發行', '公司', '取得', '或處', '分資產', '處理', '準則', '第三', '條所列', '價證券', '資含', '本次', '交易', '公司', '近期', '財務', '報表中', '總資產及', '歸屬', '母公司', '業主', '權益', '比例', '近期', '財務', '報表中營', '運資金', '數額', '總資產', '比例', '8385', '占歸屬', '母公司', '業主', '權益', '比例', '11274', '營運資', '金數額', '8285327', '仟元', '10', '取得', '處分', '具體', '目的', '投資', '組合', '11', '本次', '交易', '表示', '異議', '董事', '之意', '12', '本次', '交易', '為關', '交易', '13', '交易', '相對', '及其', '公司', '之關', '適用', '14', '監察人', '承認', '審計委員會', '同意', '日期', '適用', '15', '一件', '事件', '發布', '重大', '訊息', '日期', '適用', '16', '其他', '敘明', '事項', '1150630', '授權', '有權', '交易', '115', '第三季', '期間', '集中', '交易', '市場', '進行', '價證券', '交易', '公告', '公司', '處分', '價證券', '證券', '名稱', '普通股', '董事', '通過', '日期', '適用', '其他', '核決', '日期', '核決', '層級', '董事', '核決', '民國', '115', '09', '02', '交易', '數量', '單位', '價格及', '交易', '總金額', '交易', '總金額', '320353111', '處分', '利益', '損失', '取得', '有價', '證券者', '適用', '交易', '公司', '之關', '目前', '為止', '交易', '證券', '本次', '交易', '之數量', '金額', '持股', '比例', '權利', '受限', '情形', '如質', '情形', '目前', '為止', '依公開', '發行', '公司', '取得', '或處', '分資產', '處理', '準則', '第三', '條所列', '價證券', '資含', '本次', '交易', '公司', '近期', '財務', '報表中', '總資產及', '歸屬', '母公司', '業主', '權益', '比例', '近期', '財務', '報表中營', '運資金', '數額', '總資產', '比例', '8385', '占歸屬', '母公司', '業主', '權益', '比例', '11274', '營運資', '金數額', '8285327', '仟元', '10', '取得', '處分', '具體', '目的', '投資', '組合', '11', '本次', '交易', '表示', '異議', '董事', '之意', '12', '本次', '交易', '為關', '交易', '13', '交易', '相對', '及其', '公司', '之關', '適用', '14', '監察人', '承認', '審計委員會', '同意', '日期', '適用', '15', '一件', '事件', '發布', '重大', '訊息', '日期', '適用', '16', '其他', '敘明', '事項', '1150630', '授權', '有權', '交易', '115', '第三季', '期間', '集中', '交易', '市場', '進行', '價證券', '交易', '補充', '只有', '則賣', '公告', '光聖', '21464765']",Positive,0.8733692765235901
M.1788346122.A.804,[情報] 0902 上市櫃外資投信買超金額排行,steveisaman,2026-09-02 18:48:40,1,https://www.ptt.cc/bbs/Stock/M.1788346122.A.804.html,"外資

排行    股票名稱   收盤價   漲跌  買超(百萬)

1       3008大立光  7810    +230     3,183
2       2344華邦電  179     +3       2,623
3       3324雙鴻    1435    +60      2,498
4       2464盟立    202     +18      2,309
5       3653健策    5770    -115     1,918
6       2455全新    542     +18      1,471
7       3231緯創    185.5   +3.5     1,324
8       2357華碩    1010    0        1,319
9       3019亞光    157.5   +14      1,044
10      8299群聯    2065    -60      1,005

資料來源：

投信

排行    股票名稱   收盤價   漲跌  買超(百萬)

1       5274信驊    17725   +605     4,402
2       2454聯發科  4275    -40      3,746
3       6515穎崴    7050    +140     1,577
4       3231緯創    185.5   +3.5     1,233
5       2368金像電  1175    -50        857
6       1303南亞    237.5   +3         796
7       2455全新    542     +18        762
8       6510精測    3435    +310       654
9       3661世芯-KY 4200    -75        538
10      2882國泰金  109     -2         448


資料來源：

以上 謝謝

--","外資

排行    股票名稱   收盤價   漲跌  買超百萬

1       3008大立光  7810    230     3183
2       2344華邦電  179     3       2623
3       3324雙鴻    1435    60      2498
4       2464盟立    202     18      2309
5       3653健策    5770    115     1918
6       2455全新    542     18      1471
7       3231緯創    1855   35     1324
8       2357華碩    1010    0        1319
9       3019亞光    1575   14      1044
10      8299群聯    2065    60      1005

資料來源

投信

排行    股票名稱   收盤價   漲跌  買超百萬

1       5274信驊    17725   605     4402
2       2454聯發科  4275    40      3746
3       6515穎崴    7050    140     1577
4       3231緯創    1855   35     1233
5       2368金像電  1175    50        857
6       1303南亞    2375   3         796
7       2455全新    542     18        762
8       6510精測    3435    310       654
9       3661世芯KY 4200    75        538
10      2882國泰金  109     2         448


資料來源

以上 謝謝","['外資', '排行', '股票', '名稱', '收盤價', '漲跌', '超百萬', '3008', '大立光', '7810', '230', '3183', '2344', '華邦電', '179', '2623', '3324', '雙鴻', '1435', '60', '2498', '2464', '盟立', '202', '18', '2309', '3653', '健策', '5770', '115', '1918', '2455', '全新', '542', '18', '1471', '3231', '緯創', '1855', '35', '1324', '2357', '華碩', '1010', '1319', '3019', '亞光', '1575', '14', '1044', '10', '8299', '群聯', '2065', '60', '1005', '資料', '來源', '投信', '排行', '股票', '名稱', '收盤價', '漲跌', '超百萬', '5274', '信驊', '17725', '605', '4402', '2454', '聯發科', '4275', '40', '3746', '6515', '7050', '140', '1577', '3231', '緯創', '1855', '35', '1233', '2368', '金像', '1175', '50', '857', '1303', '南亞', '2375', '796', '2455', '全新', '542', '18', '762', '6510', '精測', '3435', '310', '654', '3661', '世芯', 'KY', '4200', '75', '538', '10', '2882', '國泰金', '109', '448', '資料', '來源', '以上', '謝謝']",Positive,0.550493061542511
M.1788345868.A.D2C,[新聞] 142萬人瘋存債 街口 ETF 00992B 在9月14,diabloqq,2026-09-02 18:44:21,38,https://www.ptt.cc/bbs/Stock/M.1788345868.A.D2C.html,"。







瞄準國人多元資產配置需求，街口投信將推出街口特選優息非投資等級債券ETF（00992B
），鎖定存續期限一至五年的短天期債券，同時導入雙重分散與信用預警機制，力求兼顧
收益機會與投資組合風險控管。預計9月14日展開募集，發行價格為新台幣10元，並採月
配息機制，滿足投資人現金流規劃需求。

近年國人「存債」熱度持續升溫，根據投信投顧公會資料，截至2026年7月底，國內債券E
TF規模達2.85兆元，較2022年底的1.21兆元成長約135%；受益人數更由15.1萬人攀升至14
2.5萬人，增幅達843%，不到四年間成長逾八倍，反映債券ETF已成為投資人打造現金流及
分散資產配置的重要工具。

各類債券中，非投資等級債具有存續期短的特性，受利率波動影響較輕，有助於穿越景氣
與利率循環，街口投信分析，根據彭博統計過去25年多次升、降息循環，無論處於「升息
循環至降息前」或「降息循環至升息前」階段，非投資等級債報酬表現多優於投資級公司
債、政府債券及新興市場債券。

除利率敏感度較低，較高票息也有助於持續挹注收益，隨投資期間拉長，非投資等級債累
積報酬效果更為明顯。根據彭博統計近26年ICE美銀主要債券指數表現，美國非投資等級
債累積報酬達426.89%，高於美國新興市場債券的278.57%、美國投資級公司債券的258.89
%，以及全球政府債券的110.85%，長期報酬表現相對突出。

看好非投資等級債券收益潛力，街口投信推出街口特選優息非投資等級債券ETF，追蹤ICE
 TPEx 1-5年期已開發市場高票息美元非投資等級債券指數，鎖定存續期限一至五年的非
投資等級債券，以「短天期、高票息」為主要選債特色，透過縮短存續期間降低利率波動
影響，同時掌握非投資等級債券的高收益機會。

主要債券指數累積報酬。(資料來源：Bloomberg)







--","瞄準國人多元資產配置需求街口投信將推出街口特選優息非投資等級債券ETF00992B
鎖定存續期限一至五年的短天期債券同時導入雙重分散與信用預警機制力求兼顧
收益機會與投資組合風險控管預計9月14日展開募集發行價格為新台幣10元並採月
配息機制滿足投資人現金流規劃需求

近年國人存債熱度持續升溫根據投信投顧公會資料截至2026年7月底國內債券E
TF規模達285兆元較2022年底的121兆元成長約135受益人數更由151萬人攀升至14
25萬人增幅達843不到四年間成長逾八倍反映債券ETF已成為投資人打造現金流及
分散資產配置的重要工具

各類債券中非投資等級債具有存續期短的特性受利率波動影響較輕有助於穿越景氣
與利率循環街口投信分析根據彭博統計過去25年多次升降息循環無論處於升息
循環至降息前或降息循環至升息前階段非投資等級債報酬表現多優於投資級公司
債政府債券及新興市場債券

除利率敏感度較低較高票息也有助於持續挹注收益隨投資期間拉長非投資等級債累
積報酬效果更為明顯根據彭博統計近26年ICE美銀主要債券指數表現美國非投資等級
債累積報酬達42689高於美國新興市場債券的27857美國投資級公司債券的25889
以及全球政府債券的11085長期報酬表現相對突出

看好非投資等級債券收益潛力街口投信推出街口特選優息非投資等級債券ETF追蹤ICE
 TPEx 15年期已開發市場高票息美元非投資等級債券指數鎖定存續期限一至五年的非
投資等級債券以短天期高票息為主要選債特色透過縮短存續期間降低利率波動
影響同時掌握非投資等級債券的高收益機會

主要債券指數累積報酬資料來源Bloomberg","['瞄準', '國人', '多元', '資產', '配置', '需求', '街口', '投信將', '推出', '街口', '特選', '優息', '投資', '等級', '債券', 'ETF00992B', '定存', '期限', '一至', '五年', '天期', '債券同', '時導入', '雙重', '分散', '信用', '預警', '機制', '力求', '兼顧', '收益', '機會', '投資', '組合', '風險', '控管', '預計', '14', '日展', '募集', '發行', '價格', '台幣', '10', '元並', '採月', '配息', '機制', '滿足', '投資人', '現金流', '規劃', '需求', '近年', '國人', '存債', '熱度', '持續', '升溫', '根據', '投信', '投顧', '公會', '資料', '截至', '2026', '月底', '國內', '債券', 'TF', '規模', '285', '兆元', '2022', '年底', '121', '兆元', '成長', '135', '受益人', '數更', '151', '萬人', '攀升', '14', '25', '萬人', '增幅', '843', '不到', '四年', '成長', '八倍', '反映', '債券', 'ETF', '已成', '投資人', '打造', '現金流', '分散', '資產', '配置', '重要', '工具', '各類', '債券', '中非', '投資', '等級債', '具有', '存續期', '特性', '利率', '波動', '影響', '有助', '穿越', '景氣', '利率', '循環', '街口', '投信', '分析', '根據', '彭博統', '計過', '25', '多次', '升降', '息循', '環無論', '升息', '循環至', '降息', '降息', '循環至', '升息', '前階段', '投資', '等級', '債報', '酬表現', '投資級', '公司', '政府', '債券及', '新興', '市場', '債券', '利率', '敏感度', '高票', '有助', '持續', '挹注', '收益', '隨投資期', '間拉長', '投資', '等級', '債累', '積報酬', '效果', '更為', '明顯', '根據', '彭博統', '計近', '26', 'ICE', '美銀', '主要', '債券', '指數表現', '美國非', '投資', '等級', '債累積', '報酬', '42689', '美國', '新興', '市場', '債券', '27857', '美國', '投資級', '公司', '債券', '25889', '以及', '全球', '政府', '債券', '11085', '期報', '酬表現', '相對', '突出', '看好', '投資', '等級', '債券', '收益', '潛力', '街口', '投信', '推出', '街口', '特選', '優息', '投資', '等級', '債券', 'ETF', 'ICE', 'TPEx', '15', '年期', '已開', '發市場', '高票', '美元', '投資', '等級', '債券', '指數鎖', '定存', '期限', '一至', '五年', '投資', '等級', '債券', '天期', '高票', '息為', '主要', '選債', '特色', '透過', '縮短', '存續', '期間', '降低利率', '波動', '影響', '同時', '掌握', '投資', '等級', '債券', '收益', '機會', '主要', '債券', '指數', '累積', '報酬', '資料', '來源', 'Bloomberg']",Positive,0.9983952641487122
M.1788345424.A.D11,"[情報] 2545 皇翔 買台積電135張 均價:2,418.89",q1a1,2026-09-02 18:37:02,27,https://www.ptt.cc/bbs/Stock/M.1788345424.A.D11.html,"1. 標題：公告取得有價證券

2. 來源：公開資訊觀測站

3. 網址：

4. 內文：

1.證券名稱:
灣體路製造股份有限公司
2.
3.董事會通過日期: 不適用
4.其他核決日期:
核決層級:董事長核決
民國115年9月2日
5.交易數量、每單位價格及交易總金額:


交易總金額：新台幣326,550仟元
6.處分利益（或損失）（取得有價證券者不適用）:
不適用
7.與交易標的公司之關係:
無
8.迄目前為止，本交易證券（含本次交易）之數量、金額、持股
比例及權利受限情形（如質押情形）:



9.迄目前為止，依「公開發行公司取得或處分資產處理準則」第三條所列之有價證券投
資（含本次交易）占公司最近期財務報表中總資產及歸屬於母公司業主之權益之比例
暨最近期財務報表中營運資金數額:
占總資產比例:0.590%
占母公司業主之權益比例:2.229%
營運資金:新台幣14,739,777仟元
10.取得或處分之具體目的:
為提高本公司之資金運用效益
11.本次交易表示異議董事之意見:
不適用
12.本次交易為關係人交易:
否
13.交易相對人及其與公司之關係:
不適用
14.監察人承認或審計委員會同意日期:
不適用
15.前已就同一件事件發布重大訊息日期: 不適用
16.其他敘明事項:
無

--","1 標題公告取得有價證券

2 來源公開資訊觀測站

3 網址

4 內文

1證券名稱
灣體路製造股份有限公司
2
3董事會通過日期 不適用
4其他核決日期
核決層級董事長核決
民國115年9月2日
5交易數量每單位價格及交易總金額


交易總金額新台幣326550仟元
6處分利益或損失取得有價證券者不適用
不適用
7與交易標的公司之關係
無
8迄目前為止本交易證券含本次交易之數量金額持股
比例及權利受限情形如質押情形



9迄目前為止依公開發行公司取得或處分資產處理準則第三條所列之有價證券投
資含本次交易占公司最近期財務報表中總資產及歸屬於母公司業主之權益之比例
暨最近期財務報表中營運資金數額
占總資產比例0590
占母公司業主之權益比例2229
營運資金新台幣14739777仟元
10取得或處分之具體目的
為提高本公司之資金運用效益
11本次交易表示異議董事之意見
不適用
12本次交易為關係人交易
否
13交易相對人及其與公司之關係
不適用
14監察人承認或審計委員會同意日期
不適用
15前已就同一件事件發布重大訊息日期 不適用
16其他敘明事項
無","['標題', '公告', '取得', '有價', '證券', '來源', '公開', '資訊', '觀測', '網址', '內文', '證券', '名稱', '灣體', '股份', '有限公司', '董事', '通過', '日期', '適用', '其他', '核決', '日期', '核決', '層級', '董事', '核決', '民國', '115', '交易', '數量', '單位', '價格及', '交易', '總金額', '交易', '總金額', '台幣', '326550', '仟元', '處分', '利益', '損失', '取得', '有價', '證券者', '適用', '適用', '交易', '公司', '之關', '目前', '為止', '交易', '證券', '本次', '交易', '之數量', '金額', '持股', '比例', '權利', '受限', '情形', '如質', '情形', '目前', '為止', '依公開', '發行', '公司', '取得', '或處', '分資產', '處理', '準則', '第三', '條所列', '價證券', '資含', '本次', '交易', '公司', '近期', '財務', '報表中', '總資產及', '歸屬', '母公司', '業主', '權益', '比例', '近期', '財務', '報表中營', '運資金', '數額', '總資產', '比例', '0590', '母公司', '業主', '權益', '比例', '2229', '營運資', '金新', '台幣', '14739777', '仟元', '10', '取得', '處分', '具體', '目的', '提高', '公司', '之資', '金運用', '效益', '11', '本次', '交易', '表示', '異議', '董事', '之意', '適用', '12', '本次', '交易', '為關', '交易', '13', '交易', '相對', '及其', '公司', '之關', '適用', '14', '監察人', '承認', '審計委員會', '同意', '日期', '適用', '15', '一件', '事件', '發布', '重大', '訊息', '日期', '適用', '16', '其他', '敘明', '事項']",Positive,0.6175450086593628
M.1788342039.A.0F4,Re: [標的] 大盤 空,a245065789,2026-09-02 17:40:37,18,https://www.ptt.cc/bbs/Stock/M.1788342039.A.0F4.html,"感謝大大指引

小弟夜盤已經先平部分

千點真的好吃

週二的假拉 應該是滿多人套進去






--","感謝大大指引

小弟夜盤已經先平部分

千點真的好吃

週二的假拉 應該是滿多人套進去","['感謝', '大大', '指引', '小弟', '夜盤', '已經', '先平', '部分', '千點', '真的', '好吃', '週二', '假拉', '應該', '滿多', '人套', '進去']",Positive,0.9990941286087036
M.1788339364.A.548,[新聞] AI token跌破1美元創新低 ,adamcha,2026-09-02 16:56:01,爆,https://www.ptt.cc/bbs/Stock/M.1788339364.A.548.html,"AI token跌破1美元創新低 OpenAI、Anthropic商業模式面臨壓力  

   

 2026-09-02 08:30 

 鉅亨網編譯陳又嘉 



《Quartz》報導，AI token價格一項廣受市場關注的基準指標，周一首次跌破每百萬
token 1美元，來到分析師認為將對頂尖AI公司的商業模式帶來實質壓力的關鍵價位。

大型語言模型Token支出指數(LLM Token Expenditure Index)是Silicon Data推出的核心
指標，用於衡量每日token價格，在彭博代號為SDLLMTK。根據CNBC報導，該指數周一跌至
每百萬token 97美分，不僅創下該指數去年底推出以來最低，也不到今年夏季早些時候創
下高點的一半。

Silicon Data的指數是根據使用量加權計算，在特定模型範圍內衡量每百萬個大型語言模
型token的實際價格，並結合供應商定價與多家AI路由平台觀察到的實際使用量計算。截
至周一，該指數

CNBC指出，多項因素正推動該指數走低。低成本的中國開源模型崛起，例如Moonshot推出
的Kimi K3，已拉低市場價格，而OpenAI也在7月底調降兩款GPT-5.6模型的價格。其他先
進AI模型公司也推出動態定價機制，讓存取價格隨需求變化，進一步帶來下行壓力。

token生成成本下降，也是推動該指數走低的因素之一。

token價格下跌對頂尖模型公司帶來的壓力尤其明顯。Syz Group投資長Charles-Henry
Monchau周二發文表示，「基礎模型實驗室受到的直接衝擊最大。token價格通縮會壓縮營
收，

Monchau補充，AI模型公司的競爭策略已經出現變化。隨著開放權重模型在模型效能上的
差距已縮小至僅剩幾個月，業者正將重心從單純追求模型效能，轉向發展分發能力、記憶
體與上下文處理能力等優勢。

Silicon Data研究主管Steve Hou表示，token價格下跌可能意味著，


在這個敏感時間，token價格下跌可能為OpenAI與Anthropic等AI領導企業帶來新的阻力。
token價格下降可能讓消費者逐漸形成「
AI服務應該更便宜」的預期，長期下來可能削弱AI服務供應商的定價能力。



Anthropic 上市前鬼故事不斷, 感覺在實體AI普遍應用之前,
AI公司的估值似乎有機會泡沫...

--","AI token跌破1美元創新低 OpenAIAnthropic商業模式面臨壓力  

   

 20260902 0830 

 鉅亨網編譯陳又嘉 



Quartz報導AI token價格一項廣受市場關注的基準指標周一首次跌破每百萬
token 1美元來到分析師認為將對頂尖AI公司的商業模式帶來實質壓力的關鍵價位

大型語言模型Token支出指數LLM Token Expenditure Index是Silicon Data推出的核心
指標用於衡量每日token價格在彭博代號為SDLLMTK根據CNBC報導該指數周一跌至
每百萬token 97美分不僅創下該指數去年底推出以來最低也不到今年夏季早些時候創
下高點的一半

Silicon Data的指數是根據使用量加權計算在特定模型範圍內衡量每百萬個大型語言模
型token的實際價格並結合供應商定價與多家AI路由平台觀察到的實際使用量計算截
至周一該指數

CNBC指出多項因素正推動該指數走低低成本的中國開源模型崛起例如Moonshot推出
的Kimi K3已拉低市場價格而OpenAI也在7月底調降兩款GPT56模型的價格其他先
進AI模型公司也推出動態定價機制讓存取價格隨需求變化進一步帶來下行壓力

token生成成本下降也是推動該指數走低的因素之一

token價格下跌對頂尖模型公司帶來的壓力尤其明顯Syz Group投資長CharlesHenry
Monchau周二發文表示基礎模型實驗室受到的直接衝擊最大token價格通縮會壓縮營
收

Monchau補充AI模型公司的競爭策略已經出現變化隨著開放權重模型在模型效能上的
差距已縮小至僅剩幾個月業者正將重心從單純追求模型效能轉向發展分發能力記憶
體與上下文處理能力等優勢

Silicon Data研究主管Steve Hou表示token價格下跌可能意味著


在這個敏感時間token價格下跌可能為OpenAI與Anthropic等AI領導企業帶來新的阻力
token價格下降可能讓消費者逐漸形成
AI服務應該更便宜的預期長期下來可能削弱AI服務供應商的定價能力



Anthropic 上市前鬼故事不斷 感覺在實體AI普遍應用之前
AI公司的估值似乎有機會泡沫","['AI', 'token', '跌破', '美元', '新低', 'OpenAIAnthropic', '商業', '模式', '面臨', '壓力', '20260902', '0830', '亨網', '編譯', 'Quartz', '報導', 'AI', 'token', '價格', '一項', '廣受', '市場', '關注', '基準', '指標', '周一', '首次', '跌破', '每百', 'token', '美元', '分析', '師認', '為將', 'AI', '公司', '商業', '模式', '帶來', '實質', '壓力', '關鍵', '價位', '大型', '語言', '模型', 'Token', '支出', '指數', 'LLM', 'Token', 'Expenditure', 'Index', 'Silicon', 'Data', '推出', '核心', '指標', '衡量', '每日', 'token', '價格', '彭博代號', 'SDLLMTK', '根據', 'CNBC', '報導該', '指數', '周一', '跌至', '每百', 'token', '97', '美分', '不僅', '創下', '指數', '去年底', '推出', '以來', '最低', '不到', '今年', '夏季', '早些', '時候', '下高點', '一半', 'Silicon', 'Data', '指數', '根據', '使用量', '加權', '計算', '特定', '模型', '範圍', '衡量', '每百', '萬個', '大型', '語言模', 'token', '實際', '價格並', '結合供', '商定', '價與', '多家', 'AI', '路由', '平台', '觀察到', '實際', '使用量', '計算截', '周一', '指數', 'CNBC', '指出', '多項', '因素', '推動', '指數', '走低', '低成本', '中國', '開源', '模型', '崛起', '例如', 'Moonshot', '推出', 'Kimi', 'K3', '已拉低', '市場', '價格', 'OpenAI', '月底', '調降', '兩款', 'GPT56', '模型', '價格', '其他', 'AI', '模型', '公司', '推出', '動態定', '價機制', '存取', '價格', '需求', '變化進', '一步', '帶來', '下行', '壓力', 'token', '生成', '成本', '下降', '推動', '指數', '走低', '因素', '之一', 'token', '價格', '下跌', '模型', '公司', '帶來', '壓力', '尤其', '明顯', 'Syz', 'Group', '投資長', 'CharlesHenry', 'Monchau', '周二', '發文', '表示', '基礎', '模型', '實驗室', '受到', '直接', '衝擊', '最大', 'token', '價格通', '縮會壓', '縮營', 'Monchau', '補充', 'AI', '模型', '公司', '競爭', '策略', '已經', '出現', '變化', '隨著', '開放權', '模型', '模型', '效能', '差距', '已縮', '小至僅', '剩幾個', '業者', '正將', '重心', '單純', '追求', '模型', '效能', '轉向', '發展', '分發', '能力', '記憶', '體與', '上下文', '處理', '能力', '優勢', 'Silicon', 'Data', '研究', '主管', 'Steve', 'Hou', '表示', 'token', '價格', '下跌', '可能', '意味著', '這個', '敏感', '時間', 'token', '價格', '下跌', '可能', 'OpenAI', 'Anthropic', 'AI', '領導', '企業', '帶來', '阻力', 'token', '價格', '下降', '可能', '消費者', '逐漸', '形成', 'AI', '服務應', '便宜', '預期', '期下', '可能', '削弱', 'AI', '服務供', '應商', '定價', '能力', 'Anthropic', '上市', '鬼故事', '不斷', '感覺', '實體', 'AI', '普遍', '應用', '之前', 'AI', '公司', '估值', '似乎', '機會', '泡沫']",Negative,0.9089130759239197
M.1788339182.A.4A0,[標的] 大盤空 一口轟炸機,PoorHunter,2026-09-02 16:53:00,47,https://www.ptt.cc/bbs/Stock/M.1788339182.A.4A0.html,"空



美債殖利率破4.8%、油價續漲、半導體轉弱，台指也已經走出低點愈來愈低的空頭結構。

但今天已經殺1000點了容易反彈各位弟兄要小心風險








--
確實很怕

又怕黑手又怕川老頭說屁話
你不能下100口嗎？

下一口賺好少

就是不能啊","空



美債殖利率破48油價續漲半導體轉弱台指也已經走出低點愈來愈低的空頭結構

但今天已經殺1000點了容易反彈各位弟兄要小心風險","['美債殖', '利率', '48', '油價續', '漲半導體', '轉弱', '已經', '走出', '低點', '愈來', '空頭', '結構', '今天', '已經', '1000', '點了', '容易', '反彈', '各位', '弟兄', '小心', '風險']",Positive,0.5295795798301697
M.1788339174.A.5A9,[請益] 定期定額VS不定期定額?,eulbos,2026-09-02 16:52:50,59,https://www.ptt.cc/bbs/Stock/M.1788339174.A.5A9.html,"大家下午好
是這樣的
小弟奈米戶啦
計畫定期定額買ETF
但最近發現
扣款日當天的價格都有點高
要是觀望個幾天似乎能買在更低
像現在漲漲跌跌阿似乎都在一個區間內
會上去也可能會下去
那是不是可以考慮不定期定額阿
在小低谷出手扣款
是不是比定期定額更來的有效率呢?

--

我常常會把內心的寬容比喻成大海，
就像在大海滴一點紅色的顏料，大海的顏色不會變；
可是如果把顏料滴入一杯水，那就會馬上被染紅。
而寬容，就是水的容量。

--
會不會一頓操作猛如虎 一看績效ＯＯＯ","大家下午好
是這樣的
小弟奈米戶啦
計畫定期定額買ETF
但最近發現
扣款日當天的價格都有點高
要是觀望個幾天似乎能買在更低
像現在漲漲跌跌阿似乎都在一個區間內
會上去也可能會下去
那是不是可以考慮不定期定額阿
在小低谷出手扣款
是不是比定期定額更來的有效率呢



我常常會把內心的寬容比喻成大海
就像在大海滴一點紅色的顏料大海的顏色不會變
可是如果把顏料滴入一杯水那就會馬上被染紅
而寬容就是水的容量","['大家', '下午', '這樣', '小弟', '奈米戶', '計畫', '定期', '定額', 'ETF', '最近', '發現', '扣款', '日當天', '價格', '有點', '要是', '觀望', '幾天', '似乎', '像現', '漲漲', '跌跌', '似乎', '一個', '區間', '上去', '可能', '下去', '是不是', '可以', '考慮', '不定期', '定額', '低谷', '出手', '扣款', '是不是', '定期', '定額', '有效率', '常常', '內心', '寬容', '比喻', '大海', '大海', '一點', '紅色', '顏料', '大海', '顏色', '不會變', '可是', '如果', '顏料', '滴入', '一杯', '染紅', '寬容', '就是', '容量']",Positive,0.9970824122428894
M.1788338696.A.0F3,[情報] 3023 信邦 115年8月營收,BlueBird5566,2026-09-02 16:44:53,5,https://www.ptt.cc/bbs/Stock/M.1788338696.A.0F3.html,"標題：3023 信邦 115年8月營收

來源：公開資訊觀測站
(公司名、網站名)

網址：
(請善用縮網址工具)

內文：

本資料由　(上市公司)信邦　公司提供
民國115年08月   單位：新台幣仟元

項目    營業收入淨額
本月      3,280,576
去年同期          2,476,462
增減金額          804,114
增減百分比        
本年累計          23,834,577
去年累計          20,920,090
增減金額          2,914,487
增減百分比        
備註 / 營收變化原因說明



1月 2,759,272
2月 2,760,145
3月 2,906,066
4月 2,959,788
5月 3,010,681
6月 3,092,706
7月 3,167,179
8月 

--","標題3023 信邦 115年8月營收

來源公開資訊觀測站
公司名網站名

網址
請善用縮網址工具

內文

本資料由　上市公司信邦　公司提供
民國115年08月   單位新台幣仟元

項目    營業收入淨額
本月      3280576
去年同期          2476462
增減金額          804114
增減百分比        
本年累計          23834577
去年累計          20920090
增減金額          2914487
增減百分比        
備註  營收變化原因說明



1月 2759272
2月 2760145
3月 2906066
4月 2959788
5月 3010681
6月 3092706
7月 3167179
8月","['標題', '3023', '信邦', '115', '營收', '來源', '公開', '資訊', '觀測', '公司', '名網', '站名', '網址', '善用', '縮網址', '工具', '內文', '本資料', '上市公司', '信邦', '公司', '提供', '民國', '115', '08', '單位', '台幣', '項目', '營業', '收入', '淨額', '本月', '3280576', '去年同期', '2476462', '增減', '金額', '804114', '增減', '百分比', '本年', '累計', '23834577', '去年', '累計', '20920090', '增減', '金額', '2914487', '增減', '百分比', '營收', '變化', '原因', '說明', '2759272', '2760145', '2906066', '2959788', '3010681', '3092706', '3167179']",Positive,0.8814707398414612
M.1788337720.A.A9A,[情報] 6830 汎銓 7月自結:EPS 0.3,Gringoire,2026-09-02 16:28:38,14,https://www.ptt.cc/bbs/Stock/M.1788337720.A.A9A.html,"標題：係因本公司有價證券於集中交易市場達公布注意交易資訊標準，
故公布相關財務業務等重大訊息，以利投資人區別瞭解。

來源：公開資訊觀測站

網址：

內文：

財務業務資訊:
 期間           (  月  )           (   季   )                (最近四季累計)
======== ======================= =======================  ==================
         最近一月       與去年同  最近一季       與去年同  114年第3季至115年
         115年07月      期增減 %  115年第2季     期增減 %  第2季
 科目   (IFRS合併自結數)         (IFRS合併核閱數)        (IFRS合併(查)核閱數)
======== =============== ======= ============== ========  ==================
營業收入    240.75        26.15      635.16       16.58        2383.00
(百萬)
稅前淨利(損) 20.82       134.14       11.95     1796.67         52.71
(百萬)
歸屬母公司業 16.07       190.95       18.60      226.76         13.62
主淨利(損)
(百萬)
每股盈餘      0.30       172.72        0.35      225.00          0.25
(元)
4.有無「臺灣證券交易所股份有限公司對有價證券上市公司重大訊息之查證暨公開處理
  程序」第4條所列重大訊息之情事（如「有」，請說明）:無
5.有無「臺灣證券交易所股份有限公司對有價證券上市公司重大訊息之查證暨公開處理
  程序」第11條所列重大訊息說明記者會之情事:無
6.完整財務資訊請至公開資訊觀測站查閱，路徑如下：
(1)近期營業收入及損益資訊：基本資料>精華版
(2)歷史每月營業收入：營運概況>每月營收>採用IFRSs後之月營業收入資訊
(3)歷史損益(會計師查核/核閱數)：財務報表>採IFRSs後>合併/個別報表>綜合損益表
(4)歷史損益(自願性公告自結數)：營運概況>自結損益公告:
7.其他應敘明事項:無




===========

2026 Q2 的EPS是0.35
結果7月的每股盈餘就0.3了！
明天一根了吧
顏色的話不確定
可能要看大盤臉色(?


--

乘以10000是什麼XD","標題係因本公司有價證券於集中交易市場達公布注意交易資訊標準
故公布相關財務業務等重大訊息以利投資人區別瞭解

來源公開資訊觀測站

網址

內文

財務業務資訊
 期間             月                季                   最近四季累計
    
         最近一月       與去年同  最近一季       與去年同  114年第3季至115年
         115年07月      期增減   115年第2季     期增減   第2季
 科目   IFRS合併自結數         IFRS合併核閱數        IFRS合併查核閱數
      
營業收入    24075        2615      63516       1658        238300
百萬
稅前淨利損 2082       13414       1195     179667         5271
百萬
歸屬母公司業 1607       19095       1860      22676         1362
主淨利損
百萬
每股盈餘      030       17272        035      22500          025
元
4有無臺灣證券交易所股份有限公司對有價證券上市公司重大訊息之查證暨公開處理
  程序第4條所列重大訊息之情事如有請說明無
5有無臺灣證券交易所股份有限公司對有價證券上市公司重大訊息之查證暨公開處理
  程序第11條所列重大訊息說明記者會之情事無
6完整財務資訊請至公開資訊觀測站查閱路徑如下
1近期營業收入及損益資訊基本資料精華版
2歷史每月營業收入營運概況每月營收採用IFRSs後之月營業收入資訊
3歷史損益會計師查核核閱數財務報表採IFRSs後合併個別報表綜合損益表
4歷史損益自願性公告自結數營運概況自結損益公告
7其他應敘明事項無






2026 Q2 的EPS是035
結果7月的每股盈餘就03了
明天一根了吧
顏色的話不確定
可能要看大盤臉色","['標題', '因本', '公司', '有價', '證券', '集中', '交易', '市場', '公布', '注意', '交易', '資訊', '標準', '公布', '相關', '財務業務', '重大', '訊息', '以利', '投資', '人區別', '瞭解', '來源', '公開', '資訊', '觀測', '網址', '內文', '財務業務', '資訊', '期間', '最近', '四季', '累計', '最近', '一月', '去年', '最近', '一季', '去年', '114', '季至', '115', '115', '07', '增減', '115', '增減', '科目', 'IFRS', '自結數', 'IFRS', '閱數', 'IFRS', '查核', '閱數', '營業', '收入', '24075', '2615', '63516', '1658', '238300', '百萬', '稅前', '淨利損', '2082', '13414', '1195', '179667', '5271', '百萬', '歸屬', '母公司', '1607', '19095', '1860', '22676', '1362', '主淨利損', '百萬', '每股', '盈餘', '030', '17272', '035', '22500', '025', '灣證券', '交易所', '股份', '有限公司', '價證券', '上市公司', '重大', '訊息', '查證', '公開', '處理', '程序', '條所列', '重大', '訊息', '情事', '如有', '說明', '灣證券', '交易所', '股份', '有限公司', '價證券', '上市公司', '重大', '訊息', '查證', '公開', '處理', '程序', '11', '條所列', '重大', '訊息', '說明', '記者', '情事', '完整', '財務資訊', '公開', '資訊', '觀測', '站查', '閱路徑', '如下', '近期', '營業', '收入', '損益', '資訊', '基本', '資料', '精華版', '歷史', '每月', '營業', '收入', '營運', '概況', '每月', '營收', '採用', 'IFRSs', '營業', '收入', '資訊', '歷史', '損益會', '計師', '查核', '閱數', '財務', '報表採', 'IFRSs', '報表', '綜合', '損益表', '歷史', '損益', '自願性', '公告', '自結數', '營運', '概況', '自結', '損益', '公告', '其他', '應敘明', '事項', '2026', 'Q2', 'EPS', '035', '結果', '每股', '盈餘', '03', '明天', '一根', '顏色', '確定', '可能', '看大盤', '臉色']",Positive,0.9867080450057983
M.1788337065.A.DF9,[情報] 0902 上市外資買賣超排行,saber50116,2026-09-02 16:17:43,爆,https://www.ptt.cc/bbs/Stock/M.1788337065.A.DF9.html,"1. 標題：外資買賣超排行

2. 來源：台灣證交所

3. 網址：

4. 內文：

買超










10      2409    友達    10,295



14      3231    緯創    7,065

16      3019    亞光    6,752
17      00405A  主動富邦台灣龍耀        5,679
18      2412    中華電  5,224
19      3481    群創    4,639

21      1216    統一    4,440
22      00953B  群益優選非投等債        4,421
23      00900   富邦特選高股息30        4,225
24      4976    佳凌    3,992
25      00878   國泰永續高股息  3,873
26      00715L  期街口布蘭特正2 3,847
27      3045    台灣大  3,538
28      2356    英業達  3,078

30      4904    遠傳    3,066

32      2515    中工    2,751
33      2455    全新    2,744,
34      2610    華航    2,744
35      2377    微星    2,475,
36      2353    宏碁    2,434
37      6209    今國光  2,260
38      2354    鴻準    2,110
39      2605    新興    2,081
40      1440    南紡    1,881,

42      00918   大華優利高填息30        1,603
43      4763    材料*-KY        1,600
44      2820    華票    1,572,
45      3504    揚明光  1,481
46      1314    中石化  1,451
47      2374    佳能    1,434,
48      00407A  主動凱基台灣    1,376
49      9941    裕融    1,369,
50      2465    麗臺    1,365

賣超

1       00981A  統一台股增長  -50,967
2       2303    聯電    -45,119



6       1101    台泥    -24,368

8       2324    仁寶    -17,613

10      1714    和桐    -15,776
11      00406A  中信台灣收益  -13,738
12      009828  中信台日韓PCB   -13,639
13      00409A  復華全球50    -13,532,

15      00712   復華富時不動產  -11,057
16      3036    文曄    -9,984
17      2449    京元電子        -9,948
18      2481    強茂    -8,710,
19      6505    台塑化  -8,42

21      4958    臻鼎-KY -7,550,
22      2002    中鋼    -7,542
23      00400A  國泰動能高息  -7,030,

25      2883    凱基金  -6,524,
26      2882    國泰金  -6,385,
27      00881   國泰台灣科技龍頭        -6,306
28      00935   野村臺灣新科技50        -6,228
29      2489    瑞軒    -6,108,
30      00404A  聯博動能50    -5,755
31      8150    南茂    -5,440
32      6257    矽格    -5,215
33      00830   國泰費城半導體  -5,044
34      00403A  統一升級50    -4,912,
35      1717    長興    -4,843
36      6919    康霈*   -4,539
37      00988A  主動統一全球創新        -3,933,
38      00991A  主動復華未來50  -3,597
39      8112    至上    -3,467,
40      3706    神達    -3,272,
41      3715    定穎投控        -3,251
42      2634    漢翔    -3,197,
43      1709    和益    -3,184
44      009803  玉山市值動能50  -3,180
45      4906    正文    -3,076,

47      1312    國喬    -2,971
48      2609    陽明    -2,914
49      3576    聯合再生        -2,907
50      9904    寶成    -2,862



--
為了你！我標！
好～謝謝 不知道什麼時候網址壞掉了","1 標題外資買賣超排行

2 來源台灣證交所

3 網址

4 內文

買超










10      2409    友達    10295



14      3231    緯創    7065

16      3019    亞光    6752
17      00405A  主動富邦台灣龍耀        5679
18      2412    中華電  5224
19      3481    群創    4639

21      1216    統一    4440
22      00953B  群益優選非投等債        4421
23      00900   富邦特選高股息30        4225
24      4976    佳凌    3992
25      00878   國泰永續高股息  3873
26      00715L  期街口布蘭特正2 3847
27      3045    台灣大  3538
28      2356    英業達  3078

30      4904    遠傳    3066

32      2515    中工    2751
33      2455    全新    2744
34      2610    華航    2744
35      2377    微星    2475
36      2353    宏碁    2434
37      6209    今國光  2260
38      2354    鴻準    2110
39      2605    新興    2081
40      1440    南紡    1881

42      00918   大華優利高填息30        1603
43      4763    材料KY        1600
44      2820    華票    1572
45      3504    揚明光  1481
46      1314    中石化  1451
47      2374    佳能    1434
48      00407A  主動凱基台灣    1376
49      9941    裕融    1369
50      2465    麗臺    1365

賣超

1       00981A  統一台股增長  50967
2       2303    聯電    45119



6       1101    台泥    24368

8       2324    仁寶    17613

10      1714    和桐    15776
11      00406A  中信台灣收益  13738
12      009828  中信台日韓PCB   13639
13      00409A  復華全球50    13532

15      00712   復華富時不動產  11057
16      3036    文曄    9984
17      2449    京元電子        9948
18      2481    強茂    8710
19      6505    台塑化  842

21      4958    臻鼎KY 7550
22      2002    中鋼    7542
23      00400A  國泰動能高息  7030

25      2883    凱基金  6524
26      2882    國泰金  6385
27      00881   國泰台灣科技龍頭        6306
28      00935   野村臺灣新科技50        6228
29      2489    瑞軒    6108
30      00404A  聯博動能50    5755
31      8150    南茂    5440
32      6257    矽格    5215
33      00830   國泰費城半導體  5044
34      00403A  統一升級50    4912
35      1717    長興    4843
36      6919    康霈   4539
37      00988A  主動統一全球創新        3933
38      00991A  主動復華未來50  3597
39      8112    至上    3467
40      3706    神達    3272
41      3715    定穎投控        3251
42      2634    漢翔    3197
43      1709    和益    3184
44      009803  玉山市值動能50  3180
45      4906    正文    3076

47      1312    國喬    2971
48      2609    陽明    2914
49      3576    聯合再生        2907
50      9904    寶成    2862","['標題', '外資', '排行', '來源', '台灣', '證交所', '網址', '內文', '買超', '10', '2409', '友達', '10295', '14', '3231', '緯創', '7065', '16', '3019', '亞光', '6752', '17', '00405A', '主動', '富邦', '台灣龍耀', '5679', '18', '2412', '中華電', '5224', '19', '3481', '群創', '4639', '21', '1216', '統一', '4440', '22', '00953B', '群益', '優選非', '投等債', '4421', '23', '00900', '邦特', '選高', '股息', '30', '4225', '24', '4976', '佳凌', '3992', '25', '00878', '國泰永續', '股息', '3873', '26', '00715L', '街口', '布蘭', '特正', '3847', '27', '3045', '台灣', '3538', '28', '2356', '英業', '3078', '30', '4904', '遠傳', '3066', '32', '2515', '中工', '2751', '33', '2455', '全新', '2744', '34', '2610', '華航', '2744', '35', '2377', '微星', '2475', '36', '2353', '宏碁', '2434', '37', '6209', '今國光', '2260', '38', '2354', '鴻準', '2110', '39', '2605', '新興', '2081', '40', '1440', '南紡', '1881', '42', '00918', '大華', '優利高', '填息', '30', '1603', '43', '4763', '材料', 'KY', '1600', '44', '2820', '華票', '1572', '45', '3504', '明光', '1481', '46', '1314', '中石化', '1451', '47', '2374', '佳能', '1434', '48', '00407A', '主動凱', '基台灣', '1376', '49', '9941', '裕融', '1369', '50', '2465', '1365', '賣超', '00981A', '一台', '增長', '50967', '2303', '聯電', '45119', '1101', '台泥', '24368', '2324', '仁寶', '17613', '10', '1714', '和桐', '15776', '11', '00406A', '中信', '台灣', '收益', '13738', '12', '009828', '中信', '台日韓', 'PCB', '13639', '13', '00409A', '全球', '50', '13532', '15', '00712', '華富時', '不動產', '11057', '16', '3036', '文曄', '9984', '17', '2449', '京元', '電子', '9948', '18', '2481', '強茂', '8710', '19', '6505', '塑化', '842', '21', '4958', 'KY', '7550', '22', '2002', '中鋼', '7542', '23', '00400A', '國泰動', '高息', '7030', '25', '2883', '基金', '6524', '26', '2882', '國泰金', '6385', '27', '00881', '國泰台灣', '科技', '龍頭', '6306', '28', '00935', '野村', '灣新', '科技', '50', '6228', '29', '2489', '瑞軒', '6108', '30', '00404A', '聯博動', '50', '5755', '31', '8150', '南茂', '5440', '32', '6257', '矽格', '5215', '33', '00830', '國泰費', '城半導體', '5044', '34', '00403A', '統一升級', '50', '4912', '35', '1717', '4843', '36', '6919', '康霈', '4539', '37', '00988A', '主動統', '全球', '創新', '3933', '38', '00991A', '主動', '華未來', '50', '3597', '39', '8112', '至上', '3467', '40', '3706', '神達', '3272', '41', '3715', '定穎', '投控', '3251', '42', '2634', '漢翔', '3197', '43', '1709', '和益', '3184', '44', '009803', '玉山', '市值', '動能', '50', '3180', '45', '4906', '正文', '3076', '47', '1312', '國喬', '2971', '48', '2609', '陽明', '2914', '49', '3576', '聯合', '再生', '2907', '50', '9904', '寶成', '2862']",Positive,0.8886314630508423
M.1788335850.A.C74,[新聞] 富喬產品結構升級，Low DK2續增、泰國廠,ann16,2026-09-02 15:57:27,0,https://www.ptt.cc/bbs/Stock/M.1788335850.A.C74.html,"富喬產品結構升級，Low DK2續增、泰國廠明年開出





2026/09/02 10:48

萬惠雯

玻纖紗/布廠富喬(1815)持續推進產品結構升級，因應AI伺服器帶動高階PCB材
料
規格提升，公司台灣產能逐步由Low DK1轉向Low DK2，Low DK2出貨下半年持續攀升，成
為
產品組合改善的主要方向。

富喬目前特殊規格玻纖，包括Low DK1、Low DK2及Low CTE產品，合計約占上半年營收55%
，
一般E-glass約占25%，工業級玻纖紗則約占20%。隨AI伺服器對低介電材料需求提升，公
司
將持續增加Low DK2比重，並規劃自2027年起逐步將中國廠部分E-glass產能轉向Low DK產
品
。

從產品價格來看，高階材料與一般E-glass價差明顯，隨Low DK2出貨比重提升，除帶動營
收
成長外，也有利產品組合進一步優化。

除Low DK產品外，富喬也持續推進Low CTE玻纖紗，公司Low CTE產品已取得海外客戶認證
，
目前亦持續進行Low CTE玻纖布相關認證。隨ASIC等高階應用對材料規格要求提高，Low C
TE
也成為公司後續新產品布局之一。

產能方面，富喬今年2月已宣布投資約31億元於泰國興建新廠，預計2027年下半年逐步進
入
量產。新廠產能規劃布局Low DK以及E-glass產品為主，並瞄準低軌衛星等應用市場。







傳統的玻纖布已在逐漸減產淘汰

現在的玻纖布都在往高階轉型

之後跟泰國有關的企業可能非常非常猛





富喬走勢再創歷史新高 比大盤還猛

歡迎加入我們的富貴之橋

富喬股價即將超車楠梓電就是簡單









--


繼續創高哈哈
你好啊我是美猴太后
今天老大加碼
我是狗太后
你有困難嗎？
好明天拉個漲停","富喬產品結構升級Low DK2續增泰國廠明年開出





20260902 1048

萬惠雯

玻纖紗布廠富喬1815持續推進產品結構升級因應AI伺服器帶動高階PCB材
料
規格提升公司台灣產能逐步由Low DK1轉向Low DK2Low DK2出貨下半年持續攀升成
為
產品組合改善的主要方向

富喬目前特殊規格玻纖包括Low DK1Low DK2及Low CTE產品合計約占上半年營收55

一般Eglass約占25工業級玻纖紗則約占20隨AI伺服器對低介電材料需求提升公
司
將持續增加Low DK2比重並規劃自2027年起逐步將中國廠部分Eglass產能轉向Low DK產
品


從產品價格來看高階材料與一般Eglass價差明顯隨Low DK2出貨比重提升除帶動營
收
成長外也有利產品組合進一步優化

除Low DK產品外富喬也持續推進Low CTE玻纖紗公司Low CTE產品已取得海外客戶認證

目前亦持續進行Low CTE玻纖布相關認證隨ASIC等高階應用對材料規格要求提高Low C
TE
也成為公司後續新產品布局之一

產能方面富喬今年2月已宣布投資約31億元於泰國興建新廠預計2027年下半年逐步進
入
量產新廠產能規劃布局Low DK以及Eglass產品為主並瞄準低軌衛星等應用市場







傳統的玻纖布已在逐漸減產淘汰

現在的玻纖布都在往高階轉型

之後跟泰國有關的企業可能非常非常猛





富喬走勢再創歷史新高 比大盤還猛

歡迎加入我們的富貴之橋

富喬股價即將超車楠梓電就是簡單","['富喬產品', '結構', '升級', 'Low', 'DK2', '增泰國廠', '明年', '開出', '20260902', '1048', '萬惠雯', '玻纖紗', '布廠', '富喬', '1815', '持續', '推進', '產品', '結構', '升級', '因應', 'AI', '伺服器', '帶動', '高階', 'PCB', '規格', '提升', '公司', '台灣產能', '逐步', 'Low', 'DK1', '轉向', 'Low', 'DK2Low', 'DK2', '出貨', '下半年', '持續', '攀升', '產品', '組合', '改善', '主要', '方向', '富喬', '目前', '特殊', '規格', '玻纖', '包括', 'Low', 'DK1Low', 'DK2', 'Low', 'CTE', '產品', '合計', '上半年', '營收', '55', '一般', 'Eglass', '25', '工業級', '玻纖紗則', '20', 'AI', '伺服器', '低介電', '材料', '需求', '提升', '將持續', '增加', 'Low', 'DK2', '比重', '並規劃', '2027', '逐步', '將中國廠', '部分', 'Eglass', '產能', '轉向', 'Low', 'DK', '從產品', '價格來', '高階', '材料', '一般', 'Eglass', '價差', '明顯', 'Low', 'DK2', '出貨', '比重', '提升', '除帶', '動營', '成長', '有利', '產品', '組合進', '一步', '優化', 'Low', 'DK', '產品', '外富喬', '持續', '推進', 'Low', 'CTE', '玻纖紗', '公司', 'Low', 'CTE', '產品', '取得', '海外', '客戶', '認證', '目前', '持續', '進行', 'Low', 'CTE', '玻纖布', '相關', '認證', 'ASIC', '高階應', '材料', '規格', '要求', '提高', 'Low', 'TE', '成為', '公司', '新產品', '布局', '之一', '產能', '方面', '富喬', '今年', '宣布', '投資約', '31', '億元', '泰國興', '建新', '預計', '2027', '下半年', '逐步', '量產新廠', '產能', '規劃', '布局', 'Low', 'DK', '以及', 'Eglass', '產品', '主並', '瞄準', '軌衛', '星等', '應用', '市場', '傳統', '玻纖布', '逐漸', '減產', '淘汰', '現在', '玻纖布', '高階轉型', '泰國', '有關', '企業', '可能', '非常', '非常', '富喬', '走勢', '創歷史', '新高', '比大盤', '還猛', '歡迎', '加入', '我們', '富貴', '之橋', '富喬', '股價', '即將', '超車', '楠梓', '就是', '簡單']",Positive,0.9980344176292419
M.1788335474.A.224,[新聞] 欣興遭搜索後股價首度翻紅！外資連17日,ann16,2026-09-02 15:51:12,23,https://www.ptt.cc/bbs/Stock/M.1788335474.A.224.html,"欣興遭搜索後股價首度翻紅！外資連17日買超6.6萬張 市場在押什麼？





2026-09-02 12:30

李慧蘭

欣興（3037）產地標示爭議尚待釐清，桃園地檢署日前搜索公司龜山總公司及
中
壢廠，目前相關案情仍在偵辦中。不過，股價經歷連續重挫後，2日出現承接買盤，早盤
以9
55元開出、一度走低至948元後翻紅，最高觸及988元，為檢調搜索後首度翻紅；反觀前一
日
受到「轉單」預期帶動而走強的PCB、載板股，今日反而普遍承壓，族群走勢明顯分化。

從盤面來看，南電（8046）2日跌逾2%，並失守月線；景碩（3189）回測10日線，臻鼎-KY
（
4958）跌幅近4.5%、500元大關面臨保衛戰。相較之下，身處事件核心的欣興卻頻頻由黑
翻
紅，顯示資金對「轉單」題材並未全面追價，反而開始回到個股基本面與事件實際影響的
評
估。



值得注意的是，欣興股價劇烈修正之際，外資籌碼並未同步轉空。統計8月10日至9月1日
，
外資已連續17個交易日買超欣興，累計達6.62萬張；其中9月1日股價震盪走弱，外資仍買
超
4,271張。法人籌碼與股價走勢出現明顯落差，也成為市場觀察焦點。

籌碼面另一項訊號則來自高盛。欣興9月1日遭證交所列入注意股，當日收盤971元，本益
比6
4.65倍、股價淨值比12.46倍，周轉率達5.75%；同日美商高盛證券成交買進金額達1億元
以
上，占欣興當日總成交金額15.7%。在股價近3日下跌17.71%、近5日下跌11.32%的情況下
，
仍出現較大金額買進，進一步凸顯短線籌碼的多空分歧。

不過，市場近期出現的「轉單」題材，目前仍屬市場預期與聯想，尚無明確證據顯示客戶
已
大規模將訂單移轉至其他供應商。此次事件主要涉及PCB產品產地認定及跨國產能配置，
並
非ABF載板業務本身，因此後續真正需要觀察的，仍是客戶關係、實際訂單及產能配置是
否
受到實質影響。

回到基本面，欣興AI GPU、ASIC及HPC相關需求仍具支撐，AI產品營收占比上半年已超過6
0%
，市場預期下半年進一步提高至70%；此外，光復二期預計第3季、光復二廠預計2027年第
2
季推進，AI高階產品仍是中長期成長主軸。

因此，現階段欣興股價在大幅修正後出現翻紅，搭配外資持續買超，反映市場對事件衝擊
的
看法仍存在分歧；但僅憑短線股價與法人籌碼變化，尚不足以判定風險已經排除。後續除
了
觀察外資買超能否延續，更重要的是追蹤客戶訂單、產能配置及事件調查進展，才能進一
步
確認產地爭議對欣興基本面的實際影響。





這版一堆假日洗版說的多可怕

結果我昨天公開發文後

就開始有買盤進駐了

有實力的人發文 股價自然會被買上去

懂得就懂了！





今天欣興是ABF唯一收紅的 有支撐
你還有什麼話說



--



無限調高成本誰都會
公開發文空才是最重要的 躲在推文沒意義

我肚子好痛
來來來
少看推文  很多都喜歡亂喊","欣興遭搜索後股價首度翻紅外資連17日買超66萬張 市場在押什麼





20260902 1230

李慧蘭

欣興3037產地標示爭議尚待釐清桃園地檢署日前搜索公司龜山總公司及
中
壢廠目前相關案情仍在偵辦中不過股價經歷連續重挫後2日出現承接買盤早盤
以9
55元開出一度走低至948元後翻紅最高觸及988元為檢調搜索後首度翻紅反觀前一
日
受到轉單預期帶動而走強的PCB載板股今日反而普遍承壓族群走勢明顯分化

從盤面來看南電80462日跌逾2並失守月線景碩3189回測10日線臻鼎KY

4958跌幅近45500元大關面臨保衛戰相較之下身處事件核心的欣興卻頻頻由黑
翻
紅顯示資金對轉單題材並未全面追價反而開始回到個股基本面與事件實際影響的
評
估



值得注意的是欣興股價劇烈修正之際外資籌碼並未同步轉空統計8月10日至9月1日

外資已連續17個交易日買超欣興累計達662萬張其中9月1日股價震盪走弱外資仍買
超
4271張法人籌碼與股價走勢出現明顯落差也成為市場觀察焦點

籌碼面另一項訊號則來自高盛欣興9月1日遭證交所列入注意股當日收盤971元本益
比6
465倍股價淨值比1246倍周轉率達575同日美商高盛證券成交買進金額達1億元
以
上占欣興當日總成交金額157在股價近3日下跌1771近5日下跌1132的情況下

仍出現較大金額買進進一步凸顯短線籌碼的多空分歧

不過市場近期出現的轉單題材目前仍屬市場預期與聯想尚無明確證據顯示客戶
已
大規模將訂單移轉至其他供應商此次事件主要涉及PCB產品產地認定及跨國產能配置
並
非ABF載板業務本身因此後續真正需要觀察的仍是客戶關係實際訂單及產能配置是
否
受到實質影響

回到基本面欣興AI GPUASIC及HPC相關需求仍具支撐AI產品營收占比上半年已超過6
0
市場預期下半年進一步提高至70此外光復二期預計第3季光復二廠預計2027年第
2
季推進AI高階產品仍是中長期成長主軸

因此現階段欣興股價在大幅修正後出現翻紅搭配外資持續買超反映市場對事件衝擊
的
看法仍存在分歧但僅憑短線股價與法人籌碼變化尚不足以判定風險已經排除後續除
了
觀察外資買超能否延續更重要的是追蹤客戶訂單產能配置及事件調查進展才能進一
步
確認產地爭議對欣興基本面的實際影響





這版一堆假日洗版說的多可怕

結果我昨天公開發文後

就開始有買盤進駐了

有實力的人發文 股價自然會被買上去

懂得就懂了





今天欣興是ABF唯一收紅的 有支撐
你還有什麼話說","['欣興', '搜索', '股價', '首度', '翻紅外', '資連', '17', '日買超', '66', '萬張', '市場', '在押', '什麼', '20260902', '1230', '李慧蘭', '欣興', '3037', '產地', '標示', '爭議', '尚待', '清桃園', '地檢署', '日前', '搜索', '公司', '龜山', '公司', '目前', '相關', '案情', '偵辦', '中不過', '股價經', '歷連續', '重挫', '日出', '承接', '買盤', '早盤', '55', '開出', '一度', '走低', '948', '元後翻紅', '最高', '觸及', '988', '元為', '檢調', '搜索', '首度', '翻紅', '反觀', '受到', '轉單', '預期', '帶動', '走強', 'PCB', '載板', '今日', '反而', '普遍', '承壓', '族群', '走勢', '明顯', '分化', '從盤', '面來', '看南電', '80462', '日跌', '失守', '月線', '景碩', '3189', '回測', '10', '日線', 'KY', '4958', '跌幅', '45500', '元大關', '面臨', '保衛戰', '相較', '之下', '身處', '事件', '核心', '欣興', '頻頻', '紅顯示', '資金', '對轉', '單題', '材並', '全面', '追價', '反而', '開始', '回到', '基本面', '事件', '實際', '影響', '值得注意', '欣興', '股價', '劇烈', '修正', '之際外', '資籌碼', '並未', '同步', '轉空', '統計', '10', '日至', '外資', '連續', '17', '交易日', '超欣興', '累計達', '662', '萬張', '其中', '日股', '價震盪', '走弱', '外資', '4271', '法人', '籌碼', '股價', '走勢', '出現', '明顯', '落差', '成為', '市場', '觀察', '焦點', '籌碼面', '一項', '號則', '高盛', '欣興', '遭證', '交所', '列入', '注意', '股當', '收盤', '971', '元本益', '465', '股價淨值', '1246', '轉率', '575', '同日', '商高盛', '證券', '成交', '進金額', '億元', '欣興', '當日', '成交', '金額', '157', '股價近', '下跌', '1771', '下跌', '1132', '情況', '仍出', '現較', '大金額', '進進', '一步', '凸顯', '短線', '籌碼', '多空', '分歧', '不過', '市場', '近期', '出現', '轉單', '題材', '目前', '仍屬', '市場', '預期', '聯想', '尚無明', '確證據', '顯示', '客戶', '大規模', '將訂', '單移', '轉至', '其他', '供應商', '此次', '事件', '主要', '涉及', 'PCB', '產品', '產地', '認定', '跨國產能', '配置', 'ABF', '載板業務', '本身', '因此', '真正', '需要', '觀察', '客戶關', '實際訂', '單及', '產能', '配置', '受到', '實質', '影響', '回到', '基本面', '欣興', 'AI', 'GPUASIC', 'HPC', '相關', '需求', '仍具', '支撐', 'AI', '產品', '營收', '上半年', '超過', '市場', '預期', '下半年', '一步', '提高', '70', '此外', '二期', '預計', '季光', '二廠', '預計', '2027', '季推進', 'AI', '高階產品', '中長', '期成長', '主軸', '因此', '現階段', '欣興', '股價', '大幅', '修正', '出現', '翻紅', '搭配', '外資持續', '反映', '市場', '事件', '衝擊', '看法', '存在', '分歧', '但僅', '短線', '股價', '法人', '籌碼', '變化尚', '不足以', '判定', '風險', '已經', '排除', '觀察外', '資買超', '能否', '延續', '重要', '配置', '事件', '調查', '進展', '才能', '進一', '確認', '產地', '爭議', '欣興', '基本面', '實際', '影響', '這版', '一堆', '假日', '洗版', '可怕', '結果', '昨天', '公開', '發文', '開始', '盤進', '實力', '發文', '股價', '自然', '上去', '懂得', '今天', '欣興', 'ABF', '唯一', '收紅', '支撐', '還有', '什麼']",Positive,0.9808452129364014
M.1788334796.A.30B,[情報] 3006 晶豪科 8月營收M:16.51% Y:605.24%,q1a1,2026-09-02 15:39:54,39,https://www.ptt.cc/bbs/Stock/M.1788334796.A.30B.html,"1. 標題：3006 晶豪科 8月營收 Mom:16.51% Yoy:605.24%

2. 來源：公開資訊觀測站

3. 網址：

4. 內文：

民國115年08月   單位：新台幣仟元

項目    營業收入淨額
本月      
去年同期          1,120,861
增減金額          6,783,935

本年累計          35,902,576
去年累計          8,460,101
增減金額          27,442,475
增減百分比        324.38
備註 / 營收變化原因說明 

--","1 標題3006 晶豪科 8月營收 Mom1651 Yoy60524

2 來源公開資訊觀測站

3 網址

4 內文

民國115年08月   單位新台幣仟元

項目    營業收入淨額
本月      
去年同期          1120861
增減金額          6783935

本年累計          35902576
去年累計          8460101
增減金額          27442475
增減百分比        32438
備註  營收變化原因說明","['標題', '3006', '晶豪科', '營收', 'Mom1651', 'Yoy60524', '來源', '公開', '資訊', '觀測', '網址', '內文', '民國', '115', '08', '單位', '台幣', '項目', '營業', '收入', '淨額', '本月', '去年同期', '1120861', '增減', '金額', '6783935', '本年', '累計', '35902576', '去年', '累計', '8460101', '增減', '金額', '27442475', '增減', '百分比', '32438', '營收', '變化', '原因', '說明']",Positive,0.9353540539741516
M.1788334724.A.4AD,[新聞] 結構性改變 環球晶徐秀蘭:未來2年產業雙,sayforever69,2026-09-02 15:38:41,11,https://www.ptt.cc/bbs/Stock/M.1788334724.A.4AD.html,"結構性改變 環球晶徐秀蘭:未來2年產業雙位數成長

 

  2026-09-01 10:54:10

 MoneyDJ新聞 萬惠雯 發佈



環球晶（6488）董事長徐秀蘭(見圖)今（1）日表示，AI帶動的半導體需求並非單純新一
輪景氣循環，而是結構性改變，隨著半導體滲透至更多應用，晶片數量與種類同步增加，
加上晶圓技術規格日益複雜，矽晶圓在半導體產業的重要性持續提升；展望未來兩年，隨
客戶大規模擴產，加上價格、出貨量均有改善空間，整體矽晶圓產業雙位數成長值得期待
。

徐秀蘭指出，晶圓在半導體產業扮演的角色愈來愈重要，隨每一世代技術演進，Wafer不
僅製造難度提高，規格也更加特殊。發展至目前世代，除傳統Silicon Wafer外，應用已
擴展至方形晶圓、不同形狀晶圓以及化合物半導體等領域，部分晶圓甚至由過去不透光轉
向透明材料，連帶使量測技術等製程要求產生變化。

徐秀蘭形容，現在的Wafer從技術角度來看，相較過去60年變得「更複雜、更有趣，也更
具挑戰性」，而AI帶來的影響更不只是半導體Cycle重新開始。AI正結構性改變半導體在
各應用領域的滲透程度，帶動整體半導體需求擴大，未來所需要的也不一定全是最先進晶
片，而是晶片數量與種類都將增加，進一步提升晶圓的重要性。

對於矽晶圓產業後續成長，徐秀蘭表示，目前客戶均積極進行大規模擴產，即使新產能尚
未正式開出，既有廠房也進行許多Development，希望縮短時間、提前增加可出貨量，因
此看好未來兩年產業雙位數成長值得期待。

成長動能方面，徐秀蘭指出，未來將同時來自「量、價」兩個面向，一方面是價格改善，
另一方面則是需求及出貨數量提升，因此整體Wafer產業量價均有改善機會。

至於市場關注的矽晶圓價格，徐秀蘭表示，目前環球晶仍持續與客戶洽談，部分已經「談
得差不多」，另有部分仍在進行中，整體洽談方向相當健康；惟基於公司政策，不便對外
透露實際價格調整百分比。

徐秀蘭並指出，AI對半導體產業具有雙重意義，一方面是帶動生意及Demand成長最重要的
拉動力量，另一方面也能導入企業採購、業務、人資、製造及研發等環節。因此半導體業
既是AI的使用者，也生產支援AI發展所需產品，隨AI持續擴大應用，對半導體及上游晶圓
的結構性需求也將持續深化。

徐秀蘭於今參加2026晶鏈高峰論壇，由賴清德總經頒發「經濟部專業獎章」，表彰其對全
球與台灣半導體供應鏈的關鍵地位。



環球晶徐秀蘭參加晶鏈高峰論壇表示
矽晶圓在半導體產業的重要性持續提升；展望未來兩年，隨客戶大規模擴產，加上價格、
出貨量均有改善空間，整體矽晶圓產業雙位數成長值得期待
另外矽晶圓價格也持續與客戶洽談，部分已經談得差不多，整體洽談方向相當健康
只是不方便透漏實際上調整的百分比是多少
也表示矽晶圓受惠於AI結構性的改變，有望產業在未來兩年內雙位數成長
環球晶有辦法能重返1600以上嗎?

--","結構性改變 環球晶徐秀蘭未來2年產業雙位數成長

 

  20260901 105410

 MoneyDJ新聞 萬惠雯 發佈



環球晶6488董事長徐秀蘭見圖今1日表示AI帶動的半導體需求並非單純新一
輪景氣循環而是結構性改變隨著半導體滲透至更多應用晶片數量與種類同步增加
加上晶圓技術規格日益複雜矽晶圓在半導體產業的重要性持續提升展望未來兩年隨
客戶大規模擴產加上價格出貨量均有改善空間整體矽晶圓產業雙位數成長值得期待


徐秀蘭指出晶圓在半導體產業扮演的角色愈來愈重要隨每一世代技術演進Wafer不
僅製造難度提高規格也更加特殊發展至目前世代除傳統Silicon Wafer外應用已
擴展至方形晶圓不同形狀晶圓以及化合物半導體等領域部分晶圓甚至由過去不透光轉
向透明材料連帶使量測技術等製程要求產生變化

徐秀蘭形容現在的Wafer從技術角度來看相較過去60年變得更複雜更有趣也更
具挑戰性而AI帶來的影響更不只是半導體Cycle重新開始AI正結構性改變半導體在
各應用領域的滲透程度帶動整體半導體需求擴大未來所需要的也不一定全是最先進晶
片而是晶片數量與種類都將增加進一步提升晶圓的重要性

對於矽晶圓產業後續成長徐秀蘭表示目前客戶均積極進行大規模擴產即使新產能尚
未正式開出既有廠房也進行許多Development希望縮短時間提前增加可出貨量因
此看好未來兩年產業雙位數成長值得期待

成長動能方面徐秀蘭指出未來將同時來自量價兩個面向一方面是價格改善
另一方面則是需求及出貨數量提升因此整體Wafer產業量價均有改善機會

至於市場關注的矽晶圓價格徐秀蘭表示目前環球晶仍持續與客戶洽談部分已經談
得差不多另有部分仍在進行中整體洽談方向相當健康惟基於公司政策不便對外
透露實際價格調整百分比

徐秀蘭並指出AI對半導體產業具有雙重意義一方面是帶動生意及Demand成長最重要的
拉動力量另一方面也能導入企業採購業務人資製造及研發等環節因此半導體業
既是AI的使用者也生產支援AI發展所需產品隨AI持續擴大應用對半導體及上游晶圓
的結構性需求也將持續深化

徐秀蘭於今參加2026晶鏈高峰論壇由賴清德總經頒發經濟部專業獎章表彰其對全
球與台灣半導體供應鏈的關鍵地位



環球晶徐秀蘭參加晶鏈高峰論壇表示
矽晶圓在半導體產業的重要性持續提升展望未來兩年隨客戶大規模擴產加上價格
出貨量均有改善空間整體矽晶圓產業雙位數成長值得期待
另外矽晶圓價格也持續與客戶洽談部分已經談得差不多整體洽談方向相當健康
只是不方便透漏實際上調整的百分比是多少
也表示矽晶圓受惠於AI結構性的改變有望產業在未來兩年內雙位數成長
環球晶有辦法能重返1600以上嗎","['結構', '改變', '環球晶', '徐秀蘭', '未來', '年產業', '雙位', '數成長', '20260901', '105410', 'MoneyDJ', '新聞', '萬惠雯', '環球晶', '6488', '董事', '徐秀蘭見', '圖今', '表示', 'AI', '帶動', '半導體', '需求', '並非', '單純', '輪景氣', '循環', '而是', '結構', '改變', '隨著', '半導體', '滲透', '應用', '晶片', '數量', '種類', '同步', '增加', '加上', '晶圓技術', '規格', '日益', '雜矽晶圓', '半導', '體產業', '重要性', '持續', '提升', '展望', '未來', '兩年', '客戶', '大規模', '擴產', '加上', '價格出', '貨量', '改善', '空間', '整體', '矽晶', '圓產業', '雙位', '數成長', '值得', '期待', '徐秀蘭', '指出', '晶圓', '半導', '體產業', '扮演', '角色', '愈來', '重要', '隨每', '世代', '技術', '演進', 'Wafer', '度提高', '規格', '更加', '特殊', '發展', '目前', '世代', '除傳統', 'Silicon', 'Wafer', '外應用', '擴展', '方形', '晶圓', '不同', '形狀晶圓', '以及', '化合物', '半導體', '領域', '部分', '晶圓', '甚至', '由過', '不透光', '透明', '材料', '連帶', '使量', '測技術', '要求', '產生', '變化', '徐秀蘭', '形容', '現在', 'Wafer', '從技術', '角度', '看相', '較過', '60', '變得', '雜更', '有趣', '具挑', '戰性', 'AI', '帶來', '影響', '只是', '半導體', 'Cycle', '重新', '開始', 'AI', '正結', '構性', '改變', '半導體', '各應用', '領域', '滲透', '程度', '帶動', '整體', '半導體', '需求', '擴大未來', '需要', '一定', '全是', '最先', '進晶', '而是', '晶片', '數量', '種類', '都將', '增加', '一步', '提升', '晶圓', '重要性', '矽晶', '圓產業後續', '成長', '徐秀蘭', '表示', '目前', '客戶', '積極', '進行', '大規模', '擴產', '即使', '新產能', '正式', '開出', '既有', '廠房', '進行', '許多', 'Development', '希望', '縮短', '時間', '提前', '增加', '可出', '貨量', '看好', '未來', '兩年', '產業', '雙位', '數成長', '值得', '期待', '成長', '動能', '方面', '徐秀蘭', '指出', '未來', '將同', '時來', '自量', '價兩個', '面向', '一方面', '價格', '改善', '另一方面', '則是', '需求', '及出', '貨數量', '提升', '因此', '整體', 'Wafer', '產業量', '價均', '改善', '機會', '至於', '市場', '關注', '矽晶圓', '價格', '徐秀蘭', '表示', '目前', '環球晶', '持續', '客戶', '洽談', '部分', '已經談', '差不多', '另有', '部分', '進行', '整體', '洽談', '方向', '相當', '健康', '惟基', '公司', '政策', '不便', '對外', '透露', '實際', '價格', '調整', '百分比', '徐秀蘭並', '指出', 'AI', '對半導', '體產業', '具有', '雙重', '意義', '一方面', '帶動', '生意', 'Demand', '成長', '重要', '拉動', '力量', '另一方面', '導入', '企業', '採購', '業務人', '因此', '半導', '體業', 'AI', '使用者', '生產', '支援', 'AI', '發展', '需產品', 'AI', '持續', '擴大應', '半導體', '上游', '晶圓', '結構', '性需求', '將持續', '深化', '徐秀蘭', '參加', '2026', '晶鏈', '高峰', '論壇', '由賴', '清德', '總經', '頒發', '經濟部', '專業', '獎章', '表彰', '台灣', '半導', '體供', '應鏈', '關鍵', '地位', '環球晶', '徐秀蘭', '參加晶鏈', '高峰', '論壇', '表示', '矽晶圓', '半導', '體產業', '重要性', '持續', '提升', '展望', '未來', '兩年', '隨客戶', '大規模', '擴產', '加上', '價格', '出貨量', '改善', '空間', '整體', '矽晶', '圓產業', '雙位', '數成長', '值得', '期待', '另外', '矽晶圓', '價格', '持續', '客戶', '洽談', '部分', '已經', '談得', '差不多', '整體', '洽談', '方向', '相當', '健康', '只是', '方便', '透漏', '實際上', '調整', '百分比', '多少', '表示', '矽晶圓', '受惠', 'AI', '結構', '改變', '有望', '產業', '未來', '兩年', '雙位', '數成長', '環球晶', '辦法', '重返', '1600', '以上']",Positive,0.9978721141815186
M.1788334292.A.C0C,[新聞] TEL台灣總裁仲間誠二上任後首露面 揭培育,AnimalSpirit,2026-09-02 15:31:30,9,https://www.ptt.cc/bbs/Stock/M.1788334292.A.C0C.html,"TEL台灣總裁仲間誠二上任後首露面 揭培育人才3要務



2026/09/02 13:54:32 中央社 記者張建中


TEL台灣總裁仲間誠二今年3月上任，他今天首度公開露面並說明3大任務，首先是人才培
育，其餘還有創造顧客價值以及為產業做出貢獻。

SEMICON Taiwan 2026今天開幕，半導體設備廠TEL台灣舉辦媒體交流會，仲間誠二公開現
身，這是他接任台灣TEL總裁近半年首度露面，並說明主要任務。

仲間誠二說，人才培育是公司發展的基石，也是企業的根本。TEL台灣員工是最大的資產
，也是公司發展的根本。

他表示，每名員工都應具備以客戶為中心的理念，應思考如何為客戶創造真正的價值，不
僅需要先進的技術，還有專業能力、實務經驗。

仲間誠二指出，他將努力營造一個讓所有員工都能充分發揮自身潛能的環境，這樣才能最
終滿足客戶對產品和服務的期望。

仲間誠二說，台灣已是半導體產業關鍵的樞紐，且是一個巨大的市場，TEL台灣不僅在台
灣設有許多服務據點，研發中心也靠近客戶，利用近距離策略，為客戶提供立即的現場服
務，並為提高生產力做出貢獻。

對於先進封裝市場，仲間誠二表示，雖然目前先進封裝業務規模不如前段產品那麼大，不
過，成長速度遠超過前段產品，TEL台灣將優先發展封裝領域。





TEL台灣總裁的3大任務，首先是人才培育
每名員工都應具備以客戶為中心的理念，應思考如何為客戶創造真正的價值，不僅需要先
進的技術，還有專業能力、實務經驗。

我怎麼沒看到""誠信""兩個字？
還是總裁忘了？

--","TEL台灣總裁仲間誠二上任後首露面 揭培育人才3要務



20260902 135432 中央社 記者張建中


TEL台灣總裁仲間誠二今年3月上任他今天首度公開露面並說明3大任務首先是人才培
育其餘還有創造顧客價值以及為產業做出貢獻

SEMICON Taiwan 2026今天開幕半導體設備廠TEL台灣舉辦媒體交流會仲間誠二公開現
身這是他接任台灣TEL總裁近半年首度露面並說明主要任務

仲間誠二說人才培育是公司發展的基石也是企業的根本TEL台灣員工是最大的資產
也是公司發展的根本

他表示每名員工都應具備以客戶為中心的理念應思考如何為客戶創造真正的價值不
僅需要先進的技術還有專業能力實務經驗

仲間誠二指出他將努力營造一個讓所有員工都能充分發揮自身潛能的環境這樣才能最
終滿足客戶對產品和服務的期望

仲間誠二說台灣已是半導體產業關鍵的樞紐且是一個巨大的市場TEL台灣不僅在台
灣設有許多服務據點研發中心也靠近客戶利用近距離策略為客戶提供立即的現場服
務並為提高生產力做出貢獻

對於先進封裝市場仲間誠二表示雖然目前先進封裝業務規模不如前段產品那麼大不
過成長速度遠超過前段產品TEL台灣將優先發展封裝領域





TEL台灣總裁的3大任務首先是人才培育
每名員工都應具備以客戶為中心的理念應思考如何為客戶創造真正的價值不僅需要先
進的技術還有專業能力實務經驗

我怎麼沒看到誠信兩個字
還是總裁忘了","['TEL', '台灣', '總裁仲間', '誠二', '上任', '露面', '培育', '人才', '要務', '20260902', '135432', '中央社', '記者', '建中', 'TEL', '台灣', '總裁仲間', '誠二', '今年', '上任', '今天', '首度', '公開', '露面', '並說明', '大任務', '首先', '人才', '育其餘', '還有', '創造', '顧客', '價值', '以及', '為產業', '做出', '貢獻', 'SEMICON', 'Taiwan', '2026', '今天', '開幕', '半導體', '設備', 'TEL', '台灣', '舉辦', '媒體', '交流', '會仲間', '誠二公開現', '這是', '接任', '台灣', 'TEL', '總裁', '近半年', '首度', '露面', '並說明', '主要', '任務', '仲間', '誠二說', '人才', '培育', '公司', '發展', '基石', '企業', '根本', 'TEL', '台灣員工', '最大', '資產', '公司', '發展', '根本', '表示', '每名員工', '具備', '客戶', '中心', '理念', '思考', '如何', '客戶', '創造', '真正', '價值', '需要', '先進', '技術', '還有', '專業', '能力', '實務', '經驗', '仲間', '誠二', '指出', '他將', '努力', '營造', '一個', '所有', '員工', '充分', '發揮', '自身', '潛能', '環境', '這樣', '才能', '終滿足', '客戶', '對產品', '和服', '期望', '仲間', '誠二說', '台灣', '半導', '體產業', '關鍵', '樞紐且', '一個', '巨大', '市場', 'TEL', '台灣', '不僅', '灣設', '有許', '多服', '務據點', '研發', '中心', '靠近', '客戶', '利用', '近距', '策略', '客戶', '提供', '立即', '現場', '務並', '提高', '生產力', '做出', '貢獻', '先進', '封裝市', '場仲間', '誠二', '表示', '雖然', '目前', '先進', '封裝業務', '規模', '不如', '前段', '產品', '那麼', '過成長', '速度', '遠超過', '前段', '產品', 'TEL', '台灣將', '優先', '發展', '封裝', '領域', 'TEL', '台灣', '總裁', '大任務', '首先', '人才', '培育', '每名員工', '具備', '客戶', '中心', '理念', '思考', '如何', '客戶', '創造', '真正', '價值', '不僅', '需要', '技術', '還有', '專業', '能力', '實務', '經驗', '怎麼', '看到', '誠信', '兩個', '還是', '總裁']",Positive,0.9954062700271606
M.1788334282.A.31F,[情報] 2408 南亞科 8月營收 M:1.88% Y:560.85%,q1a1,2026-09-02 15:31:20,92,https://www.ptt.cc/bbs/Stock/M.1788334282.A.31F.html,"1. 標題：2408 南亞科 8月營收 Mom:1.88% Yoy:560.85%

2. 來源：公開資訊觀測站

3. 網址：

4. 內文：

民國115年08月   單位：新台幣仟元

項目    營業收入淨額
本月      
去年同期          6,762,501
增減金額          37,927,767

本年累計          220,193,882
去年累計          29,828,762
增減金額          190,365,120
增減百分比        638.19
備註 / 營收變化原因說明 

--","1 標題2408 南亞科 8月營收 Mom188 Yoy56085

2 來源公開資訊觀測站

3 網址

4 內文

民國115年08月   單位新台幣仟元

項目    營業收入淨額
本月      
去年同期          6762501
增減金額          37927767

本年累計          220193882
去年累計          29828762
增減金額          190365120
增減百分比        63819
備註  營收變化原因說明","['標題', '2408', '南亞科', '營收', 'Mom188', 'Yoy56085', '來源', '公開', '資訊', '觀測', '網址', '內文', '民國', '115', '08', '單位', '台幣', '項目', '營業', '收入', '淨額', '本月', '去年同期', '6762501', '增減', '金額', '37927767', '本年', '累計', '220193882', '去年', '累計', '29828762', '增減', '金額', '190365120', '增減', '百分比', '63819', '營收', '變化', '原因', '說明']",Positive,0.9225289225578308
M.1788333448.A.AFB,[情報] 115年09月02日 三大法人買賣金額統計表,coconing,2026-09-02 15:17:25,爆,https://www.ptt.cc/bbs/Stock/M.1788333448.A.AFB.html,"115年09月02日 三大法人買賣金額統計表

單位名稱        買進金額(億元)  賣出金額(億元)  買賣差額(億元)

自營商(自行買賣)   103.22         101.66         

自營商(避險)       282.83         488.01         

投  信             205.15         238.33         
                                                         
外資及陸資        3122.18        4035.72         

外資自營商              0              0                0
===========================================================
合  計            3713.40        4863.74        

法人成交比重

--
一頁書：世事如棋，乾坤莫測，笑盡英雄啊～～～
一夜輸：股市如棋，漲跌莫測，坑盡散戶啊～～～

--
                                      09/02 15:17","115年09月02日 三大法人買賣金額統計表

單位名稱        買進金額億元  賣出金額億元  買賣差額億元

自營商自行買賣   10322         10166         

自營商避險       28283         48801         

投  信             20515         23833         
                                                         
外資及陸資        312218        403572         

外資自營商              0              0                0

合  計            371340        486374        

法人成交比重


一頁書世事如棋乾坤莫測笑盡英雄啊
一夜輸股市如棋漲跌莫測坑盡散戶啊","['115', '09', '02', '三大', '法人', '買賣', '金額', '統計表', '單位', '名稱', '進金額', '億元', '賣出', '金額', '億元', '買賣', '差額', '億元', '自營商', '自行', '買賣', '10322', '10166', '自營', '商避險', '28283', '48801', '20515', '23833', '外資及', '陸資', '312218', '403572', '外資', '自營商', '371340', '486374', '法人', '成交', '比重', '一頁', '世事', '如棋', '乾坤', '莫測', '英雄', '一夜', '股市', '如棋漲', '跌莫測', '散戶']",Positive,0.8435859084129333
M.1788332880.A.599,[情報] 0902 上市投信買賣超排行,saber50116,2026-09-02 15:07:58,37,https://www.ptt.cc/bbs/Stock/M.1788332880.A.599.html,"1. 標題：投信買賣超排行

2. 來源：富邦證券

3. 網址：

4. 內文：

買超

1       2887台新新光金  9,172
2       2890永豐金      6,935
3       3231緯創        6,582
4       2884玉山金      5,673
5       2891中信金      5,258
6       2892第一金      5,072
7       2882國泰金      4,093
8       2886兆豐金      3,529
9       2801彰銀        3,306
10      1303南亞        3,303
11      2353宏碁        2,520
12      2610華航        2,394
13      2618長榮航      2,344
14      4938和碩        1,549
15      2027大成鋼      1,501
16      2455全新        1,421
17      2313華通        1,396
18      2855統一證      1,108
19      2449京元電子    1,074
20      2542興富發      954
21      2454聯發科      851
22      4958臻鼎-KY     758
23      2301光寶科      749
24      2368金像電      724
25      2376技嘉        673
26      6505台塑化      672
27      2379瑞昱        580
28      2356英業達      537
29      2603長榮        537
30      2382廣達        484
31      1101台泥        438
32      2357華碩        429
33      3706神達        402
34      3189景碩        340
35      1802台玻        316
36      2002中鋼        302
37      2377微星        297
38      1605華新        284
39      3702大聯大      265
40      2481強茂        246
41      6515穎崴        223
42      2317鴻海        222
43      1102亞泥        220
44      2371大同        209
45      2883凱基金      204
46      2352佳世達      198
47      8996高力        188
48      2351順德        160
49      00662富邦NASDAQ 157
50      1519華城        140

賣超

1       3711日月光投控  -4,348
2       0050元大台灣50  -2,800
3       2344華邦電      -2,605
4       2303聯電        -2,520
5       2880華南金      -2,119
6       2327國巨*       -1,837
7       3037欣興        -1,360
8       2337旺宏        -1,089
9       2308台達電      -1,031
10      2881富邦金      -911
11      2049上銀        -888
12      5876上海商銀    -851
13      2330台積電      -836
14      2885元大金      -721
15      1216統一        -713
16      8046南電        -651
17      6805富世達      -645
18      00965元大航太防衛科技   -500
19      2345智邦        -446
20      2408南亞科      -387
21      8028昇陽半導體  -315
22      2347聯強        -307
23      6285啟碁        -290
24      2834臺企銀      -271
25      3017奇鋐        -242
26      5880合庫金      -229
27      2912統一超      -214
28      3653健策        -209
29      6005群益證      -209
30      2441超豐        -193
31      3034聯詠        -188
32      6257矽格        -145
33      6831邁科        -144
34      6139亞翔        -125
35      2812台中銀      -124
36      2383台光電      -120
37      3443創意        -118
38      2451創見        -108
39      2324仁寶        -94
40      3413京鼎        -90
41      5871中租-KY     -90
42      3481群創        -81
43      7769鴻勁        -76
44      6196帆宣        -75
45      2360致茂        -74
46      3665貿聯-KY     -71
47      6177達麗        -67
48      2609陽明        -67
49      6415矽力*-KY    -67
50      3008大立光      -66




--","1 標題投信買賣超排行

2 來源富邦證券

3 網址

4 內文

買超

1       2887台新新光金  9172
2       2890永豐金      6935
3       3231緯創        6582
4       2884玉山金      5673
5       2891中信金      5258
6       2892第一金      5072
7       2882國泰金      4093
8       2886兆豐金      3529
9       2801彰銀        3306
10      1303南亞        3303
11      2353宏碁        2520
12      2610華航        2394
13      2618長榮航      2344
14      4938和碩        1549
15      2027大成鋼      1501
16      2455全新        1421
17      2313華通        1396
18      2855統一證      1108
19      2449京元電子    1074
20      2542興富發      954
21      2454聯發科      851
22      4958臻鼎KY     758
23      2301光寶科      749
24      2368金像電      724
25      2376技嘉        673
26      6505台塑化      672
27      2379瑞昱        580
28      2356英業達      537
29      2603長榮        537
30      2382廣達        484
31      1101台泥        438
32      2357華碩        429
33      3706神達        402
34      3189景碩        340
35      1802台玻        316
36      2002中鋼        302
37      2377微星        297
38      1605華新        284
39      3702大聯大      265
40      2481強茂        246
41      6515穎崴        223
42      2317鴻海        222
43      1102亞泥        220
44      2371大同        209
45      2883凱基金      204
46      2352佳世達      198
47      8996高力        188
48      2351順德        160
49      00662富邦NASDAQ 157
50      1519華城        140

賣超

1       3711日月光投控  4348
2       0050元大台灣50  2800
3       2344華邦電      2605
4       2303聯電        2520
5       2880華南金      2119
6       2327國巨       1837
7       3037欣興        1360
8       2337旺宏        1089
9       2308台達電      1031
10      2881富邦金      911
11      2049上銀        888
12      5876上海商銀    851
13      2330台積電      836
14      2885元大金      721
15      1216統一        713
16      8046南電        651
17      6805富世達      645
18      00965元大航太防衛科技   500
19      2345智邦        446
20      2408南亞科      387
21      8028昇陽半導體  315
22      2347聯強        307
23      6285啟碁        290
24      2834臺企銀      271
25      3017奇鋐        242
26      5880合庫金      229
27      2912統一超      214
28      3653健策        209
29      6005群益證      209
30      2441超豐        193
31      3034聯詠        188
32      6257矽格        145
33      6831邁科        144
34      6139亞翔        125
35      2812台中銀      124
36      2383台光電      120
37      3443創意        118
38      2451創見        108
39      2324仁寶        94
40      3413京鼎        90
41      5871中租KY     90
42      3481群創        81
43      7769鴻勁        76
44      6196帆宣        75
45      2360致茂        74
46      3665貿聯KY     71
47      6177達麗        67
48      2609陽明        67
49      6415矽力KY    67
50      3008大立光      66","['標題', '投信', '排行', '來源', '富邦', '證券', '網址', '內文', '買超', '2887', '台新', '新光', '9172', '2890', '永豐金', '6935', '3231', '緯創', '6582', '2884', '玉山', '5673', '2891', '中信', '5258', '2892', '第一', '5072', '2882', '國泰金', '4093', '2886', '豐金', '3529', '2801', '彰銀', '3306', '10', '1303', '南亞', '3303', '11', '2353', '宏碁', '2520', '12', '2610', '華航', '2394', '13', '2618', '榮航', '2344', '14', '4938', '1549', '15', '2027', '大成', '1501', '16', '2455', '全新', '1421', '17', '2313', '華通', '1396', '18', '2855', '統一證', '1108', '19', '2449', '京元', '電子', '1074', '20', '2542', '興富發', '954', '21', '2454', '聯發科', '851', '22', '4958', 'KY', '758', '23', '2301', '光寶科', '749', '24', '2368', '金像', '724', '25', '2376', '技嘉', '673', '26', '6505', '塑化', '672', '27', '2379', '瑞昱', '580', '28', '2356', '英業', '537', '29', '2603', '537', '30', '2382', '廣達', '484', '31', '1101', '台泥', '438', '32', '2357', '華碩', '429', '33', '3706', '神達', '402', '34', '3189', '景碩', '340', '35', '1802', '316', '36', '2002', '中鋼', '302', '37', '2377', '微星', '297', '38', '1605', '華新', '284', '39', '3702', '大聯大', '265', '40', '2481', '強茂', '246', '41', '6515', '223', '42', '2317', '鴻海', '222', '43', '1102', '亞泥', '220', '44', '2371', '大同', '209', '45', '2883', '基金', '204', '46', '2352', '佳世達', '198', '47', '8996', '高力', '188', '48', '2351', '順德', '160', '49', '00662', '富邦', 'NASDAQ', '157', '50', '1519', '華城', '140', '賣超', '3711', '月光', '投控', '4348', '0050', '元大台灣', '50', '2800', '2344', '華邦電', '2605', '2303', '聯電', '2520', '2880', '華南金', '2119', '2327', '國巨', '1837', '3037', '欣興', '1360', '2337', '旺宏', '1089', '2308', '台達電', '1031', '10', '2881', '富邦金', '911', '11', '2049', '888', '12', '5876', '上海', '商銀', '851', '13', '2330', '台積電', '836', '14', '2885', '元大金', '721', '15', '1216', '統一', '713', '16', '8046', '南電', '651', '17', '6805', '富世達', '645', '18', '00965', '大航', '太防衛', '科技', '500', '19', '2345', '智邦', '446', '20', '2408', '南亞科', '387', '21', '8028', '陽半導體', '315', '22', '2347', '聯強', '307', '23', '6285', '290', '24', '2834', '企銀', '271', '25', '3017', '242', '26', '5880', '合庫', '229', '27', '2912', '統一超', '214', '28', '3653', '健策', '209', '29', '6005', '群益證', '209', '30', '2441', '超豐', '193', '31', '3034', '聯詠', '188', '32', '6257', '矽格', '145', '33', '6831', '邁科', '144', '34', '6139', '亞翔', '125', '35', '2812', '台中', '124', '36', '2383', '台光電', '120', '37', '3443', '創意', '118', '38', '2451', '創見', '108', '39', '2324', '仁寶', '94', '40', '3413', '京鼎', '90', '41', '5871', '中租', 'KY', '90', '42', '3481', '群創', '81', '43', '7769', '76', '44', '6196', '帆宣', '75', '45', '2360', '致茂', '74', '46', '3665', '貿聯', 'KY', '71', '47', '6177', '達麗', '67', '48', '2609', '陽明', '67', '49', '6415', '矽力', 'KY', '67', '50', '3008', '大立光', '66']",Positive,0.8634040951728821
M.1788332721.A.618,[情報] 6933 AMAX-KY 7月自結2.36 累計8.79,blackpudding,2026-09-02 15:05:19,4,https://www.ptt.cc/bbs/Stock/M.1788332721.A.618.html,"標題：    係因本公司有價證券於集中交易市場達公布注意交易資訊 標準，故公布相關財務業
務等重大訊息，以利投資人區別瞭解。

來源：公開資訊觀測站

網址：

內文：
1.事實發生日:115/09/02
2.發生緣由:依臺灣證券交易所股份有限公司通知辦理
3.財務業務資訊:
期間　　　　　  月　 　　　　　　　　  季　　   　　　  最近四季累計
＝＝＝＝ ＝＝＝＝＝＝＝＝＝＝＝ ＝＝＝＝＝＝＝＝＝＝＝  ＝＝＝＝＝＝
          　最近一月　 　與去年　   最近一季　  與去年　　 114年第3季
 科目　    115年07月　 同期增減%　 115年第2季  同期增減%　至115年第2季
　　　　    (自結數)　　(自結數)　  (查核數)　  (查核數)    (查核數)
＝＝＝＝ ＝＝＝＝＝＝＝＝＝＝＝ ＝＝＝＝＝　＝＝＝＝＝   ＝＝＝＝＝＝
營業收入　    1,439　　  197.31%　　 2,667　     40.44%　　　 7,619
(百萬)
稅前淨利　　    126　    641.18%　　   294　     67.05%　 　    439
(百萬)
歸屬母公司
業主淨利　　    100　   1566.67%　　　 226　     64.96%　　 　  342
(百萬)
每股盈餘　     2.36　   1473.33%　    5.33 　    64.51%　　　  8.06
(元)
4.有無「臺灣證券交易所股份有限公司對有價證券上市公司重大訊息之查證暨公開處理
  程序」第4條所列重大訊息之情事（如「有」，請說明）:無
5.有無「臺灣證券交易所股份有限公司對有價證券上市公司重大訊息之查證暨公開處理
  程序」第11條所列重大訊息說明記者會之情事:無
6.完整財務資訊請至公開資訊觀測站查閱，路徑如下：
(1)近期營業收入及損益資訊：基本資料?精華版
(2)歷史每月營業收入：營運概況?每月營收?採用IFRSs後之月營業收入資訊
(3)歷史損益(會計師查核/核閱數)：財務報表?採IFRSs後?合併/個別報表?綜合損益表
(4)歷史損益(自願性公告自結數)：營運概況?自結損益公告:無
7.其他應敘明事項:無




----
Sent from  on my Xiaomi 22101316UG

--","標題    係因本公司有價證券於集中交易市場達公布注意交易資訊 標準故公布相關財務業
務等重大訊息以利投資人區別瞭解

來源公開資訊觀測站

網址

內文
1事實發生日1150902
2發生緣由依臺灣證券交易所股份有限公司通知辦理
3財務業務資訊
期間　　　　　  月　 　　　　　　　　  季　　   　　　  最近四季累計
    
          　最近一月　 　與去年　   最近一季　  與去年　　 114年第3季
 科目　    115年07月　 同期增減　 115年第2季  同期增減　至115年第2季
　　　　    自結數　　自結數　  查核數　  查核數    查核數
  　   
營業收入　    1439　　  19731　　 2667　     4044　　　 7619
百萬
稅前淨利　　    126　    64118　　   294　     6705　 　    439
百萬
歸屬母公司
業主淨利　　    100　   156667　　　 226　     6496　　 　  342
百萬
每股盈餘　     236　   147333　    533 　    6451　　　  806
元
4有無臺灣證券交易所股份有限公司對有價證券上市公司重大訊息之查證暨公開處理
  程序第4條所列重大訊息之情事如有請說明無
5有無臺灣證券交易所股份有限公司對有價證券上市公司重大訊息之查證暨公開處理
  程序第11條所列重大訊息說明記者會之情事無
6完整財務資訊請至公開資訊觀測站查閱路徑如下
1近期營業收入及損益資訊基本資料精華版
2歷史每月營業收入營運概況每月營收採用IFRSs後之月營業收入資訊
3歷史損益會計師查核核閱數財務報表採IFRSs後合併個別報表綜合損益表
4歷史損益自願性公告自結數營運概況自結損益公告無
7其他應敘明事項無





Sent from  on my Xiaomi 22101316UG","['標題', '因本', '公司', '有價', '證券', '集中', '交易', '市場', '公布', '注意', '交易', '資訊', '標準', '公布', '相關', '財務業', '重大', '訊息', '以利', '投資', '人區別', '瞭解', '來源', '公開', '資訊', '觀測', '網址', '內文', '事實發', '生日', '1150902', '發生緣', '灣證券', '交易所', '股份', '有限公司', '通知', '辦理', '財務業務', '資訊', '期間', '最近', '四季', '累計', '最近', '一月', '去年', '最近', '一季', '去年', '114', '科目', '115', '07', '同期', '增減', '115', '同期', '增減', '115', '自結數', '自結數', '查核', '查核', '查核', '營業', '收入', '1439', '19731', '2667', '4044', '7619', '百萬', '稅前', '淨利', '126', '64118', '294', '6705', '439', '百萬', '歸屬', '母公司', '業主淨利', '100', '156667', '226', '6496', '342', '百萬', '每股', '盈餘', '236', '147333', '533', '6451', '806', '灣證券', '交易所', '股份', '有限公司', '價證券', '上市公司', '重大', '訊息', '查證', '公開', '處理', '程序', '條所列', '重大', '訊息', '情事', '如有', '說明', '灣證券', '交易所', '股份', '有限公司', '價證券', '上市公司', '重大', '訊息', '查證', '公開', '處理', '程序', '11', '條所列', '重大', '訊息', '說明', '記者', '情事', '完整', '財務資訊', '公開', '資訊', '觀測', '站查', '閱路徑', '如下', '近期', '營業', '收入', '損益', '資訊', '基本', '資料', '精華版', '歷史', '每月', '營業', '收入', '營運', '概況', '每月', '營收', '採用', 'IFRSs', '營業', '收入', '資訊', '歷史', '損益會', '計師', '查核', '閱數', '財務', '報表採', 'IFRSs', '報表', '綜合', '損益表', '歷史', '損益', '自願性', '公告', '自結數', '營運', '概況', '自結', '損益', '公告', '其他', '應敘明', '事項', 'Sent', 'from', 'on', 'my', 'Xiaomi', '22101316UG']",Positive,0.9497095942497253
M.1788332300.A.3E3,[新聞] 伊朗總統喊話!只要美國「回頭履行協議」,cityhunter04,2026-09-02 14:58:18,93,https://www.ptt.cc/bbs/Stock/M.1788332300.A.3E3.html,"（Masoud Pezeshkian）1日在吉爾吉斯出席上海合作組織峰會期間表
示，


《法新社》報導，根據伊朗總統府官網，裴澤斯基安在峰會上表態，「我明確聲明，若美
國恢復履行諒解備忘錄中的承諾，伊朗伊斯蘭共和國將立即做出回應。」

（Abbas Araghchi）前一天也呼籲美方「
」，「這樣一切都能回歸正軌」。

6月的備忘錄旨在為雙方正式和平談判鋪路，終結自今年2月底以來的軍事衝突。當時美國
與以色列聯手空襲，擊斃伊朗前最高領袖哈米尼（Ayatollah Ali Khamenei）。但後來協
議宣告破局，美伊雙方各執一詞，互控對方率先違約。

荷莫茲海峽仍是美伊衝突焦點，雙方維持相對平靜的局勢逾一個月後，31日再度爆發交火
。德黑蘭持續封鎖這條牽動全球油輪運輸的戰略要道，但同時稱只要美國履約，伊朗願意
重新開放海峽。

裴澤斯基安也將在峰會場邊與俄羅斯總統普丁舉行會談，而普丁前一天才和中國國家主席
習近平會面。習近平稱中俄關係日益鞏固，前景「更加光明」；普丁則稱雙方合作「在各
個領域都取得進展」。


戰況不對伊朗開始玩兩面手法？文官不斷出來喊話，要美國來談判、但革命衛隊三不五時
射飛彈、派無人機、佈水雷擋航道？真當川普是笨蛋嘛！

美國當初就該繼續打，打到沒人敢反對，反正都開戰了，哪有在讓步的！伊朗就是被打出
來哭要和談，停戰就開始翹尾巴說，美帝要賠償損失，跟無賴一樣！

所以最近美國股回檔，是因為美伊戰事又起嗎？不然沒啥負面消息啊？



--","Masoud Pezeshkian1日在吉爾吉斯出席上海合作組織峰會期間表
示


法新社報導根據伊朗總統府官網裴澤斯基安在峰會上表態我明確聲明若美
國恢復履行諒解備忘錄中的承諾伊朗伊斯蘭共和國將立即做出回應

Abbas Araghchi前一天也呼籲美方
這樣一切都能回歸正軌

6月的備忘錄旨在為雙方正式和平談判鋪路終結自今年2月底以來的軍事衝突當時美國
與以色列聯手空襲擊斃伊朗前最高領袖哈米尼Ayatollah Ali Khamenei但後來協
議宣告破局美伊雙方各執一詞互控對方率先違約

荷莫茲海峽仍是美伊衝突焦點雙方維持相對平靜的局勢逾一個月後31日再度爆發交火
德黑蘭持續封鎖這條牽動全球油輪運輸的戰略要道但同時稱只要美國履約伊朗願意
重新開放海峽

裴澤斯基安也將在峰會場邊與俄羅斯總統普丁舉行會談而普丁前一天才和中國國家主席
習近平會面習近平稱中俄關係日益鞏固前景更加光明普丁則稱雙方合作在各
個領域都取得進展


戰況不對伊朗開始玩兩面手法文官不斷出來喊話要美國來談判但革命衛隊三不五時
射飛彈派無人機佈水雷擋航道真當川普是笨蛋嘛

美國當初就該繼續打打到沒人敢反對反正都開戰了哪有在讓步的伊朗就是被打出
來哭要和談停戰就開始翹尾巴說美帝要賠償損失跟無賴一樣

所以最近美國股回檔是因為美伊戰事又起嗎不然沒啥負面消息啊","['Masoud', 'Pezeshkian1', '吉爾', '吉斯', '出席', '上海', '合作', '組織峰', '會期', '間表', '法新社', '報導', '根據', '伊朗', '總統府', '官網', '裴澤斯', '基安在峰', '上表', '我明', '確聲', '明若美', '國恢', '履行', '諒解備', '忘錄', '承諾', '伊朗', '伊斯', '共和', '國將', '立即', '做出', '回應', 'Abbas', 'Araghchi', '前一天', '呼籲', '美方', '這樣', '一切', '回歸', '正軌', '備忘錄', '旨在', '雙方', '正式', '和平', '談判', '路終', '結自', '今年', '月底', '以來', '軍事衝', '突當時', '美國', '以色列', '聯手', '空襲擊', '伊朗', '最高', '領袖', '哈米', 'Ayatollah', 'Ali', 'Khamenei', '但後來協', '宣告', '破局', '美伊雙方', '執一詞', '互控', '對方', '率先', '違約', '荷莫茲海峽', '美伊衝', '突焦點', '雙方維持', '相對', '平靜', '局勢', '一個', '31', '再度', '爆發', '交火', '黑蘭持續', '封鎖', '這條', '牽動', '全球', '油輪', '運輸', '戰略', '同時', '只要', '美國', '履約', '伊朗', '願意', '重新', '開放海峽', '裴澤斯', '基安', '將在峰', '會場邊', '俄羅斯', '總統', '普丁舉', '行會', '普丁', '前一天', '中國國家', '主席', '習近', '平會', '面習', '近平稱', '俄關', '日益', '鞏固', '前景', '更加', '光明', '普丁則', '雙方', '合作', '領域', '取得', '進展', '戰況', '伊朗', '開始', '兩面', '手法', '文官', '不斷', '出來', '美國來', '談判', '革命', '衛隊', '三不五時', '射飛彈', '無人機', '水雷', '航道', '真當川', '普是', '笨蛋', '美國', '當初', '繼續', '打打', '沒人敢', '反對', '反正', '開戰', '伊朗', '就是', '打出', '停戰', '開始', '尾巴', '美帝', '賠償', '損失', '無賴', '一樣', '所以', '最近', '美國股', '回檔', '因為', '美伊戰事', '不然', '負面', '消息']",Positive,0.9708624482154846
M.1788332293.A.B79,[新聞] 傳特定批次產品電容異常 台達電：協助換,thinksilver,2026-09-02 14:58:10,41,https://www.ptt.cc/bbs/Stock/M.1788332293.A.B79.html,"傳特定批次產品電容異常 







2026.09.02  11:17



時報記者 張漢綺 台北報導



受到市場流傳疑似「截取」台達電(2308)發文給客戶部分內容指出，，對此，台達電表示，不
評論市場傳聞，但若供應商零組件出現問題，台達會盡力協助客戶安排換貨，確保客戶需
求不受影響，營運亦不受任何影響。

昨天市場流傳疑似「截取」台達電發文給客戶部分內容，台達電子工業謹代表其關聯公司
致函通知您，關於某電源供應器特定批次產品存在潛在品質問題；台達目前的調查結果，
受影響PSU中使用的某些電容器（以下簡稱「受影響電容器」）在未施加電壓的情況下長
期存放後，可能會出現漏電流增大的現象（以下簡稱「此問題」）；在特定條件下，此問
題可能導致電容器電壓不平衡、過熱，並可能在後續上電過程中引發電容器故障。

受此「截取」部分台達電發文給客戶內容影響，台達電今天盤中股價重挫。

據了解，此次有電容器品質問題的台達VR 18.4 kW電源供應產品，是台達在試產階段發現
，並主動發文通知客戶，啟動更換電容器。

電源業界認為，，台達電試產發
現問題後，立刻主動通知客戶，並啟動更換產品，台達電擁有不同的電容器供應商，且備
料充足，預期此批次產品問題只要更換電容器供應商就可解決，對台達電不會有任何影響
。



只是截取部分內容就讓老達今天跌7.24%?

業界認為這次問題在電容器並非台達電設計問題

加上其他供應商還在開發中或是未認證

基本上老達產品還是遙遙領先!

各位有老達的股神怎麼看呢?

--","傳特定批次產品電容異常 







20260902  1117



時報記者 張漢綺 台北報導



受到市場流傳疑似截取台達電2308發文給客戶部分內容指出對此台達電表示不
評論市場傳聞但若供應商零組件出現問題台達會盡力協助客戶安排換貨確保客戶需
求不受影響營運亦不受任何影響

昨天市場流傳疑似截取台達電發文給客戶部分內容台達電子工業謹代表其關聯公司
致函通知您關於某電源供應器特定批次產品存在潛在品質問題台達目前的調查結果
受影響PSU中使用的某些電容器以下簡稱受影響電容器在未施加電壓的情況下長
期存放後可能會出現漏電流增大的現象以下簡稱此問題在特定條件下此問
題可能導致電容器電壓不平衡過熱並可能在後續上電過程中引發電容器故障

受此截取部分台達電發文給客戶內容影響台達電今天盤中股價重挫

據了解此次有電容器品質問題的台達VR 184 kW電源供應產品是台達在試產階段發現
並主動發文通知客戶啟動更換電容器

電源業界認為台達電試產發
現問題後立刻主動通知客戶並啟動更換產品台達電擁有不同的電容器供應商且備
料充足預期此批次產品問題只要更換電容器供應商就可解決對台達電不會有任何影響




只是截取部分內容就讓老達今天跌724

業界認為這次問題在電容器並非台達電設計問題

加上其他供應商還在開發中或是未認證

基本上老達產品還是遙遙領先

各位有老達的股神怎麼看呢","['特定', '批次', '產品', '電容', '異常', '20260902', '1117', '時報', '記者', '張漢', '台北', '報導', '受到', '市場', '流傳', '疑似', '截取', '台達電', '2308', '發文給', '客戶', '部分', '內容', '指出', '對此', '台達電', '表示', '評論', '市場', '傳聞', '若供', '應商', '零組件', '出現', '問題', '台達會', '盡力', '協助', '客戶', '安排', '換貨確', '保客戶', '求不受', '影響', '營運', '不受', '任何', '影響', '昨天', '市場', '流傳', '疑似', '截取', '台達', '電發', '文給', '客戶', '部分', '內容', '台達', '電子', '工業', '代表', '其關聯', '公司', '致函', '通知', '您關', '某電源', '應器', '特定', '批次', '產品', '存在', '潛在', '品質', '問題', '台達', '目前', '調查', '結果', '受影響', 'PSU', '使用', '某些', '容器', '以下', '簡稱', '影響電', '容器', '施加', '電壓', '情況', '下長', '存放', '可能', '會出', '現漏', '電流', '增大', '現象', '以下', '簡稱', '問題', '特定', '條件', '此問', '可能', '導致電', '容器', '電壓', '平衡', '過熱並', '可能', '在後續', '電過', '程中', '引發電', '容器', '故障', '受此', '截取', '部分', '台達', '電發', '文給', '客戶', '內容', '影響', '台達電', '今天', '盤中', '股價', '重挫', '了解', '此次', '有電', '容器', '品質', '問題', '台達', 'VR', '184', 'kW', '電源供', '應產品', '試產階段', '發現', '並主動', '發文', '通知', '客戶', '啟動', '換電', '容器', '電源業界', '認為', '台達', '電試', '產發', '現問題', '立刻', '主動', '通知', '客戶並', '啟動', '換產品', '台達', '電擁', '不同', '的電', '容器', '供應', '商且', '充足', '預期', '批次', '產品', '問題', '只要', '更換電', '容器', '供應商', '解決', '台達', '電不會', '任何', '影響', '只是', '截取', '部分', '內容', '老達', '今天', '724', '業界', '認為', '這次', '問題', '在電', '容器', '並非', '台達電', '設計', '問題', '加上', '其他', '供應', '商還', '開發', '或是', '認證', '基本上', '老達產品', '還是', '遙遙', '領先', '各位', '老達', '股神', '怎麼']",Positive,0.6309196352958679
M.1788331788.A.2D4,Re: [新聞] 文曄2項海外募資案同步完成訂價 共募得29,magicgreet,2026-09-02 14:49:46,7,https://www.ptt.cc/bbs/Stock/M.1788331788.A.2D4.html,"通路股這一波殺得亂七八糟 年線毫無抵抗

看來是後面主力認為升息機率很高

生息會影響eps波動劇烈

與其這樣不如發債 降低借貸成本

每家成本利息不同 記得之前看大聯大是一碼影響eps0.3-0.5

股價一直拉當時就預測會一直降息 結果現在.....

台灣通路股本益比7-10

美國通路股本益比13-22

日本沒看

如果AI能好 那代理商一定也能賺不少

只是股價就沒那麼活潑

通路股基本上都能配7-8成 現在看這價位明年配起來一堆都10%起跳的


--","通路股這一波殺得亂七八糟 年線毫無抵抗

看來是後面主力認為升息機率很高

生息會影響eps波動劇烈

與其這樣不如發債 降低借貸成本

每家成本利息不同 記得之前看大聯大是一碼影響eps0305

股價一直拉當時就預測會一直降息 結果現在

台灣通路股本益比710

美國通路股本益比1322

日本沒看

如果AI能好 那代理商一定也能賺不少

只是股價就沒那麼活潑

通路股基本上都能配78成 現在看這價位明年配起來一堆都10起跳的","['通路', '這一波', '七八', '年線', '毫無', '抵抗', '看來', '是後面', '主力', '認為', '升息', '機率', '生息', '影響', 'eps', '波動', '劇烈', '這樣', '不如', '發債', '降低', '借貸', '成本', '每家', '成本', '利息', '不同', '記得', '之前', '看大聯大', '一碼', '影響', 'eps0305', '股價', '一直', '拉當時', '預測會', '一直', '降息', '結果現', '台灣', '通路', '本益比', '710', '美國', '通路', '本益比', '1322', '日本', '沒看', '如果', 'AI', '代理商', '一定', '不少', '只是', '股價', '那麼', '活潑', '通路', '基本上', '能配', '78', '現在', '這價位', '明年', '配起', '一堆', '10', '起跳']",Positive,0.603247344493866
M.1788331082.A.717,[新聞] 台股收盤／台積電跌55元拖垮！台股重挫78,takeshi911,2026-09-02 14:38:00,14,https://www.ptt.cc/bbs/Stock/M.1788331082.A.717.html,"1.媒體來源:三立新聞網


2.記者署名:余國棟


3.完整新聞標題:台股收盤／台積電跌55元拖垮！台股重挫784點　光通訊、機器人留火種


4.完整新聞內文:

美伊衝突升溫引爆全球避險賣壓，台股今（2）日收盤重挫784點，櫃買同步跌0.93%，上

市櫃成交金額合計突破1.13兆元，台積電大跌55元成為指數最大壓力來源。

台股重挫784點　盤中一路走低收最低

美國對伊朗發動新一輪空襲，市場擔憂荷莫茲海峽運輸進一步受阻，國際油價應聲大漲，

能源價格上升不僅重新點燃通膨疑慮，也推高市場對聯準會（Fed）9月升息的預期。美股

週二全面收黑，道瓊終場下跌逾400點，那斯達克指數跌逾1%，費城半導體指數更重挫超

過2%，科技股賣壓直接衝擊今日台股。

台股開盤即承受沉重賣壓，加權指數早盤快速下殺，盤中雖一度嘗試止穩，但買盤力道不

足，終場收在46,164.72點，下跌784點，跌幅1.67%，成交金額達9,183.93億元。代表中

小型股的櫃買指數同樣難逃賣壓，終場收406.96點，下跌3.81點、跌幅0.93%，成交金額

2,187.73億元。上市、上櫃成交金額合計約1兆1,371.66億元，市場在國際情勢升溫下出

現明顯換手，也反映多空交戰相當激烈。

倫元投顧陳學進分析師認為，受到美伊戰事再起，引發高油價、以及通膨疑慮的影響外，

加上47K以上的套牢籌碼壓力仍有待時間化解，因此，每當市場一有任何的風吹草動，往

往都會引發巨大的漣漪效應；不過，大家也無須過於緊張或擔心，輝達35億美元入股聯發

科效應發酵，台積電營運展望樂觀為台股提供有力支撐，美國期中選舉行情開跑、政策面

與內外資法人力挺偏多不變，以及國際半導體展將登場，展會題材集中發酵，配合10日線

、月線及季線等短中期均線呈現黃金交叉向上的支撐下，都有利於台股震盪向上挺進，AI

晶片霸主輝達及護國神山台積電唱旺光通訊後市，台積電先進封裝技術發展副總經理徐國

晉8/31日表示，光學技術是資料中心的「神經系統」，矽光子已是主流規模化平台，預計

到2027年將占整體市場逾50%，並帶動光收發模組需求快速升溫，今年看增五成；加上蘋

果新機即將發表，市場看好出貨旺季來臨，推升營運動能向上，包括ASIC設計、AI伺服器

、PCB/CCL、CPO矽光子、散熱、AI電源暨高速傳輸、電子材料、矽晶圓、先進封裝暨半導

體設備、以及相關蘋概股…等，都是大家可持續留意的機會。

台積電重挫55元成殺盤核心　聯發科、台達電同步走弱

權值股成為今天大盤最大壓力來源，其中台積電（2330）終場收2,385元，大跌55元、跌

幅

2.25%，由於台積電占加權指數權重極高，單一個股走弱便明顯壓低大盤表現，也是指數

重挫784點的重要原因。

從成交金額排名觀察，資金高度集中在大型電子權值與熱門股。聯發科（2454），股價下

跌40元；台積電下跌55元。台達電（2308）遭遇更重賣壓，收1,730元，大跌135元、跌幅

達7.24%；緯穎（6669）收2,610元，下跌5元，跌幅0.19%；穩懋（3105）收469.5元，下

跌22.5元、跌幅4.57%；國巨*（2327）收540元，下跌28元、跌幅4.93%，聯電（2303）收

126元，下跌6.5元、跌幅4.91%，顯示電子族群賣壓並非只集中在單一權值股。

萬綠叢中仍有紅花　南亞、欣興、全新逆勢上漲

值得注意的是，盤面雖然一片低迷，部分高成交個股仍逆勢獲得資金青睞。南亞（1303）

收237.5元，上漲3元、漲幅1.28%；欣興（3037）收973元，小漲2元、漲幅0.21%；全新（

2455）表現相對強勢，終場收542元，上漲18元、漲幅3.44%，成為弱勢盤面中少數逆勢走

高的高成交個股。

啟發投顧容逸燊分析師認為，美債殖利率高漲及原油走高使亞股全線拉回，台股相對抗跌

拉回4萬6，主要跌幅集中在台積電、台達電等大型權值股，中小型股回檔不深OTC僅在平

盤上下震盪，利空影響應為短期，在FOMC之前仍有多次總經數據公布，雖目前9月升息機

率增加，但在期中選舉前較可能按兵不動，可趁拉回低接強勢族群如CPO、光學股。

後續投資人可先觀察國際油價、美伊局勢以及美債殖利率變化，若油價持續急升，Fed升

息預期進一步升高，高本益比科技股仍可能面臨估值修正壓力。短線籌碼快速換手，在國

際變數尚未明朗前，不宜過度追高；反而可留意基本面有支撐、營收成長明確，以及大盤

重挫時仍能逆勢抗跌的個股，作為市場震盪期間的重要觀察名單。

5.完整新聞連結:


6.心得:

美伊衝突引爆恐慌賣壓，台股大跌 784 點失守高檔。雖然短線油價與通膨疑慮籠罩，但

櫃買抗跌顯示內資未潰散。權值股回檔提供洗盤機會，中長線回歸輝達入股聯發科與矽光

子等 AI 基本面，逢低關注強勢主流標的。

--","1媒體來源三立新聞網


2記者署名余國棟


3完整新聞標題台股收盤台積電跌55元拖垮台股重挫784點　光通訊機器人留火種


4完整新聞內文

美伊衝突升溫引爆全球避險賣壓台股今2日收盤重挫784點櫃買同步跌093上

市櫃成交金額合計突破113兆元台積電大跌55元成為指數最大壓力來源

台股重挫784點　盤中一路走低收最低

美國對伊朗發動新一輪空襲市場擔憂荷莫茲海峽運輸進一步受阻國際油價應聲大漲

能源價格上升不僅重新點燃通膨疑慮也推高市場對聯準會Fed9月升息的預期美股

週二全面收黑道瓊終場下跌逾400點那斯達克指數跌逾1費城半導體指數更重挫超

過2科技股賣壓直接衝擊今日台股

台股開盤即承受沉重賣壓加權指數早盤快速下殺盤中雖一度嘗試止穩但買盤力道不

足終場收在4616472點下跌784點跌幅167成交金額達918393億元代表中

小型股的櫃買指數同樣難逃賣壓終場收40696點下跌381點跌幅093成交金額

218773億元上市上櫃成交金額合計約1兆137166億元市場在國際情勢升溫下出

現明顯換手也反映多空交戰相當激烈

倫元投顧陳學進分析師認為受到美伊戰事再起引發高油價以及通膨疑慮的影響外

加上47K以上的套牢籌碼壓力仍有待時間化解因此每當市場一有任何的風吹草動往

往都會引發巨大的漣漪效應不過大家也無須過於緊張或擔心輝達35億美元入股聯發

科效應發酵台積電營運展望樂觀為台股提供有力支撐美國期中選舉行情開跑政策面

與內外資法人力挺偏多不變以及國際半導體展將登場展會題材集中發酵配合10日線

月線及季線等短中期均線呈現黃金交叉向上的支撐下都有利於台股震盪向上挺進AI

晶片霸主輝達及護國神山台積電唱旺光通訊後市台積電先進封裝技術發展副總經理徐國

晉831日表示光學技術是資料中心的神經系統矽光子已是主流規模化平台預計

到2027年將占整體市場逾50並帶動光收發模組需求快速升溫今年看增五成加上蘋

果新機即將發表市場看好出貨旺季來臨推升營運動能向上包括ASIC設計AI伺服器

PCBCCLCPO矽光子散熱AI電源暨高速傳輸電子材料矽晶圓先進封裝暨半導

體設備以及相關蘋概股等都是大家可持續留意的機會

台積電重挫55元成殺盤核心　聯發科台達電同步走弱

權值股成為今天大盤最大壓力來源其中台積電2330終場收2385元大跌55元跌

幅

225由於台積電占加權指數權重極高單一個股走弱便明顯壓低大盤表現也是指數

重挫784點的重要原因

從成交金額排名觀察資金高度集中在大型電子權值與熱門股聯發科2454股價下

跌40元台積電下跌55元台達電2308遭遇更重賣壓收1730元大跌135元跌幅

達724緯穎6669收2610元下跌5元跌幅019穩懋3105收4695元下

跌225元跌幅457國巨2327收540元下跌28元跌幅493聯電2303收

126元下跌65元跌幅491顯示電子族群賣壓並非只集中在單一權值股

萬綠叢中仍有紅花　南亞欣興全新逆勢上漲

值得注意的是盤面雖然一片低迷部分高成交個股仍逆勢獲得資金青睞南亞1303

收2375元上漲3元漲幅128欣興3037收973元小漲2元漲幅021全新

2455表現相對強勢終場收542元上漲18元漲幅344成為弱勢盤面中少數逆勢走

高的高成交個股

啟發投顧容逸燊分析師認為美債殖利率高漲及原油走高使亞股全線拉回台股相對抗跌

拉回4萬6主要跌幅集中在台積電台達電等大型權值股中小型股回檔不深OTC僅在平

盤上下震盪利空影響應為短期在FOMC之前仍有多次總經數據公布雖目前9月升息機

率增加但在期中選舉前較可能按兵不動可趁拉回低接強勢族群如CPO光學股

後續投資人可先觀察國際油價美伊局勢以及美債殖利率變化若油價持續急升Fed升

息預期進一步升高高本益比科技股仍可能面臨估值修正壓力短線籌碼快速換手在國

際變數尚未明朗前不宜過度追高反而可留意基本面有支撐營收成長明確以及大盤

重挫時仍能逆勢抗跌的個股作為市場震盪期間的重要觀察名單

5完整新聞連結


6心得

美伊衝突引爆恐慌賣壓台股大跌 784 點失守高檔雖然短線油價與通膨疑慮籠罩但

櫃買抗跌顯示內資未潰散權值股回檔提供洗盤機會中長線回歸輝達入股聯發科與矽光

子等 AI 基本面逢低關注強勢主流標的","['媒體', '來源', '立新', '聞網', '記者', '署名', '余國棟', '完整', '新聞', '標題', '台股', '收盤', '台積電', '55', '拖垮', '台股', '重挫', '784', '光通', '機器', '人留', '火種', '完整', '新聞', '內文', '美伊衝', '突升', '引爆', '全球', '避險', '壓台', '股今', '日收盤', '重挫', '784', '點櫃', '同步', '093', '市櫃', '成交', '金額', '合計', '突破', '113', '兆元', '台積電', '大跌', '55', '元成', '指數', '最大', '壓力', '來源', '台股', '重挫', '784', '盤中', '一路', '走低', '最低', '美國', '伊朗', '發動', '一輪', '空襲', '市場', '擔憂', '荷莫茲海峽', '運輸進', '一步', '受阻', '國際油', '價應', '聲大漲', '能源', '價格', '上升', '不僅', '重新', '點燃', '通膨疑慮', '推高', '市場', '聯準', 'Fed9', '升息', '預期', '美股', '週二', '全面', '黑道', '終場', '下跌', '400', '點那斯達克', '指數', '費城', '半導體', '指數', '重挫', '科技股', '賣壓', '直接', '衝擊', '今日', '台股', '台股', '開盤', '承受', '沉重', '賣壓', '加權', '指數', '早盤', '快速', '殺盤', '一度', '嘗試止', '買盤', '力道', '終場', '4616472', '下跌', '784', '跌幅', '167', '成交', '金額', '918393', '億元', '代表', '小型', '櫃買', '指數', '同樣', '賣壓', '終場', '40696', '下跌', '381', '跌幅', '093', '成交', '金額', '218773', '億元', '上市', '上櫃', '成交', '金額', '合計', '137166', '億元', '市場', '國際', '情勢', '升溫', '下出', '現明', '顯換', '反映', '多空', '交戰', '相當', '激烈', '倫元', '投顧', '學進', '分析', '師認', '受到', '美伊戰事', '再起', '引發', '高油價', '以及', '通膨疑慮', '影響', '加上', '47K', '以上', '套牢', '籌碼', '壓力', '有待', '時間', '化解', '因此', '每當', '市場', '一有', '任何', '草動往', '引發', '巨大', '漣漪', '效應', '不過', '大家', '須過', '緊張', '擔心輝', '35', '美元', '入股', '聯發', '科效應', '發酵', '台積電', '營運', '展望', '樂觀', '台股', '提供', '有力', '支撐', '美國', '期中', '選舉', '行情', '開跑', '政策', '內外', '資法', '人力', '偏多', '不變', '以及', '國際', '半導體', '展將', '登場', '展會', '題材', '集中', '發酵', '配合', '10', '日線', '月線', '季線', '中期', '均線', '現黃金', '交叉', '向上', '支撐', '有利於', '台股', '震盪', '向上', '挺進', 'AI', '晶片', '霸主', '輝達', '及護國', '神山', '台積電', '唱旺', '光通', '訊後市', '台積電', '先進', '封裝', '技術', '發展', '總經理', '徐國', '831', '表示', '光學', '技術', '資料', '中心', '神經系', '統矽', '光子', '主流', '規模化', '平台', '預計', '2027', '年將', '整體', '市場', '50', '並帶動', '光收', '發模組', '需求', '快速', '升溫', '今年', '看增', '五成', '加上', '果新機', '即將', '發表', '市場', '看好', '出貨', '旺季', '來臨', '推升', '營運動', '向上', '包括', 'ASIC', '設計', 'AI', '伺服器', 'PCBCCLCPO', '光子', '散熱', 'AI', '電源', '高速', '傳輸', '電子', '材料', '矽晶圓', '先進', '封裝', '半導', '體設備', '以及', '相關', '蘋概', '大家', '可持續', '留意', '機會', '台積電', '重挫', '55', '元成', '殺盤', '核心', '聯發', '科台', '達電', '同步', '走弱', '權值', '股成', '今天', '大盤', '最大', '壓力', '來源', '其中', '台積電', '2330', '終場', '2385', '大跌', '55', '元跌', '225', '台積電', '占加權', '指數權', '重極', '高單', '一個', '走弱', '便明', '顯壓', '低大盤', '表現', '指數', '重挫', '784', '點的', '重要', '原因', '成交', '金額', '排名', '觀察資金', '高度集中', '大型', '電子', '權值', '熱門', '股聯', '發科', '2454', '股價下', '40', '台積電', '下跌', '55', '元台', '達電', '2308', '遭遇', '重賣', '壓收', '1730', '大跌', '135', '跌幅', '724', '緯穎', '6669', '2610', '下跌', '跌幅', '019', '穩懋', '3105', '4695', '元下', '225', '跌幅', '457', '國巨', '2327', '540', '下跌', '28', '跌幅', '493', '聯電', '2303', '126', '下跌', '65', '跌幅', '491', '顯示', '電子', '族群', '賣壓', '並非', '集中', '單一權', '值股', '萬綠叢', '紅花', '南亞欣興', '全新', '逆勢', '值得注意', '盤面', '雖然', '一片', '低迷', '部分', '成交', '個股', '仍逆勢', '獲得', '資金', '青睞', '南亞', '1303', '2375', '元上', '元漲', '128', '欣興', '3037', '973', '元小漲', '元漲', '021', '全新', '2455', '表現', '相對', '強勢', '終場', '542', '元上', '18', '元漲', '344', '成為', '弱勢', '盤面', '中少', '數逆勢', '成交', '啟發', '投顧', '容逸', '分析', '師認', '美債殖', '利率', '高漲', '原油', '走高', '使亞股', '全線', '回台', '股相', '抗跌', '拉回', '主要', '跌幅', '集中', '台積電', '台達電', '大型', '權值', '中小型', '股回', 'OTC', '僅在平', '上下', '震盪', '利空', '影響', '應為', '短期', 'FOMC', '之前', '多次', '總經', '數據', '公布', '目前', '升息', '增加', '期中', '選舉', '可能', '按兵', '不動', '趁拉回', '低接', '強勢', '族群', 'CPO', '光學股', '投資人', '可先', '觀察國際', '油價', '美伊局', '以及', '美債殖', '利率', '變化', '若油', '價持續', '急升', 'Fed', '預期', '一步', '升高', '本益比', '科技股', '可能', '面臨', '估值', '修正', '壓力', '短線', '籌碼', '快速', '換手', '在國', '變數', '尚未', '明朗', '不宜', '過度', '追高', '反而', '留意', '基本面', '支撐營', '收成', '明確', '以及', '大盤', '重挫', '逆勢', '抗跌', '股作', '市場', '震盪', '期間', '重要', '觀察名', '完整', '新聞', '連結', '心得', '美伊衝突', '引爆', '恐慌', '賣壓', '台股', '大跌', '784', '失守', '高檔', '雖然', '短線', '油價', '通膨疑慮', '籠罩', '櫃買', '抗跌', '顯示', '內資未', '潰散', '權值', '股回', '提供', '洗盤', '機會', '中長', '回歸輝', '入股', '聯發科', '矽光', 'AI', '基本面', '關注', '強勢', '主流']",Negative,0.9331145286560059
M.1788329593.A.3C2,[新聞] 玉山金完成三商壽股權交割 突破40元大關!,kiversonx17,2026-09-02 14:13:10,18,https://www.ptt.cc/bbs/Stock/M.1788329593.A.3C2.html,"。

 

 經濟日報 記者馬琬淳／台北即時報導



玉山金（2884）合併三商壽（2867）於1日完成股權交割程序，三商壽自即日起正式成為
玉山金子公司。玉山金合併慶祝行情持續，2日衝上40元之上，創下歷史新高；另台新新
光金（2887）股價也持續攻高，一度漲至41.1元，同樣再創新高，總座林維俊在法說會上
表示，有信心明年股利配發將會比今年好。

玉山金、台新新光金雙雙突破40元整數關，都創下新高。玉山金昨日完成與三商壽的股權
交割，同時昨董事會通過現金增資三商壽160億元，預計於12月1日更名為玉山人壽。玉山
金銀行、人壽、證券及投信等金融版圖逐步到位，躍升為國內資產規模第五大上市金控公
司，資產規模逾6.6兆元。

台新新光金昨日舉行法說會，上半年稅後淨利438億元，年增329%，每股稅後盈餘（EPS）
1.69元，年化股東權益報酬率15.36%。前7月獲利增至527.3億元，EPS達2.04元，已超越
去年全年EPS的1.91元。

新壽是今年重要獲利引擎，上半年稅後純益225億元，若加計FVOCI股票處分損益512億元
，調整後累計獲利達737億元；截至6月底金融資產未實現利益近900億元，其中約九成來
自股票。

對於股利方面，林維俊表示，非常有信心明年配息會優於今年，並以現金股利為主要方向
。昨天台新新光金股價大漲收在40.3元，市值破兆元，為國內金融業第四家「兆元金控」
，今日股價持續攻高，續創歷史新高。




玉山金於1日完成合併三商壽股權交割程序

今日股價衝上40元 收盤40.50創下歷史新高

持股玉山金接近10年 從早期的股/息各半

到近幾年以全配現金為主

玉山金的成長有目共睹

今天算是寫下一個新的里程碑了

--","經濟日報 記者馬琬淳台北即時報導



玉山金2884合併三商壽2867於1日完成股權交割程序三商壽自即日起正式成為
玉山金子公司玉山金合併慶祝行情持續2日衝上40元之上創下歷史新高另台新新
光金2887股價也持續攻高一度漲至411元同樣再創新高總座林維俊在法說會上
表示有信心明年股利配發將會比今年好

玉山金台新新光金雙雙突破40元整數關都創下新高玉山金昨日完成與三商壽的股權
交割同時昨董事會通過現金增資三商壽160億元預計於12月1日更名為玉山人壽玉山
金銀行人壽證券及投信等金融版圖逐步到位躍升為國內資產規模第五大上市金控公
司資產規模逾66兆元

台新新光金昨日舉行法說會上半年稅後淨利438億元年增329每股稅後盈餘EPS
169元年化股東權益報酬率1536前7月獲利增至5273億元EPS達204元已超越
去年全年EPS的191元

新壽是今年重要獲利引擎上半年稅後純益225億元若加計FVOCI股票處分損益512億元
調整後累計獲利達737億元截至6月底金融資產未實現利益近900億元其中約九成來
自股票

對於股利方面林維俊表示非常有信心明年配息會優於今年並以現金股利為主要方向
昨天台新新光金股價大漲收在403元市值破兆元為國內金融業第四家兆元金控
今日股價持續攻高續創歷史新高




玉山金於1日完成合併三商壽股權交割程序

今日股價衝上40元 收盤4050創下歷史新高

持股玉山金接近10年 從早期的股息各半

到近幾年以全配現金為主

玉山金的成長有目共睹

今天算是寫下一個新的里程碑了","['經濟', '日報', '記者', '琬淳', '台北', '即時', '報導', '玉山', '2884', '三商壽', '2867', '完成', '股權', '交割', '程序', '三商壽', '自即日起', '正式', '成為', '玉山', '金子', '公司', '玉山', '金合', '慶祝', '行情', '持續', '日衝', '40', '之上', '創下', '歷史', '新高', '另台', '光金', '2887', '股價', '持續', '攻高', '一度', '漲至', '411', '同樣', '新高', '總座', '林維俊', '表示', '信心', '明年', '股利', '配發', '將會', '今年', '玉山', '金台', '新光', '金雙雙', '突破', '40', '元整', '數關', '創下', '新高', '玉山', '昨日', '完成', '三商壽', '股權', '交割', '同時', '董事', '通過', '現金', '增資', '三商壽', '160', '億元', '預計', '12', '更名', '玉山', '人壽', '玉山', '金銀', '行人', '壽證券', '投信', '金融版', '逐步', '到位', '躍升', '國內', '資產', '規模', '第五', '上市', '金控公', '司資產', '規模', '66', '兆元', '台新', '新光', '昨日', '舉行法', '上半年', '稅後淨利', '438', '元年', '329', '每股', '稅後盈餘', 'EPS', '169', '元年', '化股', '東權益', '報酬', '1536', '獲利', '增至', '5273', '億元', 'EPS', '204', '超越', '去年', '全年', 'EPS', '191', '新壽', '今年', '重要', '獲利', '引擎', '上半年', '稅後純益', '225', '億元', '加計', 'FVOCI', '股票', '處分', '損益', '512', '億元', '調整', '累計', '獲利達', '737', '億元', '截至', '月底', '金融', '資產未', '實現', '利益', '900', '億元', '其中', '九成', '股票', '股利', '方面', '林維俊', '表示', '非常', '信心', '明年', '配息會', '今年', '並以', '現金', '股利', '主要', '方向', '昨天', '台新', '新光', '金股', '價大漲', '403', '市值', '破兆元', '國內', '金融', '第四家', '兆元', '金控', '今日', '股價', '持續', '攻高續', '創歷史', '新高', '玉山', '完成', '三商壽', '股權', '交割', '程序', '今日', '股價', '衝上', '40', '收盤', '4050', '創下', '歷史', '新高', '持股', '玉山', '接近', '10', '早期', '股息', '各半', '幾年', '全配', '現金為', '玉山', '成長', '有目共睹', '今天', '算是', '寫下', '一個', '里程碑']",Positive,0.9955065250396729
M.1788328802.A.1EA,[閒聊] 2026/09/02 盤後閒聊,laptic,2026-09-02 14:00:00,66,https://www.ptt.cc/bbs/Stock/M.1788328802.A.1EA.html,"台指期　自營商  +2,220 投信   -965 外資 -5,039
台指選　自營商 -10,746 投信 -2,904 外資 -5,627



成交量排行：
　　　　　　、
成交值排行：、、、



--

昨日紅盤意氣新，今朝綠幕化殘春；

空期一夢繁華過，兩手清風又看真。






作者：SO1 (@SO1_orz)



--

東風夜放花千樹，更吹落，星如雨。寶馬雕車香滿路。
鳳簫聲動，玉壺光轉，一夜魚龍舞。
蛾兒雪柳黃金縷，笑語盈盈暗香去。
眾裡尋他千百度，驀然回首，那人卻在燈火闌珊處。
　　　　　　　　　　　　　　　　　　　　　　　——【宋】辛棄疾《青玉案・元夕》

--","台指期　自營商  2220 投信   965 外資 5039
台指選　自營商 10746 投信 2904 外資 5627



成交量排行
　　　　　　
成交值排行





昨日紅盤意氣新今朝綠幕化殘春

空期一夢繁華過兩手清風又看真






作者SO1 SO1orz","['指期', '自營商', '2220', '投信', '965', '外資', '5039', '指選', '自營商', '10746', '投信', '2904', '外資', '5627', '成交量', '排行', '成交', '排行', '昨日', '紅盤', '意氣', '今朝', '綠幕化', '殘春', '空期', '一夢', '繁華過', '兩手', '清風', '作者', 'SO1', 'SO1orz']",Negative,0.5740047097206116
M.1788325810.A.D5B,[新聞]陳嘉偉點名國巨、記憶體危險了！靈魂提問,medama,2026-09-02 13:10:08,爆,https://www.ptt.cc/bbs/Stock/M.1788325810.A.D5B.html,"陳嘉偉點名國巨、記憶體危險了！靈魂提問「漲到5萬點能解套嗎？」

 。


 
發布時間：2026/9/2 11:10


記者陳雅婷／綜合報導



台股今（2）日開高走弱，早盤一度重挫逾600點，截至上午10時31分指數報46,339.43點
，下跌609.29點、跌幅1.30%，成交金額已逾5198億元。就在昨日半導體展利多帶動台股
大漲800多點、逼近歷史高點之際，承通投顧分析師陳嘉偉示警，指數強不代表個股強，
甚至直問：「就算大盤漲到5萬點，你的國巨能解套嗎？」

陳嘉偉在YouTube運通財經台指出，近期大盤主要靠台積電、聯發科等權值股撐盤，其他
則由金融、塑化、航運等族群輪動，成交量卻未跟著放大，形成價量背離。更值得注意的
是，被動元件與記憶體等景氣循環股已率先轉弱，國巨（2327）傳出漲價利多後股價反而
走弱，南亞科（2408）、華邦電（2344）等記憶體股也逆勢下跌。

他認為，這些族群本來就是觀察景氣變化的重要指標，如今在AI、矽光子等題材持續炒熱
時反而走弱，市場須提防利多出盡，以及景氣高檔反轉的風險。再加上半導體展結束後季
線扣抵位置轉高，以及美債殖利率、油價與聯準會利率決策等變數，台股短線震盪壓力恐
加大。


家偉老師之前不是說下探三萬嗎？
怎麼今天又改口說漲到五萬點了
大盤漲 記憶體跌
記憶卡蛙還有活路嗎？

--","陳嘉偉點名國巨記憶體危險了靈魂提問漲到5萬點能解套嗎

 


 
發布時間202692 1110


記者陳雅婷綜合報導



台股今2日開高走弱早盤一度重挫逾600點截至上午10時31分指數報4633943點
下跌60929點跌幅130成交金額已逾5198億元就在昨日半導體展利多帶動台股
大漲800多點逼近歷史高點之際承通投顧分析師陳嘉偉示警指數強不代表個股強
甚至直問就算大盤漲到5萬點你的國巨能解套嗎

陳嘉偉在YouTube運通財經台指出近期大盤主要靠台積電聯發科等權值股撐盤其他
則由金融塑化航運等族群輪動成交量卻未跟著放大形成價量背離更值得注意的
是被動元件與記憶體等景氣循環股已率先轉弱國巨2327傳出漲價利多後股價反而
走弱南亞科2408華邦電2344等記憶體股也逆勢下跌

他認為這些族群本來就是觀察景氣變化的重要指標如今在AI矽光子等題材持續炒熱
時反而走弱市場須提防利多出盡以及景氣高檔反轉的風險再加上半導體展結束後季
線扣抵位置轉高以及美債殖利率油價與聯準會利率決策等變數台股短線震盪壓力恐
加大


家偉老師之前不是說下探三萬嗎
怎麼今天又改口說漲到五萬點了
大盤漲 記憶體跌
記憶卡蛙還有活路嗎","['嘉偉點', '名國', '巨記憶體', '危險', '靈魂', '提問', '萬點', '解套', '發布', '時間', '202692', '1110', '記者', '雅婷', '綜合', '報導', '台股', '日開', '走弱', '早盤', '一度', '重挫', '600', '截至', '上午', '10', '31', '分指', '數報', '4633943', '下跌', '60929', '跌幅', '130', '成交', '金額', '5198', '億元', '昨日', '半導', '體展', '利多', '帶動', '台股', '大漲', '800', '多點', '逼近', '歷史', '高點', '之際承通', '投顧', '分析', '師陳嘉偉', '示警', '指數強', '代表', '股強', '甚至', '直問', '就算', '大盤', '萬點', '國巨能', '解套', '嘉偉', 'YouTube', '運通', '財經台', '指出', '近期', '大盤', '主要', '台積電', '聯發科', '權值', '股撐', '其他', '則由', '金融', '塑化', '航運', '族群', '輪動', '成交量', '放大', '形成', '價量', '背離', '值得注意', '被動', '元件', '記憶體', '景氣', '循環股', '率先', '轉弱', '國巨', '2327', '傳出', '漲價', '利多', '股價', '反而', '走弱', '南亞科', '2408', '華邦電', '2344', '記憶體', '逆勢', '下跌', '認為', '這些', '族群', '本來', '就是', '觀察景氣', '變化', '重要', '指標', '如今', 'AI', '光子', '等題', '材持續', '炒熱', '反而', '走弱', '市場須', '提防', '利多', '出盡', '以及', '景氣', '高檔', '反轉', '風險', '加上', '半導', '體展', '結束後季', '扣抵', '位置', '轉高', '以及', '美債殖', '利率', '油價', '聯準', '利率', '決策', '變數', '台股', '短線', '震盪', '壓力', '加大', '家偉', '老師', '之前', '不是', '下探', '三萬', '怎麼', '今天', '改口', '說漲', '五萬點', '大盤', '記憶體', '記憶', '卡蛙', '還有', '活路']",Positive,0.9278422594070435
M.1788325259.A.2A4,[新聞] 00981A配息出爐！每股配0.63元 年化配息,gtoselina,2026-09-02 13:00:57,23,https://www.ptt.cc/bbs/Stock/M.1788325259.A.2A4.html,--,,[],NEUTRAL,0.5
M.1788324500.A.EA2,[新聞] 日銀總裁暗示9月升息…植田說會考量物價上,DrowningPool,2026-09-02 12:48:17,25,https://www.ptt.cc/bbs/Stock/M.1788324500.A.EA2.html,"日銀總裁暗示9月升息…植田說會考量物價上漲風險 日圓仍堅穩在160之上
 。

 
2026-9-2

葉亭均


日本銀行（央行）總裁植田和男，表示官員在決
策時將把物價上漲的風險納入考量。

植田和男在美國北卡羅來納州出席G20財長與央行首長會議後對記者表示，「從依循風險
管理方式制定政策的角度來看，，我們認為在政策執行上，必須比
以往更加關注（物價）上行風險」。植田是與財務大臣片山皋月一同出席聯合記者會。日
銀預定9月17日至18日開會。

雖然植田未透露下次升息具體時機，但表示希望在本月決策會議討論兩件事，包括日銀預
測的經濟情境實現的可能性是否正在提高，以及物價上行風險是否正在增加。這兩項都是
進一步升息的前提。

植田表示：「隨著金融環境依然寬鬆，我們希望繼續升息。不過，，
因此也必須審慎評估累計升息對經濟的影響。」

近期，美國財長貝森特已多次發表談話，暗示日本央行有必要採取行動來對抗日圓疲弱的
問題。

日銀理事會中立場最強硬的鷹派成員高田創2日在北海道札幌發表演說時，也呼籲有必要
升息來防範物價危機。他提到自己7月時就主張連續升息，並再次強調日本經濟已進入新
階段，部分原因是AI需求急遽成長帶來影響。

在市場方面，隔夜指數交換市場顯示，市場定價已幾乎完全反映9月升息的可能性，而植
田也沒有試圖壓低這項預期。

日銀在6月已將利率升至1%，為31年來高點，接著在7月維持利率不變，但隨著中東戰爭造
成的物價壓力增加，以及日圓走弱推升通膨，央行釋放出近期很可能升息的強烈訊號。若
9月升息，將成為植田和男任內最快的一次連續升息，也將打破至今貨幣政策正常化周期
大約每隔六個月升息一次的節奏。

日圓兌美元匯價今天盤中持平在160.18日圓，一度貶至160.39日圓，先前已經吐回美日在
7月31日聯手干預匯市後，日圓所取得的升值幅度，

彭博資訊分析，就算日銀發出鷹派言論，日圓仍無法擺脫疲軟趨勢，原因是油價上漲正推
高日本10年期通膨損益兩平率，可能會加劇日圓貶值、進口通膨與日本公債殖利率上升之
間的惡性循環。這使得市場大致忽略植田的鷹派談話，使得日圓兌美元匯率堅穩維持在
160日圓之上。

另外，植田與片山皋月在日本基準10年期公債殖利率周二升破3%、創下30年來最高水準後
，都試圖安撫市場。片山表示，在G20會議中，沒有任何與會者對日本財政狀況表達擔憂
；植田則表示，日本公債殖利率上升主要是跟隨全球債券市場的趨勢。





貝森特在G20催不停說日本應該要升息
今天央行總裁植田也暗示會充分考慮
今天亞股馬上反應

不過通膨才2%就考慮要升息
日本是不是太耐不住性子了呢？　@V@b

--","日銀總裁暗示9月升息植田說會考量物價上漲風險 日圓仍堅穩在160之上
 

 
202692

葉亭均


日本銀行央行總裁植田和男表示官員在決
策時將把物價上漲的風險納入考量

植田和男在美國北卡羅來納州出席G20財長與央行首長會議後對記者表示從依循風險
管理方式制定政策的角度來看我們認為在政策執行上必須比
以往更加關注物價上行風險植田是與財務大臣片山皋月一同出席聯合記者會日
銀預定9月17日至18日開會

雖然植田未透露下次升息具體時機但表示希望在本月決策會議討論兩件事包括日銀預
測的經濟情境實現的可能性是否正在提高以及物價上行風險是否正在增加這兩項都是
進一步升息的前提

植田表示隨著金融環境依然寬鬆我們希望繼續升息不過
因此也必須審慎評估累計升息對經濟的影響

近期美國財長貝森特已多次發表談話暗示日本央行有必要採取行動來對抗日圓疲弱的
問題

日銀理事會中立場最強硬的鷹派成員高田創2日在北海道札幌發表演說時也呼籲有必要
升息來防範物價危機他提到自己7月時就主張連續升息並再次強調日本經濟已進入新
階段部分原因是AI需求急遽成長帶來影響

在市場方面隔夜指數交換市場顯示市場定價已幾乎完全反映9月升息的可能性而植
田也沒有試圖壓低這項預期

日銀在6月已將利率升至1為31年來高點接著在7月維持利率不變但隨著中東戰爭造
成的物價壓力增加以及日圓走弱推升通膨央行釋放出近期很可能升息的強烈訊號若
9月升息將成為植田和男任內最快的一次連續升息也將打破至今貨幣政策正常化周期
大約每隔六個月升息一次的節奏

日圓兌美元匯價今天盤中持平在16018日圓一度貶至16039日圓先前已經吐回美日在
7月31日聯手干預匯市後日圓所取得的升值幅度

彭博資訊分析就算日銀發出鷹派言論日圓仍無法擺脫疲軟趨勢原因是油價上漲正推
高日本10年期通膨損益兩平率可能會加劇日圓貶值進口通膨與日本公債殖利率上升之
間的惡性循環這使得市場大致忽略植田的鷹派談話使得日圓兌美元匯率堅穩維持在
160日圓之上

另外植田與片山皋月在日本基準10年期公債殖利率周二升破3創下30年來最高水準後
都試圖安撫市場片山表示在G20會議中沒有任何與會者對日本財政狀況表達擔憂
植田則表示日本公債殖利率上升主要是跟隨全球債券市場的趨勢





貝森特在G20催不停說日本應該要升息
今天央行總裁植田也暗示會充分考慮
今天亞股馬上反應

不過通膨才2就考慮要升息
日本是不是太耐不住性子了呢　Vb","['日銀', '總裁', '暗示', '升息', '植田', '考量', '物價', '風險', '日圓', '堅穩', '160', '之上', '202692', '葉亭', '日本', '銀行', '央行', '總裁', '植田', '表示', '官員', '策時將', '物價', '風險', '納入', '考量', '植田', '美國北', '卡羅來', '納州', '出席', 'G20', '財長', '央行', '首長', '會議', '記者', '表示', '依循', '風險', '管理', '方式', '制定', '政策', '角度', '我們', '認為', '政策', '執行', '必須', '以往', '更加', '關注', '物價', '上行', '風險', '植田', '財務', '大臣', '片山', '一同', '出席', '聯合', '記者', '預定', '17', '日至', '18', '開會', '雖然', '植田未', '透露', '下次', '升息', '具體', '時機', '表示', '希望', '本月', '決策', '會議', '討論', '兩件', '包括', '日銀預', '測的', '經濟', '情境', '實現', '可能性', '是否', '正在', '提高', '以及', '物價', '上行', '風險', '是否', '正在', '增加', '這兩項', '一步', '升息', '前提', '植田', '表示', '隨著', '金融', '環境', '依然', '希望', '繼續', '升息', '不過', '因此', '必須', '審慎', '評估', '累計', '升息', '經濟', '影響', '近期', '美國', '財長', '貝森特', '多次', '發表談', '暗示', '日本央行', '必要', '採取', '行動來', '抗日', '疲弱', '問題', '日銀', '理事', '中立', '場最強', '成員', '高田創', '北海道', '札幌', '表演', '呼籲', '必要', '升息', '防範物價', '危機', '提到', '自己', '主張', '連續', '升息', '再次', '強調', '日本', '經濟', '進入', '階段', '部分', '原因', 'AI', '需求', '急遽', '成長', '帶來', '影響', '市場', '方面', '隔夜', '指數', '交換', '市場', '顯示', '市場', '定價', '幾乎', '完全', '反映', '升息', '可能性', '而植', '試圖', '壓低', '這項', '預期', '日銀', '已將', '利率', '升至', '31', '年來', '高點', '接著', '維持', '利率', '不變', '隨著', '中東', '戰爭造', '物價', '壓力', '增加', '以及', '日圓', '走弱', '推升', '央行', '放出', '近期', '可能', '升息', '強烈訊號', '升息', '將成', '植田', '男任', '最快', '一次', '連續', '升息', '也將', '打破', '至今', '貨幣', '政策', '正常化', '周期', '大約', '每隔', '六個', '升息', '一次', '節奏', '日圓', '美元', '匯價', '今天', '盤中', '持平', '16018', '日圓', '一度', '貶至', '16039', '日圓', '先前', '已經', '回美日', '31', '日聯手', '預匯', '市後日', '圓所', '取得', '升值', '幅度', '彭博資訊', '分析', '就算', '日銀發', '出鷹', '派言論', '日圓', '無法', '擺脫', '疲軟', '趨勢', '原因', '油價', '日本', '10', '年期', '通膨損益', '兩平率', '可能', '會加劇', '日圓', '貶值', '進口', '通膨與', '日本', '公債殖', '利率', '上升', '惡性', '循環', '使得', '市場', '大致', '忽略', '植田', '談話', '使得', '日圓', '美元', '匯率', '堅穩維持', '160', '日圓', '之上', '另外', '植田', '片山', '日本', '基準', '10', '年期', '公債殖', '利率', '周二', '升破', '創下', '30', '年來', '最高', '水準', '圖安撫', '市場', '片山', '表示', 'G20', '會議', '任何', '會者', '日本', '財政狀況', '表達', '擔憂', '植田則', '表示', '日本', '公債殖', '利率', '上升', '主要', '全球', '債券', '市場', '趨勢', '貝森特', 'G20', '不停', '日本', '應該', '升息', '今天', '央行', '總裁', '植田', '暗示', '充分', '考慮', '今天', '亞股', '反應', '不過', '通膨才', '考慮', '升息', '日本', '是不是', '耐不住', '性子', 'Vb']",Positive,0.996245801448822
M.1788324386.A.855,[新聞] 炒股每天賺30萬！北海鱈魚香絲「百歲老,pl132,2026-09-02 12:46:24,爆,https://www.ptt.cc/bbs/Stock/M.1788324386.A.855.html,"炒股每天賺30萬！北海鱈魚香絲「百歲老董近況超狂」　點名2檔不買

 

 。


 


2026-09-02 11:16


記者劉維榛／綜合報導



記者劉維榛／綜合報導

財信傳媒集團董事長謝金河分享與98歲「北海鱈魚香絲」老闆林逢寅聚餐趣事，對方不僅
耳聰目明、食量驚人，還天天研究股票，透露平時維持一天賺30萬元，前一天「只賺25萬
算比較差」。談到養生祕訣，林逢寅則歸功於吃新鮮食材、唱歌、睡飽及保持愉快心情，
讓謝金河佩服不已。

謝金河在臉書粉專《謝金河投資理財》發文透露，好友林逢寅今年滿98歲，依農曆習俗跳
過9，已算「晉升百歲級人瑞」。林逢寅身體硬朗，不需要拿拐杖，耳聰目明，每周至少
有2至3天到三井用餐，還自稱是三井個人消費第一名主顧。當晚從鮑魚、生蠔、海膽、龍
蝦、鮪魚嘴邊肉一路吃到鰻魚天婦羅，最後再吃紅豆、抹茶冰淇淋，食量完全不輸年輕人
。

林逢寅唱歌、炒股是日常！每天穩賺30萬「賺25萬還嫌差」

除了享受美食，唱歌與投資股票也是林逢寅最大的樂趣。謝金河笑稱，對方每天下午會找
好友唱歌，周四至周日下午幾乎都是歌唱時間，唱完再到三井吃飯。談到投資，他更拿出
手機向謝金河展示投資組合，每檔股票的買進價格、賣出價格與張數都有完整紀錄，透露
每天都會進出股票，平時「每天保持賺30萬元」，前一天賺25萬元還被他形容「比較差」
。

不買國巨、鴻海！林逢寅選股3原則曝光

而林逢寅不諱言直呼，自己每天都花很多時間做功課，因此買股票堅持三大原則，「一是
老闆要正派，經營者要正直，他說他不買國巨、鴻海；二是這家公司產品有競爭力，可以
永續經營；三是近十年有穩定配息的公司。」

謝金河透露，林逢寅談起股票神采飛揚，甚至200多元就買進宜鼎，至今手上仍有20多張
，還反問他「宜鼎EPS 166元，最近股價為什麼不會漲？」讓謝金河佩服對方年近百歲，
對數字依舊相當敏銳。至於養生之道，林逢寅認為最重要的是保持心情愉快、知足常樂，
更稱自己一輩子從來沒有生過氣；每天晚上10時30分睡覺，一路睡到隔天7時多，至少睡
足8小時，即使夜裡起床上廁所，也能躺下立刻入睡，認為好睡眠同樣是養生重要關鍵。








連傳產老闆都在炒股票,看來比本業好賺太多了,一天30萬可以買多少包鱈魚香絲了



--","炒股每天賺30萬北海鱈魚香絲百歲老董近況超狂　點名2檔不買

 

 


 


20260902 1116


記者劉維榛綜合報導



記者劉維榛綜合報導

財信傳媒集團董事長謝金河分享與98歲北海鱈魚香絲老闆林逢寅聚餐趣事對方不僅
耳聰目明食量驚人還天天研究股票透露平時維持一天賺30萬元前一天只賺25萬
算比較差談到養生祕訣林逢寅則歸功於吃新鮮食材唱歌睡飽及保持愉快心情
讓謝金河佩服不已

謝金河在臉書粉專謝金河投資理財發文透露好友林逢寅今年滿98歲依農曆習俗跳
過9已算晉升百歲級人瑞林逢寅身體硬朗不需要拿拐杖耳聰目明每周至少
有2至3天到三井用餐還自稱是三井個人消費第一名主顧當晚從鮑魚生蠔海膽龍
蝦鮪魚嘴邊肉一路吃到鰻魚天婦羅最後再吃紅豆抹茶冰淇淋食量完全不輸年輕人


林逢寅唱歌炒股是日常每天穩賺30萬賺25萬還嫌差

除了享受美食唱歌與投資股票也是林逢寅最大的樂趣謝金河笑稱對方每天下午會找
好友唱歌周四至周日下午幾乎都是歌唱時間唱完再到三井吃飯談到投資他更拿出
手機向謝金河展示投資組合每檔股票的買進價格賣出價格與張數都有完整紀錄透露
每天都會進出股票平時每天保持賺30萬元前一天賺25萬元還被他形容比較差


不買國巨鴻海林逢寅選股3原則曝光

而林逢寅不諱言直呼自己每天都花很多時間做功課因此買股票堅持三大原則一是
老闆要正派經營者要正直他說他不買國巨鴻海二是這家公司產品有競爭力可以
永續經營三是近十年有穩定配息的公司

謝金河透露林逢寅談起股票神采飛揚甚至200多元就買進宜鼎至今手上仍有20多張
還反問他宜鼎EPS 166元最近股價為什麼不會漲讓謝金河佩服對方年近百歲
對數字依舊相當敏銳至於養生之道林逢寅認為最重要的是保持心情愉快知足常樂
更稱自己一輩子從來沒有生過氣每天晚上10時30分睡覺一路睡到隔天7時多至少睡
足8小時即使夜裡起床上廁所也能躺下立刻入睡認為好睡眠同樣是養生重要關鍵








連傳產老闆都在炒股票看來比本業好賺太多了一天30萬可以買多少包鱈魚香絲了","['炒股', '每天', '30', '北海', '鱈魚', '香絲百歲', '董近況', '超狂', '點名', '檔不買', '20260902', '1116', '記者', '劉維', '綜合', '報導', '記者', '劉維', '綜合', '報導', '財信', '傳媒', '集團', '董事', '金河', '分享', '98', '北海', '鱈魚', '香絲', '林逢寅', '聚餐', '趣事', '對方', '不僅', '耳聰', '目明', '食量', '驚人還', '天天', '研究', '股票', '透露', '平時', '維持', '一天', '30', '萬元', '前一天', '25', '算比較', '差談', '養生', '林逢寅則', '歸功', '新鮮', '食材', '唱歌', '睡飽及', '保持', '愉快', '心情', '金河', '佩服', '不已', '金河', '臉書粉', '專謝', '金河', '投資理', '財發文', '透露', '好友', '林逢寅', '今年', '98', '依農', '習俗', '已算晉', '升百歲', '人瑞', '林逢寅', '身體', '硬朗', '需要', '拐杖', '耳聰', '目明', '每周', '至少', '天到', '三井', '用餐', '還自稱', '三井', '消費', '第一名', '主顧', '當晚', '鮑魚生', '蠔海', '膽龍', '魚嘴', '邊肉', '一路', '魚天', '婦羅', '最後再', '紅豆', '冰淇淋', '食量', '完全', '不輸', '輕人', '林逢寅', '唱歌', '炒股', '日常', '每天', '30', '25', '萬還', '除了', '享受', '美食', '唱歌', '投資', '股票', '林逢寅', '最大', '樂趣', '金河', '笑稱', '對方', '每天', '下午', '好友', '唱歌', '周四', '周日', '下午', '幾乎', '歌唱', '時間', '三井', '吃飯', '談到', '投資', '拿出', '手機', '金河', '展示', '投資', '組合', '每檔', '股票', '進價格', '賣出', '價格', '張數', '完整', '紀錄', '透露', '每天', '進出', '股票', '平時', '每天', '保持', '30', '萬元', '前一天', '25', '萬元還', '形容', '比較', '不買國', '巨鴻', '海林', '逢寅', '選股', '原則', '曝光', '而林逢寅', '不諱言', '直呼', '自己', '每天', '很多', '時間', '做功', '因此', '股票', '堅持', '三大', '原則', '一是', '正派', '經營者', '正直', '不買國', '巨鴻海二是', '這家', '公司', '產品', '競爭力', '可以', '永續', '經營', '近十年', '穩定', '配息', '公司', '金河', '透露', '林逢寅', '談起', '股票', '神采', '飛揚', '甚至', '200', '多元', '進宜鼎', '至今', '手上', '20', '多張', '還反問', '宜鼎', 'EPS', '166', '最近', '股價為', '什麼', '不會漲', '金河', '佩服', '對方年', '近百', '對數', '依舊', '相當敏銳', '至於', '養生', '之道', '林逢寅', '認為', '重要', '保持', '心情愉快', '知足', '常樂', '更稱', '自己', '一輩子', '有生', '過氣', '每天晚上', '10', '30', '分睡', '一路', '隔天', '時多', '至少', '小時', '即使', '夜裡', '起床', '廁所', '立刻', '入睡', '認為', '睡眠', '同樣', '養生', '重要', '關鍵', '連傳產', '炒股票', '看來', '比本業', '一天', '30', '可以', '多少', '包鱈', '魚香絲']",Positive,0.9991045594215393
M.1788323499.A.5EA,[新聞] 貝森特：殖利率高代表經濟強健、AI將紓,a0808996,2026-09-02 12:31:37,38,https://www.ptt.cc/bbs/Stock/M.1788323499.A.5EA.html,"貝森特：殖利率高代表經濟強健、AI將紓解通膨



2026/09/02 12:06
MoneyDJ新聞 2026-09-02 12:06:38 郭妍希 發佈

美國公債殖利率居高不下，引發市場擔憂房貸及消費信貸成本恐拖累經濟，但財政部長貝
森特(Scott Bessent、見圖)並不擔心。他認為，長債殖利率高漲主要反映美國經濟景況
強勁，而人工智慧(AI)投資熱潮雖短期帶來債市難題，長期卻有望大幅提升生產力，產生
「極強的通膨降溫效果」。


Barron`s、華爾街日報報導，貝森特週二(1日)出席北卡羅來納州Asheville舉行的20國集
團(G20)記者會時表示，長期殖利率維持高檔應被視為經濟強勁、而非表現疲弱的訊號。
面對房貸及消費貸款成本高昂是否可能成為共和黨政治包袱的提問，他強調，「最重要的
是，我們擁有更高的經濟成長。」



他將目前殖利率居高不下歸因於經濟穩健成長，以及主要由能源價格上漲與地緣政治緊張
所造成的暫時性通膨衝擊。貝森特表示，汽油價格最終應會回落，但他也補充，不知道會
是「今天、明天，還是下週」。



貝森特告訴記者，「經濟很強勁，更重要的是，我們正在創造民間部門就業。等我們度過
這段時期後(when we get on the other side of this)，利率就會下降，經濟也將加速
成長。」



AI資本支出熱潮則讓情況變得複雜。貝森特坦言，AI投資激增，是推升殖利率的另一項因
素；大規模AI相關資本支出短期內為債市帶來「難題」。



不過，貝森特預期，長期而言，這些投資將帶來可觀的生產力提升。他表示，這些效率改
善可能產生「極強的抑制通膨效果」，最終有助於降低通膨與長期殖利率。



市場接下來將聚焦9月11日公布的消費者物價指數(CPI)，以及9月16日公布的聯邦公開市
場會議(FOMC)利率決策。若通膨高於預期，或Fed主席華許(Kevin Warsh)未能以升息落實
近期的抗通膨鷹派言論，9月金融市場恐再度面臨壓力。



路透社1日報導，Fisher Investments引述Finaeon的資料指出，自1926年以來，9月是一
年之中唯一一個平均報酬率為負的月份。



Baird投資策略師Ross Mayfield表示，從過去歷史來看，9月向來是表現最糟的一月，跟
其他月份的報酬差距頗高。尤其是期中選舉年，因為這通常是政治焦慮引發的市場不確定
性，開始衝擊股市的時候。



(圖片來源：貝森特)








當財政部長還要會說鬼話嗎......

殖利率飆升不就你家那個稱王的

把油價搞上去的 不然早降息了

--","貝森特殖利率高代表經濟強健AI將紓解通膨



20260902 1206
MoneyDJ新聞 20260902 120638 郭妍希 發佈

美國公債殖利率居高不下引發市場擔憂房貸及消費信貸成本恐拖累經濟但財政部長貝
森特Scott Bessent見圖並不擔心他認為長債殖利率高漲主要反映美國經濟景況
強勁而人工智慧AI投資熱潮雖短期帶來債市難題長期卻有望大幅提升生產力產生
極強的通膨降溫效果


Barrons華爾街日報報導貝森特週二1日出席北卡羅來納州Asheville舉行的20國集
團G20記者會時表示長期殖利率維持高檔應被視為經濟強勁而非表現疲弱的訊號
面對房貸及消費貸款成本高昂是否可能成為共和黨政治包袱的提問他強調最重要的
是我們擁有更高的經濟成長



他將目前殖利率居高不下歸因於經濟穩健成長以及主要由能源價格上漲與地緣政治緊張
所造成的暫時性通膨衝擊貝森特表示汽油價格最終應會回落但他也補充不知道會
是今天明天還是下週



貝森特告訴記者經濟很強勁更重要的是我們正在創造民間部門就業等我們度過
這段時期後when we get on the other side of this利率就會下降經濟也將加速
成長



AI資本支出熱潮則讓情況變得複雜貝森特坦言AI投資激增是推升殖利率的另一項因
素大規模AI相關資本支出短期內為債市帶來難題



不過貝森特預期長期而言這些投資將帶來可觀的生產力提升他表示這些效率改
善可能產生極強的抑制通膨效果最終有助於降低通膨與長期殖利率



市場接下來將聚焦9月11日公布的消費者物價指數CPI以及9月16日公布的聯邦公開市
場會議FOMC利率決策若通膨高於預期或Fed主席華許Kevin Warsh未能以升息落實
近期的抗通膨鷹派言論9月金融市場恐再度面臨壓力



路透社1日報導Fisher Investments引述Finaeon的資料指出自1926年以來9月是一
年之中唯一一個平均報酬率為負的月份



Baird投資策略師Ross Mayfield表示從過去歷史來看9月向來是表現最糟的一月跟
其他月份的報酬差距頗高尤其是期中選舉年因為這通常是政治焦慮引發的市場不確定
性開始衝擊股市的時候



圖片來源貝森特








當財政部長還要會說鬼話嗎

殖利率飆升不就你家那個稱王的

把油價搞上去的 不然早降息了","['貝森特殖', '利率', '代表', '經濟', '強健', 'AI', '將紓', '解通', '20260902', '1206', 'MoneyDJ', '新聞', '20260902', '120638', '郭妍希', '美國', '公債殖', '利率', '居高不下', '引發', '市場', '擔憂房', '貸及', '消費', '信貸', '成本', '拖累', '經濟', '財政部長', '森特', 'Scott', 'Bessent', '圖並', '擔心', '認為', '債殖', '利率', '高漲', '主要', '反映', '美國', '經濟景況', '強勁', '人工智慧', 'AI', '投資', '熱潮', '短期', '帶來', '債市', '難題', '有望', '大幅', '提升', '生產力', '產生', '極強', '通膨降', '效果', 'Barrons', '華爾街', '日報', '報導', '貝森特', '週二', '出席', '北卡羅來', '納州', 'Asheville', '舉行', '20', '國集', 'G20', '記者', '表示', '期殖', '利率', '維持', '高檔', '視為', '經濟', '強勁', '非表現', '疲弱', '訊號', '面對', '房貸', '消費', '貸款', '成本', '高昂', '是否', '可能', '成為', '共和', '政治', '包袱', '提問', '強調', '重要', '我們', '擁有', '經濟', '成長', '他將', '目前', '利率', '居高不下', '歸因', '經濟', '穩健', '成長', '以及', '主要', '能源', '價格', '地緣', '政治', '緊張', '造成', '暫時性', '通膨衝擊', '貝森特', '表示', '汽油', '價格', '最終', '應會', '回落', '補充', '知道', '今天', '明天', '還是', '下週', '貝森', '特告', '訴記者', '經濟', '強勁', '重要', '我們', '正在', '創造民間', '部門', '就業', '我們', '度過', '這段', '時期', 'when', 'we', 'get', 'on', 'the', 'other', 'side', 'of', 'this', '利率', '下降', '經濟', '也將', '加速', '成長', 'AI', '資本', '支出', '熱潮則', '情況', '變得', '雜貝森特', '坦言', 'AI', '投資', '激增', '推升', '利率', '一項', '素大規模', 'AI', '相關', '資本', '支出', '短期', '內為', '債市', '帶來', '難題', '不過', '貝森特', '預期', '而言', '這些', '投資將', '帶來', '可觀', '生產力', '提升', '表示', '這些', '效率', '可能', '產生', '極強', '抑制', '效果', '最終', '有助', '降低', '通膨與長', '期殖', '利率', '市場', '接下', '來將', '聚焦', '11', '公布', '消費者', '物價', '指數', 'CPI', '以及', '16', '公布', '聯邦', '公開市', '場會議', 'FOMC', '利率', '決策', '通膨高', '預期', 'Fed', '主席', '華許', 'Kevin', 'Warsh', '未能', '升息', '落實', '近期', '抗通', '膨鷹', '派言論', '金融', '市場', '再度', '面臨', '壓力', '路透社', '報導', 'Fisher', 'Investments', '引述', 'Finaeon', '資料', '指出', '1926', '以來', '之中', '唯一一', '平均', '報酬', '為負', '月份', 'Baird', '投資', '策略', 'Ross', 'Mayfield', '表示', '從過', '歷史', '表現', '最糟', '一月', '其他', '月份', '報酬', '差距', '尤其', '期中', '選舉', '因為', '通常', '政治', '焦慮', '引發', '市場', '確定', '性開始', '衝擊', '股市', '時候', '圖片', '來源', '貝森特', '當財政部長', '還要', '利率', '飆升', '你家', '那個', '稱王', '油價', '搞上去', '不然', '降息']",Positive,0.9952711462974548
M.1788322650.A.E27,[新聞] 貝森特稱安倍經濟學已結束，力挺日銀升息、,a0808996,2026-09-02 12:17:28,31,https://www.ptt.cc/bbs/Stock/M.1788322650.A.E27.html,"貝森特稱安倍經濟學已結束，力挺日銀升息、9月機率高達99%



財訊新聞 　 2026/09/02 07:57



2026/09/02 07:57

【財訊快報／陳孟朔】外電報導，美國財政部長貝森特(Scott Bessent)週二表示，日本
應停止以寬鬆政策推動「再通膨」，安倍經濟學雖曾發揮作用，但如今已經結束，日本應
轉向符合當前通膨環境的「高市早苗經濟學」。

美國財政部公布貝森特與日本央行(日銀)總裁植田和男的會談紀錄顯示，美方強烈支持日
本採取果斷的市場與貨幣政策措施，處理日圓匯率明顯被低估的問題。貝森特警告，日圓
疲弱正加劇日本國內通膨壓力，並強調日本央行應穩健制定及傳達政策，以錨定通膨預期
、避免匯率過度波動。

貝森特所稱的「安倍經濟學」以超寬鬆貨幣政策、積極財政支出及結構改革為三支箭，目
標是協助日本擺脫通縮；但在物價壓力升高、日圓長期偏弱的環境下，美方認為繼續刺激
再通膨已不合時宜。貝森特提出「高市早苗經濟學」，實際上是在敦促日本政府調整政策
組合，讓貨幣政策正常化及穩定日圓成為優先任務。

市場已大幅提高日本央行升息押注。截至週二，隔夜指數掉期顯示，日本央行9月18日升
息的隱含機率約達99%，較一個月前增加逾一倍。貝森特公開宣告安倍經濟學告終，也使
傾向維持低融資成本的高市早苗政府承受更大壓力，市場將關注植田和男是否進一步確認
9月升息方向。





日本還要再升息 美債殖利率也在飆升

川普今天又把油價幹上去了 大家塊陶啊!!!!!!

--","貝森特稱安倍經濟學已結束力挺日銀升息9月機率高達99



財訊新聞 　 20260902 0757



20260902 0757

財訊快報陳孟朔外電報導美國財政部長貝森特Scott Bessent週二表示日本
應停止以寬鬆政策推動再通膨安倍經濟學雖曾發揮作用但如今已經結束日本應
轉向符合當前通膨環境的高市早苗經濟學

美國財政部公布貝森特與日本央行日銀總裁植田和男的會談紀錄顯示美方強烈支持日
本採取果斷的市場與貨幣政策措施處理日圓匯率明顯被低估的問題貝森特警告日圓
疲弱正加劇日本國內通膨壓力並強調日本央行應穩健制定及傳達政策以錨定通膨預期
避免匯率過度波動

貝森特所稱的安倍經濟學以超寬鬆貨幣政策積極財政支出及結構改革為三支箭目
標是協助日本擺脫通縮但在物價壓力升高日圓長期偏弱的環境下美方認為繼續刺激
再通膨已不合時宜貝森特提出高市早苗經濟學實際上是在敦促日本政府調整政策
組合讓貨幣政策正常化及穩定日圓成為優先任務

市場已大幅提高日本央行升息押注截至週二隔夜指數掉期顯示日本央行9月18日升
息的隱含機率約達99較一個月前增加逾一倍貝森特公開宣告安倍經濟學告終也使
傾向維持低融資成本的高市早苗政府承受更大壓力市場將關注植田和男是否進一步確認
9月升息方向





日本還要再升息 美債殖利率也在飆升

川普今天又把油價幹上去了 大家塊陶啊","['貝森特稱', '安倍', '經濟學', '結束力', '升息', '機率', '高達', '99', '財訊', '新聞', '20260902', '0757', '20260902', '0757', '財訊', '快報', '孟朔外', '電報', '導美國', '財政部長', '貝森特', 'Scott', 'Bessent', '週二', '表示', '日本', '停止', '政策', '推動', '再通', '安倍', '經濟學', '發揮', '作用', '如今', '已經', '結束', '日本', '轉向', '符合', '當前', '通膨環境', '高市', '早苗', '經濟學', '美國', '財政部', '公布', '貝森特', '日本央行', '日銀', '總裁', '植田', '談紀錄', '顯示', '美方', '強烈', '支持', '採取', '果斷', '市場', '貨幣', '政策措施', '處理', '日圓', '匯率', '明顯', '低估', '問題', '貝森特', '警告', '日圓', '疲弱', '正加劇', '日本', '國內', '通膨壓力', '並強', '日本央行', '穩健', '制定', '傳達', '政策', '以錨', '定通', '預期', '避免', '匯率', '過度', '波動', '貝森特', '所稱', '安倍', '經濟學', '以超', '政策', '積極', '財政', '支出', '結構', '改革', '三支', '箭目', '標是', '協助', '日本', '擺脫', '通縮', '物價', '壓力', '升高', '日圓長', '偏弱', '環境', '美方', '認為', '繼續', '刺激', '通膨已', '不合', '時宜', '貝森特', '提出', '高市', '早苗', '經濟學', '實際', '敦促', '日本政府', '調整', '政策', '組合', '貨幣', '政策', '正常化', '及穩', '定日', '圓成', '優先', '任務', '市場', '大幅提高', '日本央行', '升息', '押注', '截至', '週二', '隔夜', '指數', '掉期', '顯示', '日本央行', '18', '日升', '隱含', '機率', '99', '一個', '增加', '一倍', '貝森', '特公開', '宣告', '安倍', '經濟學', '告終', '傾向', '維持', '低融資', '成本', '高市', '早苗', '政府', '承受', '更大', '壓力', '市場', '將關', '注植田', '是否', '一步', '確認', '升息', '方向', '日本', '還要', '升息', '美債殖', '利率', '飆升', '川普', '今天', '油價', '上去', '大家']",Positive,0.994272768497467
M.1788321076.A.293,[新聞] 美反擊伊朗 川普警告若還手將遭更大打擊,kenbo,2026-09-02 11:51:14,54,https://www.ptt.cc/bbs/Stock/M.1788321076.A.293.html,"美軍反擊伊朗　川普警告德黑蘭若還手將遭受更大打擊

2026/09/02 03:45

〔中央社〕美伊近期再度交火，中東局勢升溫之際，美軍今天開始對伊朗境內的伊斯蘭革命衛隊（IRGC）目標發動打擊。美國總統川普也發文表示，這次打擊規模龐大且威力強大，若德黑蘭對此進行報復，他們將遭受規模更大的打擊。

美軍日前打擊拉拉克島（Larak Island）上的伊朗飛彈發射器後，伊朗隨後也開始攻擊駐約旦美軍。

美軍中央司令部（US Central Command）今天在社群媒體X平台發文表示，美東時間中午12點，「美軍開始對伊朗境內的伊斯蘭革命衛隊目標發動打擊。此次打擊起因於革命衛隊近期企圖在荷莫茲海峽（Strait of Hormuz）對商船及對部署在該地區的美軍發動襲擊」。

川普（Donald Trump）隨後也在自家社群媒體平台「真實社群」（Truth Social）發文寫道，「美國此刻正在荷莫茲海峽附近打擊伊朗目標」，這次打擊規模龐大且威力強大，是對伊朗意圖在該海峽佈設水雷的失敗嘗試進行報復，同時也是針對伊朗向美國位於約旦的軍事基地發射8枚飛彈的報復，這些飛彈已全數被攔截。

川普警告，若伊朗政權對這次「非常合理的」打擊進行報復，他們將遭受規模更大的打擊，「但這還不是最大規模的攻擊，最大規模的攻擊正蓄勢待發，當一切結束時，伊朗伊斯蘭共和國將所剩無幾！」

美伊戰爭已滿6個月，原本雙方敵對行動已有所緩和，近幾週來，川普政府優先對伊朗發動「經濟戰」而非進行軍事打擊。但雙方8月底又開始交火，導致中東緊張局勢再次升溫，推升國際油價上揚。

外電報導，伊朗實際上已封鎖荷莫茲海峽，這是一條具戰略重要性的海上通道。在2月28日美國與以色列聯手對伊朗發動空襲引發敵對行動之前，全球約1/5的石油與天然氣經由荷莫茲海峽運送。（編輯：洪啓原）1150902

心得：
這次伊朗應該不敢再瘋狂反擊了吧？
老川都放話你敢反擊後果自負了
這次戰事感覺不會再拖那麼久了？

--","美軍反擊伊朗　川普警告德黑蘭若還手將遭受更大打擊

20260902 0345

中央社美伊近期再度交火中東局勢升溫之際美軍今天開始對伊朗境內的伊斯蘭革命衛隊IRGC目標發動打擊美國總統川普也發文表示這次打擊規模龐大且威力強大若德黑蘭對此進行報復他們將遭受規模更大的打擊

美軍日前打擊拉拉克島Larak Island上的伊朗飛彈發射器後伊朗隨後也開始攻擊駐約旦美軍

美軍中央司令部US Central Command今天在社群媒體X平台發文表示美東時間中午12點美軍開始對伊朗境內的伊斯蘭革命衛隊目標發動打擊此次打擊起因於革命衛隊近期企圖在荷莫茲海峽Strait of Hormuz對商船及對部署在該地區的美軍發動襲擊

川普Donald Trump隨後也在自家社群媒體平台真實社群Truth Social發文寫道美國此刻正在荷莫茲海峽附近打擊伊朗目標這次打擊規模龐大且威力強大是對伊朗意圖在該海峽佈設水雷的失敗嘗試進行報復同時也是針對伊朗向美國位於約旦的軍事基地發射8枚飛彈的報復這些飛彈已全數被攔截

川普警告若伊朗政權對這次非常合理的打擊進行報復他們將遭受規模更大的打擊但這還不是最大規模的攻擊最大規模的攻擊正蓄勢待發當一切結束時伊朗伊斯蘭共和國將所剩無幾

美伊戰爭已滿6個月原本雙方敵對行動已有所緩和近幾週來川普政府優先對伊朗發動經濟戰而非進行軍事打擊但雙方8月底又開始交火導致中東緊張局勢再次升溫推升國際油價上揚

外電報導伊朗實際上已封鎖荷莫茲海峽這是一條具戰略重要性的海上通道在2月28日美國與以色列聯手對伊朗發動空襲引發敵對行動之前全球約15的石油與天然氣經由荷莫茲海峽運送編輯洪啓原1150902

心得
這次伊朗應該不敢再瘋狂反擊了吧
老川都放話你敢反擊後果自負了
這次戰事感覺不會再拖那麼久了","['美軍反擊', '伊朗', '川普', '警告', '黑蘭若', '還手將', '遭受', '更大', '打擊', '20260902', '0345', '中央社', '美伊', '近期', '再度', '交火', '中東', '局勢', '升溫', '之際美', '今天', '開始', '伊朗', '境內', '伊斯', '革命', '衛隊', 'IRGC', '目標', '發動', '打擊', '美國', '統川普', '發文', '表示', '這次', '打擊', '規模', '龐大且', '威力', '強大若德', '黑蘭', '進行', '他們將', '遭受', '規模', '打擊', '日前', '打擊', '拉拉', '克島', 'Larak', 'Island', '伊朗', '飛彈', '射器', '伊朗', '隨後也', '開始', '攻擊', '駐約旦', '中央', '司令部', 'US', 'Central', 'Command', '今天', '社群', '媒體', '平台', '發文', '表示', '美東', '時間', '中午', '12', '點美軍開始', '伊朗', '境內', '伊斯', '革命', '衛隊', '目標', '發動', '打擊', '此次', '打擊', '起因', '革命', '衛隊', '近期', '企圖', '荷莫茲海峽', 'Strait', 'of', 'Hormuz', '商船', '部署', '地區', '美軍發動', '襲擊', '川普', 'Donald', 'Trump', '隨後也', '自家', '社群', '媒體', '平台', '真實', '社群', 'Truth', 'Social', '發文寫', '美國', '此刻', '正在', '荷莫茲海峽', '附近', '打擊', '伊朗', '目標', '這次', '打擊', '規模', '龐大且', '威力', '強大是', '伊朗', '意圖', '海峽', '水雷', '失敗', '嘗試', '進行', '同時', '針對', '伊朗', '美國位', '約旦', '軍事', '基地', '發射', '飛彈', '這些', '飛彈', '全數', '攔截', '川普', '警告', '伊朗', '政權', '這次', '非常', '合理', '打擊', '進行', '他們將', '遭受', '規模', '打擊', '這還', '不是', '最大', '規模', '攻擊', '最大', '規模', '攻擊', '正蓄', '勢待', '發當', '一切', '結束', '伊朗', '伊斯', '共和', '國將', '所剩', '無幾', '美伊戰爭', '已滿', '原本', '雙方敵', '行動', '有所', '緩和近', '幾週', '來川普', '政府', '優先', '伊朗', '發動', '經濟戰', '進行', '軍事', '打擊', '雙方', '月底', '開始', '交火', '導致', '中東', '緊張', '局勢', '再次', '升溫', '推升', '國際', '油價', '上揚', '外電', '報導', '伊朗', '實際', '封鎖', '荷莫茲海峽', '這是', '一條', '具戰略', '重要性', '海上', '通道', '28', '日美國', '以色列', '聯手', '伊朗', '發動', '空襲', '引發', '行動', '之前', '全球', '15', '石油', '天然', '氣經', '荷莫茲海峽', '運送', '編輯', '1150902', '心得', '這次', '伊朗', '應該', '不敢', '瘋狂', '反擊', '老川', '放話', '反擊後果', '自負', '這次', '戰事', '感覺', '不會', '那麼']",Positive,0.9434527158737183
M.1788320993.A.637,[新聞] 00918配1.75元年息破 20%,kent65920,2026-09-02 11:49:51,30,https://www.ptt.cc/bbs/Stock/M.1788320993.A.637.html,"原文標題：

比00919還狂！00918配1.75元創新高、年息破 20% 27萬人開心

原文連結”



原文內如：

比00919還狂！擁有27萬受益人的大華優利高填息 30（00918），（31）日官網公告最新一?




比00919還狂！00918配1.75元創新高、年息破 20% 27萬人開心


陳依旻｜Yahoo財經特派記者

2026年8月31日週一 下午6:14

6

比00919還狂！擁有27萬受益人的大華優利高填息 30（00918），（31）日官網公告最新一期預估配息，本次每受益單位擬配發1.75 元，創下歷史新高，若以（31）日收盤價 34.61元計算，年化配息率衝破20%。

j華優利高填息30(00918)最新配息1.75元，史上最高。圖/取自Getty images

根據公告，00918將在9月18日除息，投資人若想參與本次除息，最晚要在9月17日買進，本次股利將在10月13日發放。

0918經理人郭修誠指出，隨全球降息循環確立與消費電子旺季到來，台股基本面依然堅實，大盤可望迎來資金面與獲利面的雙重利多。第四季向為台股傳統計畫性拉貨與電子消費旺季，AI 伺服器供應鏈受惠於國際雲端服務巨頭（CSP）持續擴大資本支出，出貨動能將步入加速期；同時，金融業受惠於利差維持與資本市場熱絡，整體金控獲利顯著提升。在 AI 伺服器與金融雙引擎帶動下，企業盈餘無虞，加上高股息ETF資金持續流入，將為大盤提供強勁支撐力道，呈現攻守兼備的震盪走高格局。

郭修誠指出，00918持股結構精準緊扣台股第四季核心雙支柱「電腦及週邊設備」與「金融保險」。在 AI 電子產業方面，重倉布局伺服器製造與組裝龍頭，包含華碩、廣達與緯穎等標的，能直接吃滿高階 AI 伺服器、伺服器組裝及 AI PC 升級換代潮所帶來的營收躍升紅利，同時輔以半導體與電子通路族群，極大化捕捉電子產業鏈旺季拉貨的爆發力；金融板塊則布局中信金、台新新光金與玉山金等獲利優等生，在利息淨收益及手續費收入成長帶動下，提供穩健的息收基礎與防禦價值。


心都/評論：

這次00918真的太瘋狂配這麼多，不管是短期還是長期，怎樣都是賺，比放在銀行好多了

廣告



-----
Sent from JPTT on my Sony XQ-GE74.

--","原文標題

比00919還狂00918配175元創新高年息破 20 27萬人開心

原文連結



原文內如

比00919還狂擁有27萬受益人的大華優利高填息 300091831日官網公告最新一




比00919還狂00918配175元創新高年息破 20 27萬人開心


陳依旻Yahoo財經特派記者

2026年8月31日週一 下午614

6

比00919還狂擁有27萬受益人的大華優利高填息 300091831日官網公告最新一期預估配息本次每受益單位擬配發175 元創下歷史新高若以31日收盤價 3461元計算年化配息率衝破20

j華優利高填息3000918最新配息175元史上最高圖取自Getty images

根據公告00918將在9月18日除息投資人若想參與本次除息最晚要在9月17日買進本次股利將在10月13日發放

0918經理人郭修誠指出隨全球降息循環確立與消費電子旺季到來台股基本面依然堅實大盤可望迎來資金面與獲利面的雙重利多第四季向為台股傳統計畫性拉貨與電子消費旺季AI 伺服器供應鏈受惠於國際雲端服務巨頭CSP持續擴大資本支出出貨動能將步入加速期同時金融業受惠於利差維持與資本市場熱絡整體金控獲利顯著提升在 AI 伺服器與金融雙引擎帶動下企業盈餘無虞加上高股息ETF資金持續流入將為大盤提供強勁支撐力道呈現攻守兼備的震盪走高格局

郭修誠指出00918持股結構精準緊扣台股第四季核心雙支柱電腦及週邊設備與金融保險在 AI 電子產業方面重倉布局伺服器製造與組裝龍頭包含華碩廣達與緯穎等標的能直接吃滿高階 AI 伺服器伺服器組裝及 AI PC 升級換代潮所帶來的營收躍升紅利同時輔以半導體與電子通路族群極大化捕捉電子產業鏈旺季拉貨的爆發力金融板塊則布局中信金台新新光金與玉山金等獲利優等生在利息淨收益及手續費收入成長帶動下提供穩健的息收基礎與防禦價值


心都評論

這次00918真的太瘋狂配這麼多不管是短期還是長期怎樣都是賺比放在銀行好多了

廣告




Sent from JPTT on my Sony XQGE74","['原文', '標題', '00919', '還狂', '00918', '175', '元創', '新高', '年息', '20', '27', '萬人', '開心', '原文', '連結', '原文', '內如', '00919', '還狂', '擁有', '27', '受益人', '大華', '優利高', '填息', '300091831', '官網', '公告', '最新', '00919', '還狂', '00918', '175', '元創', '新高', '年息', '20', '27', '萬人', '開心', '依旻', 'Yahoo', '財經', '特派', '記者', '2026', '31', '日週', '下午', '614', '00919', '還狂', '擁有', '27', '受益人', '大華', '優利高', '填息', '300091831', '官網', '公告', '最新', '一期', '預估', '配息', '本次', '受益', '單位', '擬配', '175', '創下', '歷史', '新高', '若以', '31', '日收', '盤價', '3461', '元計算', '年化配', '息率', '衝破', '20', '華優利', '填息', '3000918', '最新', '配息', '175', '元史', '最高', '取自', 'Getty', 'images', '根據', '公告', '00918', '將在', '18', '除息', '投資人', '若想', '參與', '本次', '除息', '最晚', '17', '日買進', '本次', '股利', '將在', '10', '13', '發放', '0918', '經理人', '郭修', '指出', '全球', '降息', '循環', '確立', '消費', '電子', '旺季', '台股', '基本面', '依然', '堅實', '大盤', '可望', '迎來', '資金面', '獲利面', '的雙', '重利', '第四季', '台股', '傳統', '計畫', '性拉貨', '電子', '消費', '旺季', 'AI', '伺服器', '供應', '受惠', '國際雲端', '服務', '巨頭', 'CSP', '持續', '擴大資本', '支出', '出貨動', '能將', '步入', '加速', '期同', '金融', '受惠', '利差', '維持', '與資', '本市', '場熱絡', '整體', '金控', '獲利', '顯著', '提升', 'AI', '伺服器', '金融', '引擎', '帶動下', '企業', '盈餘無虞', '加上', '股息', 'ETF', '資金持續', '流入', '將為', '大盤', '提供', '強勁', '支撐', '力道', '呈現', '攻守', '兼備', '震盪', '走高', '格局', '郭修', '指出', '00918', '持股', '結構', '精準', '緊扣', '台股', '第四季', '核心', '支柱', '電腦', '週邊', '設備', '金融', '保險', 'AI', '電子', '產業', '方面', '重倉', '布局', '伺服器', '包含', '華碩廣達', '緯穎等標', '直接', '滿高階', 'AI', '伺服器', '伺服器', '組裝及', 'AI', 'PC', '升級', '換代潮', '營收躍升', '紅利', '同時', '輔以', '半導體', '電子', '通路', '族群', '大化', '捕捉', '電子', '產業', '旺季', '拉貨', '爆發力', '金融', '板塊則', '布局', '中信', '金台', '新光', '玉山', '金等', '獲利', '優等生', '利息', '收益', '手續費', '收入', '成長', '帶動', '提供', '穩健', '收基礎', '防禦', '價值', '評論', '這次', '00918', '真的', '太瘋', '狂配', '這麼', '不管', '短期', '還是', '怎樣', '放在', '銀行', '好多', '廣告', 'Sent', 'from', 'JPTT', 'on', 'my', 'Sony', 'XQGE74']",Positive,0.9884101152420044
M.1788320145.A.E58,[請益] 領息的波動低ETF借券要幹嘛？,xzcb2008,2026-09-02 11:35:39,5,https://www.ptt.cc/bbs/Stock/M.1788320145.A.E58.html,"早上=.=

營業員阿姨打來

說要借券

我還以為是要借什麼欣興廣達之類的

結果是要來借00915

？？？？？？

阿肥我頓時間滿臉問號

到底00915？？？？

我還一直困惑到底借這個要幹嘛

00915不是都沒有什麼在動的嗎

借正二等等的一般股票就算了

借這個目的是要幹嘛？




有人知道借這種股票的人用途要幹嘛嗎？


--","早上

營業員阿姨打來

說要借券

我還以為是要借什麼欣興廣達之類的

結果是要來借00915



阿肥我頓時間滿臉問號

到底00915

我還一直困惑到底借這個要幹嘛

00915不是都沒有什麼在動的嗎

借正二等等的一般股票就算了

借這個目的是要幹嘛




有人知道借這種股票的人用途要幹嘛嗎","['早上', '營業員', '阿姨', '打來', '說要', '借券', '還以', '借什麼', '欣興', '廣達', '之類', '結果', '00915', '阿肥', '我頓', '時間', '滿臉', '問號', '到底', '00915', '我還', '一直', '困惑', '到底', '這個', '00915', '不是', '什麼', '借正', '等等', '一般', '股票', '就算', '這個', '目的', '有人', '知道', '這種', '股票', '用途']",Negative,0.9586755037307739
M.1788319331.A.23B,[新聞] 市場對央行升息預期再度升溫,d8917936,2026-09-02 11:22:09,72,https://www.ptt.cc/bbs/Stock/M.1788319331.A.23B.html,"市場對央行升息預期再度升溫



經濟日報 記者任珮云／台北報導

中央銀行昨（1）日受財政部委託標售5年期115年度甲類第8期，顯示近期債券市場利率中間值明顯上移，
市場對央行9月理監事會升息預期再度升溫。

不過，央行強調，公債標售利率上升不能直接等同於央行即將升息。公債殖利率是市場對
未來經濟、通膨、國際利率與資金供需等因素的綜合定價，本次標售結果更直接反映的是
。

本期公債公告投標倍數1.57倍；最低得標利率1.7%，最高1.82%，加權平均得標利率
1.779%。最高標售結果落在市場預期的1.80%至1.82%區間上緣，顯示投資人對中期政府債
券要求利率水準已明顯提高。

值得注意的是，這次5年期公債利率飆高並非突然出現，而是與次級市場走勢一致。今年2
月標售同年期公債時，5年期指標公債次級市場殖利率約1.3377%，截至8月28日次級市場
利率已升至1.793%，約走高45個基本點；本次標售最高得標利率較2月增加47.9個基本點
，兩者走勢相當貼近，顯示此次標售主要反映市場資金價格與債券殖利率整體上行，而非
單一標售事件造成。




台灣公債較2月份發行時已經增加0.479% 將近2碼的殖利率

看來9月份央行升息已成必然 只是幅度大小問題

--","市場對央行升息預期再度升溫



經濟日報 記者任珮云台北報導

中央銀行昨1日受財政部委託標售5年期115年度甲類第8期顯示近期債券市場利率中間值明顯上移
市場對央行9月理監事會升息預期再度升溫

不過央行強調公債標售利率上升不能直接等同於央行即將升息公債殖利率是市場對
未來經濟通膨國際利率與資金供需等因素的綜合定價本次標售結果更直接反映的是


本期公債公告投標倍數157倍最低得標利率17最高182加權平均得標利率
1779最高標售結果落在市場預期的180至182區間上緣顯示投資人對中期政府債
券要求利率水準已明顯提高

值得注意的是這次5年期公債利率飆高並非突然出現而是與次級市場走勢一致今年2
月標售同年期公債時5年期指標公債次級市場殖利率約13377截至8月28日次級市場
利率已升至1793約走高45個基本點本次標售最高得標利率較2月增加479個基本點
兩者走勢相當貼近顯示此次標售主要反映市場資金價格與債券殖利率整體上行而非
單一標售事件造成




台灣公債較2月份發行時已經增加0479 將近2碼的殖利率

看來9月份央行升息已成必然 只是幅度大小問題","['市場', '央行', '升息', '預期', '再度', '升溫', '經濟', '日報', '記者', '任珮云', '台北', '報導', '中央', '銀行', '日受', '財政', '部委', '標售', '年期', '115', '年度', '甲類', '期顯示', '近期', '債券', '市場', '利率', '中間', '明顯', '上移', '市場', '央行', '月理', '監事會', '升息', '預期', '再度', '升溫', '不過', '央行', '強調', '公債', '標售', '利率', '上升', '不能', '直接', '等同', '央行', '即將', '升息', '公債殖', '利率', '市場', '未來', '經濟', '通膨國際', '利率', '資金', '供需', '因素', '合定', '本次', '標售', '結果', '直接', '反映', '本期', '公債', '公告', '投標', '倍數', '157', '最低', '得標', '利率', '17', '最高', '182', '加權', '平均', '得標', '利率', '1779', '最高', '標售', '結果', '市場', '預期', '180', '182', '區間', '上緣', '顯示', '投資人', '中期', '政府', '要求', '利率', '水準', '明顯', '提高', '值得注意', '這次', '年期', '公債', '利率', '飆高', '並非', '突然', '出現', '而是', '次級', '市場', '走勢', '一致', '今年', '標售', '同年', '期公債', '期指', '標公債', '次級', '市場殖', '利率', '13377', '截至', '28', '日次級', '市場', '利率', '升至', '1793', '走高', '45', '基本', '本次', '標售', '最高', '得標', '利率', '增加', '479', '基本', '兩者', '走勢', '相當', '顯示', '此次', '標售', '主要', '反映', '市場', '資金', '價格', '債券殖', '利率', '整體', '上行', '單一', '標售', '事件', '造成', '台灣', '公債', '月份', '發行', '已經', '增加', '0479', '將近', '利率', '看來', '月份', '央行', '升息', '已成', '必然', '只是', '幅度', '大小', '問題']",Positive,0.973487138748169
M.1788314368.A.E47,Re: [新聞] 復華00409A、玉山009827、中信009828三檔,giveUstars,2026-09-02 09:59:26,7,https://www.ptt.cc/bbs/Stock/M.1788314368.A.E47.html,"資訊來自於 MoneyDJ

00409A主要成分股


我最好奇的是其中的生益科技(600183.SH) 占 1.69%
這是中國股市標的？官網區域配置完全沒有捏？

依據目前的比重我讓買硬碟送的AI幫我算
美國市場合計比重：55.22   /   廣告 51%
台灣市場合計比重：19.34   /   廣告 15%  **欣興 283 張  1.57%**
日本市場合計比重：3.43    /   廣告 20%   <<<<< ???
南韓市場合計比重：5.15    /   廣告 10%
中國市場合計比重：1.69    /   廣告說是德國3%現金1%

相比廣告偏離的也有點太多了吧？還是 MoneyDJ 給錯資料啦？


--
我還開了您您似您韭定期定額
希望黃金團隊有爭氣的時候吧

另外一個重點是
目前確認持有清單裡面 日本AI基建實際上只有一間 IBIDEN 2.5%
另外一間是加密貨幣相關的 SBI Holdings

導致日本總共只有 3.43%  統計上還有 15% 的未投入
我自己是猜測這是不是已經換成日幣的現金
等待日本升息後撿AI基建公司的鮪魚？
不然高階CCL/PCB買了這麼多 味之素、日東紡、三井金屬都沒有？","資訊來自於 MoneyDJ

00409A主要成分股


我最好奇的是其中的生益科技600183SH 占 169
這是中國股市標的官網區域配置完全沒有捏

依據目前的比重我讓買硬碟送的AI幫我算
美國市場合計比重5522      廣告 51
台灣市場合計比重1934      廣告 15  欣興 283 張  157
日本市場合計比重343       廣告 20    
南韓市場合計比重515       廣告 10
中國市場合計比重169       廣告說是德國3現金1

相比廣告偏離的也有點太多了吧還是 MoneyDJ 給錯資料啦","['資訊來', 'MoneyDJ', '00409A', '主要', '成分股', '好奇', '其中', '生益', '科技', '600183SH', '169', '這是', '中國', '股市', '網區域', '配置', '完全', '沒有', '依據', '目前', '比重', '硬碟', 'AI', '美國', '市場', '合計', '比重', '5522', '廣告', '51', '台灣', '市場', '合計', '比重', '1934', '廣告', '15', '欣興', '283', '157', '日本', '市場', '合計', '比重', '343', '廣告', '20', '韓市場', '合計', '比重', '515', '廣告', '10', '中國', '市場', '合計', '比重', '169', '廣告', '德國', '現金', '相比', '廣告', '偏離', '有點', '太多', '還是', 'MoneyDJ', '給錯', '資料']",Positive,0.801001250743866
M.1788312033.A.E8E,[新聞] 文曄2項海外募資案同步完成訂價 共募得29,AnimalSpirit,2026-09-02 09:20:31,15,https://www.ptt.cc/bbs/Stock/M.1788312033.A.E8E.html,"文曄2項海外募資案同步完成訂價 共募得296億元



2026/09/02 08:45:33 中央社 記者曾仁凱


電子元件通路大廠文曄1日深夜公告，完成約4.35億美元的海外存託憑證及5億美元的海外
無擔保轉換公司債之同步訂價。文曄預計共募得約9.35億美元（約新台幣296億元），創
文曄迄今規模最大的募資案。

文曄表示，此次募資案獲得全球投資人踴躍參與及多倍超額認購，顯示國際資本市場對公
司前景及發展策略的高度信心。募得資金將因應業務成長所需之外幣購料需求，其中海外
存託憑證部分並將用於償還外幣銀行借款。

文曄說明，此次將發行1500萬單位的海外存託憑證，表彰7500萬股文曄普通股，於盧森堡
證券交易所掛牌。海外存託憑證發行價格為每單位29美元。

另外文曄本次同步發行的海外無擔保轉換公司債，將於新加坡交易所掛牌，並得轉換為文
曄普通股。初始轉換價格訂為約新台幣224.54元，較同步發行的海外存託憑證每股換算價
格溢價22.5%。該台幣連結、美元結算的海外無擔保轉換公司債為期9個月，採零息設計，
到期殖利率為0%。

文曄補充表示，花旗集團旗下Citigroup GlobalMarkets Limited為此次發行海外存託憑
證及無擔保轉換公司債的獨家全球協調人，並為此次發行海外存託憑證的獨家承銷商。同
時Citigroup Global Markets Limited及星展銀行（DBS Bank Ltd）為此次海外無擔保轉
換公司債的共同承銷商。

文曄董事長鄭文宗表示，AI應用需求動能持續強勁，加上工業與車用市場回溫，正共同推
升半導體及電子元件市場成長。此次海外存託憑證與海外無擔保轉換公司債同步完成訂價
，將為公司帶來更充裕的營運資金與財務彈性。

受惠AI帶動，文曄今年營運成長勢頭兇猛，累積上半年營收1兆2679億元，年增約111%，
已經破兆元；上半年歸屬母公司淨利167.2億元，更比去年同期大增2.02倍，每股稅後純
益達13元，已超越去年創歷史紀錄的全年每股獲利11.61元。





最近AI太熱
每家公司營收大增
都需要補充資金
島內募不夠
都去島外募資

想起了科斯托蘭尼一段話
判斷股市多空最簡單、最有效的方法
究竟是錢多，還是股票多？

--","文曄2項海外募資案同步完成訂價 共募得296億元



20260902 084533 中央社 記者曾仁凱


電子元件通路大廠文曄1日深夜公告完成約435億美元的海外存託憑證及5億美元的海外
無擔保轉換公司債之同步訂價文曄預計共募得約935億美元約新台幣296億元創
文曄迄今規模最大的募資案

文曄表示此次募資案獲得全球投資人踴躍參與及多倍超額認購顯示國際資本市場對公
司前景及發展策略的高度信心募得資金將因應業務成長所需之外幣購料需求其中海外
存託憑證部分並將用於償還外幣銀行借款

文曄說明此次將發行1500萬單位的海外存託憑證表彰7500萬股文曄普通股於盧森堡
證券交易所掛牌海外存託憑證發行價格為每單位29美元

另外文曄本次同步發行的海外無擔保轉換公司債將於新加坡交易所掛牌並得轉換為文
曄普通股初始轉換價格訂為約新台幣22454元較同步發行的海外存託憑證每股換算價
格溢價225該台幣連結美元結算的海外無擔保轉換公司債為期9個月採零息設計
到期殖利率為0

文曄補充表示花旗集團旗下Citigroup GlobalMarkets Limited為此次發行海外存託憑
證及無擔保轉換公司債的獨家全球協調人並為此次發行海外存託憑證的獨家承銷商同
時Citigroup Global Markets Limited及星展銀行DBS Bank Ltd為此次海外無擔保轉
換公司債的共同承銷商

文曄董事長鄭文宗表示AI應用需求動能持續強勁加上工業與車用市場回溫正共同推
升半導體及電子元件市場成長此次海外存託憑證與海外無擔保轉換公司債同步完成訂價
將為公司帶來更充裕的營運資金與財務彈性

受惠AI帶動文曄今年營運成長勢頭兇猛累積上半年營收1兆2679億元年增約111
已經破兆元上半年歸屬母公司淨利1672億元更比去年同期大增202倍每股稅後純
益達13元已超越去年創歷史紀錄的全年每股獲利1161元





最近AI太熱
每家公司營收大增
都需要補充資金
島內募不夠
都去島外募資

想起了科斯托蘭尼一段話
判斷股市多空最簡單最有效的方法
究竟是錢多還是股票多","['文曄', '海外', '募資案', '同步', '完成', '訂價', '募得', '296', '億元', '20260902', '084533', '中央社', '記者', '曾仁凱', '電子', '元件', '通路', '大廠', '文曄', '深夜', '公告', '完成', '435', '美元', '海外', '證及', '美元', '海外', '無擔', '保轉換', '公司', '債之', '同步', '訂價', '文曄', '預計', '募得', '935', '美元', '台幣', '296', '億元創', '文曄', '迄今', '規模', '最大', '募資案', '文曄', '表示', '此次', '募資案', '獲得', '全球', '投資人', '踴躍參', '多倍', '超額', '認購', '顯示', '國際資', '本市', '場對公', '前景', '發展', '策略', '高度', '信心', '募得', '資金將', '應業務', '成長', '之外', '幣購料', '需求', '其中', '海外', '憑證', '部分', '並將', '還外幣', '銀行', '借款', '文曄', '說明', '此次', '將發行', '1500', '單位', '海外', '憑證', '表彰', '7500', '萬股', '文曄', '普通股', '盧森堡', '證券', '交易所', '掛牌', '海外', '憑證', '發行', '價格', '單位', '29', '美元', '另外', '文曄', '本次', '同步', '發行', '海外', '無擔', '保轉換', '公司', '債將', '新加坡', '交易所', '掛牌', '並得', '轉換', '為文', '普通股', '初始', '轉換', '價格訂', '台幣', '22454', '元較', '同步', '發行', '海外', '憑證', '每股', '換算價', '格溢價', '225', '台幣', '連結', '美元', '結算', '海外', '無擔', '保轉換', '公司', '債為期', '採零息', '設計', '到期', '利率', '文曄補充', '表示', '花旗', '集團', '旗下', 'Citigroup', 'GlobalMarkets', 'Limited', '此次', '發行', '海外', '證及', '無擔', '保轉換', '公司', '債的', '獨家', '全球', '協調', '並為', '此次', '發行', '海外', '憑證', '獨家', '承銷', '商同', 'Citigroup', 'Global', 'Markets', 'Limited', '及星展', '銀行', 'DBS', 'Bank', 'Ltd', '此次', '海外', '無擔', '保轉', '公司', '債的', '共同', '承銷商', '文曄', '董事', '文宗', '表示', 'AI', '應用', '需求', '動能', '持續', '強勁', '加上', '工業', '車用', '市場', '回溫', '共同', '升半導體', '電子', '元件', '市場', '成長', '此次', '海外', '憑證', '海外', '無擔', '保轉換', '公司', '同步', '完成', '訂價', '將為', '公司', '帶來', '充裕', '營運資金', '財務', '彈性', '受惠', 'AI', '帶動', '文曄', '今年', '營運', '成長', '勢頭', '兇猛', '累積', '上半年', '營收', '2679', '元年', '增約', '111', '已經', '破兆元', '上半年', '歸屬', '母公司', '淨利', '1672', '億元', '去年同期', '大增', '202', '每股', '稅後純', '益達', '13', '超越', '去年', '創歷', '史紀錄', '全年', '每股', '獲利', '1161', '最近', 'AI', '太熱', '每家', '公司', '營收', '大增', '需要', '補充', '資金', '島內', '募不夠', '島外', '募資', '想起', '斯托', '蘭尼', '一段', '判斷', '股市', '多空', '簡單', '有效', '方法', '究竟', '還是', '股票']",Positive,0.9958154559135437
M.1788311422.A.CD2,[新聞] 美伊三天內二度交火！川普撂話更大攻擊在,rz2x,2026-09-02 09:10:17,爆,https://www.ptt.cc/bbs/Stock/M.1788311422.A.CD2.html,"美伊三天內二度交火！川普撂話更大攻擊在後頭 伊朗反擊美軍基地

 。


 
2026/09/02 07:34:20


周辰陽


美國與伊朗持續爭奪荷莫茲海峽控制權，本周戰鬥再度升溫，三天內二度交火。美軍1日
對伊朗目標發動新一輪攻擊，伊朗則向波斯灣各地發射飛彈和無人機回應。


華爾街日報報導，美國8月30日才對拉拉克島（Larak Island）發動先發制人攻擊，稱德
黑蘭方面正準備向荷莫茲海峽發射火箭布雷，伊朗隨後向美軍基地發射飛彈報復。美國總
統川普1日表示，最新一輪行動是為了報復伊朗上周末企圖在海峽布雷，以及鎖定中東地
區美國軍人發動攻擊。


川普在真實社群寫道：「美國現在正在攻擊荷莫茲海峽附近的伊朗目標。這波攻擊規模很
大、火力很強，是為了報復伊朗企圖在海峽增設水雷，以及向我們位於約旦的軍事基地發
射8枚飛彈。」


川普指出，伊朗布雷行動以失敗告終，荷莫茲海峽內的水雷已全數清除或引爆，襲擊美軍
基地的8枚飛彈也全數遭擊落。他接著威脅：「如果失敗的伊朗膽敢報復這次完全正當的
攻擊，我們就會再打一次，而且會打得更狠、層級更高，但那還不是規模最大的一次。」


川普最後警告：「更大的攻擊已經蓄勢待發，等到打完，伊朗將所剩無幾！」


連結：


負責指揮美國在中東部隊的美國中央司令部（CENTCOM）宣布完成新一輪攻擊，表示美軍
打擊伊朗革命衛隊目標，包括防空設施、雷達系統、海上資產與設施、布雷能力及通訊設
施，並稱這是為了回應革命衛隊近期企圖攻擊荷莫茲海峽商業航運及美國軍人。


連結：


福斯新聞引述伊朗國營法爾斯通訊社報導，伊朗革命衛隊警告，美國「將會後悔發動新的
攻擊」。半島電視台報導，革命衛隊表示，已發動彈道飛彈攻擊，鎖定約旦阿卡巴灣附近
提廷營（Camp Titin）的美國陸戰隊營區，並宣稱造成多名美軍死亡，摧毀營區內「數處
設施和敵方攻擊直升機」。


伊朗軍方也表示，已對巴林謝赫伊薩空軍基地（Sheikh Isa Airbase）的雷達設施及據稱
有美軍駐紮的區域發動一波無人機攻擊。革命衛隊表示，將繼續報復美國對伊朗南部的攻
擊；伊朗軍方則誓言，如果再遭攻擊，將作出「毀滅性且廣泛的回應」。約旦軍方則表示
，已攔截13枚進入領空的彈道飛彈；科威特也通報對抗敵對無人機。


布蘭特原油目前+4.9% 96.06
看來川普不想選舉了
油價壓不下來 = 通膨壓不下來 = 升息 = 股市崩崩
丸子 蒸的丸子.jpg

--","美伊三天內二度交火川普撂話更大攻擊在後頭 伊朗反擊美軍基地

 


 
20260902 073420


周辰陽


美國與伊朗持續爭奪荷莫茲海峽控制權本周戰鬥再度升溫三天內二度交火美軍1日
對伊朗目標發動新一輪攻擊伊朗則向波斯灣各地發射飛彈和無人機回應


華爾街日報報導美國8月30日才對拉拉克島Larak Island發動先發制人攻擊稱德
黑蘭方面正準備向荷莫茲海峽發射火箭布雷伊朗隨後向美軍基地發射飛彈報復美國總
統川普1日表示最新一輪行動是為了報復伊朗上周末企圖在海峽布雷以及鎖定中東地
區美國軍人發動攻擊


川普在真實社群寫道美國現在正在攻擊荷莫茲海峽附近的伊朗目標這波攻擊規模很
大火力很強是為了報復伊朗企圖在海峽增設水雷以及向我們位於約旦的軍事基地發
射8枚飛彈


川普指出伊朗布雷行動以失敗告終荷莫茲海峽內的水雷已全數清除或引爆襲擊美軍
基地的8枚飛彈也全數遭擊落他接著威脅如果失敗的伊朗膽敢報復這次完全正當的
攻擊我們就會再打一次而且會打得更狠層級更高但那還不是規模最大的一次


川普最後警告更大的攻擊已經蓄勢待發等到打完伊朗將所剩無幾


連結


負責指揮美國在中東部隊的美國中央司令部CENTCOM宣布完成新一輪攻擊表示美軍
打擊伊朗革命衛隊目標包括防空設施雷達系統海上資產與設施布雷能力及通訊設
施並稱這是為了回應革命衛隊近期企圖攻擊荷莫茲海峽商業航運及美國軍人


連結


福斯新聞引述伊朗國營法爾斯通訊社報導伊朗革命衛隊警告美國將會後悔發動新的
攻擊半島電視台報導革命衛隊表示已發動彈道飛彈攻擊鎖定約旦阿卡巴灣附近
提廷營Camp Titin的美國陸戰隊營區並宣稱造成多名美軍死亡摧毀營區內數處
設施和敵方攻擊直升機


伊朗軍方也表示已對巴林謝赫伊薩空軍基地Sheikh Isa Airbase的雷達設施及據稱
有美軍駐紮的區域發動一波無人機攻擊革命衛隊表示將繼續報復美國對伊朗南部的攻
擊伊朗軍方則誓言如果再遭攻擊將作出毀滅性且廣泛的回應約旦軍方則表示
已攔截13枚進入領空的彈道飛彈科威特也通報對抗敵對無人機


布蘭特原油目前49 9606
看來川普不想選舉了
油價壓不下來  通膨壓不下來  升息  股市崩崩
丸子 蒸的丸子jpg","['美伊', '三天', '二度', '交火', '川普', '攻擊', '在後頭', '伊朗', '反擊', '基地', '20260902', '073420', '周辰陽', '美國', '伊朗', '持續', '爭奪', '荷莫茲海峽', '控制', '本周', '戰鬥', '再度', '升溫', '三天', '二度', '交火', '伊朗', '目標', '發動', '一輪', '攻擊', '伊朗', '則向', '波斯', '各地', '發射', '飛彈', '無人機', '回應', '華爾街', '日報', '報導', '美國', '30', '日才', '拉拉', '克島', 'Larak', 'Island', '發動', '發制', '攻擊', '稱德', '黑蘭', '方面', '正準備', '荷莫茲海峽', '發射', '火箭', '布雷', '伊朗', '隨後向', '基地', '發射', '飛彈', '美國', '統川普', '表示', '最新', '一輪', '行動', '伊朗', '上周末', '企圖', '海峽', '布雷', '以及', '鎖定', '中東', '區美國', '軍人', '發動', '攻擊', '川普', '真實', '社群', '寫道', '美國現', '正在', '攻擊', '荷莫茲海峽', '附近', '伊朗', '目標', '這波', '攻擊', '規模', '火力', '很強', '伊朗', '企圖', '海峽', '增設', '水雷', '以及', '我們', '約旦', '軍事', '基地', '飛彈', '川普', '指出', '伊朗', '布雷', '行動', '失敗', '告終', '荷莫茲海峽', '水雷', '全數', '清除', '引爆', '襲擊', '基地', '飛彈', '全數', '遭擊落', '接著', '威脅', '如果', '失敗', '伊朗', '膽敢', '這次', '完全', '正當', '攻擊', '我們', '一次', '而且', '狠層級', '那還', '不是', '規模', '最大', '一次', '川普', '警告', '更大', '攻擊', '經蓄', '勢待發', '等到', '伊朗', '所剩', '無幾', '連結', '負責', '指揮', '美國', '東部隊', '美國', '中央', '司令部', 'CENTCOM', '宣布', '完成', '新一輪', '攻擊', '表示', '打擊', '伊朗', '革命', '衛隊', '目標', '包括', '防空', '設施', '雷達', '系統', '海上', '資產', '設施', '布雷', '能力', '通訊設', '施並', '這是', '回應', '革命', '衛隊', '近期', '企圖', '攻擊', '荷莫茲海峽', '商業', '航運及', '美國', '軍人', '連結', '福斯', '新聞', '引述', '伊朗', '國營', '法爾斯', '通訊社', '報導', '伊朗', '革命', '衛隊', '警告', '美國', '將會後悔', '發動', '攻擊', '半島', '電視台', '報導', '革命', '衛隊', '表示', '發動彈', '飛彈', '攻擊鎖定', '約旦', '阿卡', '巴灣', '附近', '提廷營', 'Camp', 'Titin', '美國陸', '戰隊', '營區', '並宣稱', '造成', '多名', '死亡', '摧毀', '營區', '內數', '設施', '敵方', '攻擊', '直升', '伊朗', '軍方', '表示', '巴林', '謝赫', '伊薩空', '基地', 'Sheikh', 'Isa', 'Airbase', '雷達', '設施', '美軍駐', '區域', '發動', '一波', '無人機', '攻擊', '革命', '衛隊', '表示', '將繼續', '美國', '伊朗', '南部', '伊朗', '軍方則', '誓言', '如果', '攻擊將', '作出', '毀滅', '性且', '廣泛', '回應', '約旦', '軍方則', '表示', '攔截', '13', '進入', '領空', '彈道', '飛彈', '科威特', '通報', '抗敵', '無人機', '布蘭特', '原油', '目前', '49', '9606', '看來川普', '不想', '選舉', '油價壓', '不下', '通膨壓', '不下', '升息', '股市', '崩崩', '丸子', '丸子', 'jpg']",Positive,0.7824950218200684
M.1788309004.A.35A,[閒聊] 2026/09/02 盤中閒聊,laptic,2026-09-02 08:30:00,爆,https://www.ptt.cc/bbs/Stock/M.1788309004.A.35A.html,"==================115/09/02台股資訊重點整理，供股民做投資參考=================


台指期未平倉口數 自營商  () 投信  () 外資  ()
台指選未平倉口數 自營商 () 投信  () 外資  ( )




==============================================================================



--

明雕誓諾長白世，利貴懸薄殊忘懷；

取義蜿折盤周弛，昂步銳行天下擓。




作者：瓜てぃ (@uriuritei)



--

長亭外，古道邊，芳草碧連天。晚風拂柳笛聲殘，夕陽山外山。
天之涯，地之角，知交半零落。一壺濁酒盡餘歡，今宵別夢寒。
長亭外，古道邊，芳草碧連天。問君此去幾時還，來時莫徘徊。
天之涯，地之角，知交半零落。人生難得是歡聚，惟有別離多。
　　　　　　　　　　　　　　　　　　　　　　　　　　——【現代】李叔同《送別》

--","1150902台股資訊重點整理供股民做投資參考


台指期未平倉口數 自營商   投信   外資  
台指選未平倉口數 自營商  投信   外資   










明雕誓諾長白世利貴懸薄殊忘懷

取義蜿折盤周弛昂步銳行天下擓




作者瓜 uriuritei","['1150902', '台股', '資訊', '重點', '整理', '股民', '投資', '參考', '指期', '未平', '倉口數', '自營商', '投信', '外資', '台指', '選未平', '倉口數', '自營商', '投信', '外資', '明雕', '誓諾長', '白世利貴', '懸薄殊', '忘懷', '取義', '蜿折盤', '周弛', '昂步銳', '行天下', '作者', 'uriuritei']",Positive,0.9723492860794067
M.1788282480.A.470,[標的] 3659 百辰 討論,babyno,2026-09-02 01:07:58,16,https://www.ptt.cc/bbs/Stock/M.1788282480.A.470.html,"標的：百辰
分類：討論
正文：是家做電腦鏡頭的公司，8/31發訊息要下櫃，但是獨董發訊息說（下櫃原因是證卷商不續約）

證卷商不續約感覺有什麼問題，但是公司8/31還發了訊息，要再中國買土地，9/1股價大跌

我在想明天要不要開盤拋售，但是要虧不少錢，這個有沒有可能有轉機
-----
Sent from JPTT on my iPhone

--
我想買鏡頭模組公司，比較便宜的應該就這家了吧，那個時候的想法
其實如果不在意賠錢蠻好跑的，有人在吃貨的感覺
我9.看盤就跑了，賠了大概30%好痛
那東西食之無味 棄之可惜，只要有電腦就會需要鏡頭，理論上只要電腦狀態不進化，就會永續需要
除非出現轉機，但是80%的股票在8個人手上，只有20%在外面流通，這個股東會開不開意義不大，基本上那8個人說了就算數，下櫃以後想要買賣，對散戶而言根本就是不可能，如果真的買了，祝你發財","標的百辰
分類討論
正文是家做電腦鏡頭的公司831發訊息要下櫃但是獨董發訊息說下櫃原因是證卷商不續約

證卷商不續約感覺有什麼問題但是公司831還發了訊息要再中國買土地91股價大跌

我在想明天要不要開盤拋售但是要虧不少錢這個有沒有可能有轉機

Sent from JPTT on my iPhone","['百辰', '分類', '討論', '正文', '電腦', '鏡頭', '公司', '831', '發訊息', '下櫃', '但是', '獨董', '發訊息', '下櫃', '原因', '是證', '卷商', '不續', '卷商', '不續', '感覺', '什麼', '問題', '但是', '公司', '831', '還發', '訊息', '中國', '土地', '91', '股價', '大跌', '明天', '不要', '開盤', '拋售', '但是', '不少', '這個', '可能', '轉機', 'Sent', 'from', 'JPTT', 'on', 'my', 'iPhone']",Positive,0.9406890869140625
